image_path,label
/home/sivabharathi/Documents/FinalYearProject/CocoCare/ml/data/raw/mendeley/Bud Rot/BudRot019.jpg,Bud Rot
/home/sivabharathi/Documents/FinalYearProject/CocoCare/ml/data/raw/mendeley/Stem Bleeding/StemBleeding171.jpg,Stem Bleeding
/home/sivabharathi/Documents/FinalYearProject/CocoCare/ml/data/raw/mendeley/Gray Leaf Spot/GrayLeafSpot1663.jpg,Gray Leaf Spot
/home/sivabharathi/Documents/FinalYearProject/CocoCare/ml/data/raw/mendeley/Bud Root Dropping/BudRootDropping341.jpg,Bud Root Dropping
/home/sivabharathi/Documents/FinalYearProject/CocoCare/ml/data/raw/mendeley/Gray Leaf Spot/GrayLeafSpot1845.jpg,Gray Leaf Spot
/home/sivabharathi/Documents/FinalYearProject/CocoCare/ml/data/raw/mendeley/Bud Rot/BudRot017.jpg,Bud Rot
/home/sivabharathi/Documents/FinalYearProject/CocoCare/ml/data/raw/mendeley/Leaf Rot/LeafRot819.jpg,Leaf Rot
/home/sivabharathi/Documents/FinalYearProject/CocoCare/ml/data/raw/mendeley/Bud Root Dropping/BudRootDropping494.jpg,Bud Root Dropping
/home/sivabharathi/Documents/FinalYearProject/CocoCare/ml/data/raw/mendeley/Bud Rot/BudRot289.jpg,Bud Rot
/home/sivabharathi/Documents/FinalYearProject/CocoCare/ml/data/raw/mendeley/Leaf Rot/LeafRot886.jpg,Leaf Rot
/home/sivabharathi/Documents/FinalYearProject/CocoCare/ml/data/raw/mendeley/Bud Rot/BudRot451.jpg,Bud Rot
/home/sivabharathi/Documents/FinalYearProject/CocoCare/ml/data/raw/mendeley/Leaf Rot/LeafRot1407.jpg,Leaf Rot
/home/sivabharathi/Documents/FinalYearProject/CocoCare/ml/data/raw/mendeley/Gray Leaf Spot/GrayLeafSpot538.jpg,Gray Leaf Spot
/home/sivabharathi/Documents/FinalYearProject/CocoCare/ml/data/raw/mendeley/Stem Bleeding/StemBleeding780.jpg,Stem Bleeding
/home/sivabharathi/Documents/FinalYearProject/CocoCare/ml/data/raw/mendeley/Bud Root Dropping/BudRootDropping364.jpg,Bud Root Dropping
/home/sivabharathi/Documents/FinalYearProject/CocoCare/ml/data/raw/mendeley/Bud Root Dropping/BudRootDropping480.jpg,Bud Root Dropping
/home/sivabharathi/Documents/FinalYearProject/CocoCare/ml/data/raw/mendeley/Stem Bleeding/StemBleeding127.jpg,Stem Bleeding
/home/sivabharathi/Documents/FinalYearProject/CocoCare/ml/data/raw/mendeley/Leaf Rot/LeafRot455.jpg,Leaf Rot
/home/sivabharathi/Documents/FinalYearProject/CocoCare/ml/data/raw/mendeley/Gray Leaf Spot/GrayLeafSpot1753.jpg,Gray Leaf Spot
/home/sivabharathi/Documents/FinalYearProject/CocoCare/ml/data/raw/mendeley/Gray Leaf Spot/GrayLeafSpot1804.jpg,Gray Leaf Spot
/home/sivabharathi/Documents/FinalYearProject/CocoCare/ml/data/raw/mendeley/Stem Bleeding/StemBleeding055.jpg,Stem Bleeding
/home/sivabharathi/Documents/FinalYearProject/CocoCare/ml/data/raw/mendeley/Leaf Rot/LeafRot1284.jpg,Leaf Rot
/home/sivabharathi/Documents/FinalYearProject/CocoCare/ml/data/raw/mendeley/Gray Leaf Spot/GrayLeafSpot797.jpg,Gray Leaf Spot
/home/sivabharathi/Documents/FinalYearProject/CocoCare/ml/data/raw/mendeley/Gray Leaf Spot/GrayLeafSpot1576.jpg,Gray Leaf Spot
/home/sivabharathi/Documents/FinalYearProject/CocoCare/ml/data/raw/mendeley/Gray Leaf Spot/GrayLeafSpot875.jpg,Gray Leaf Spot
/home/sivabharathi/Documents/FinalYearProject/CocoCare/ml/data/raw/mendeley/Leaf Rot/LeafRot211.jpg,Leaf Rot
/home/sivabharathi/Documents/FinalYearProject/CocoCare/ml/data/raw/mendeley/Gray Leaf Spot/GrayLeafSpot861.jpg,Gray Leaf Spot
/home/sivabharathi/Documents/FinalYearProject/CocoCare/ml/data/raw/mendeley/Gray Leaf Spot/GrayLeafSpot1507.jpg,Gray Leaf Spot
/home/sivabharathi/Documents/FinalYearProject/CocoCare/ml/data/raw/mendeley/Leaf Rot/LeafRot1437.jpg,Leaf Rot
/home/sivabharathi/Documents/FinalYearProject/CocoCare/ml/data/raw/mendeley/Bud Root Dropping/BudRootDropping035.jpg,Bud Root Dropping
/home/sivabharathi/Documents/FinalYearProject/CocoCare/ml/data/raw/mendeley/Leaf Rot/LeafRot219.jpg,Leaf Rot
/home/sivabharathi/Documents/FinalYearProject/CocoCare/ml/data/raw/mendeley/Stem Bleeding/StemBleeding419.jpg,Stem Bleeding
/home/sivabharathi/Documents/FinalYearProject/CocoCare/ml/data/raw/mendeley/Gray Leaf Spot/GrayLeafSpot1867.jpg,Gray Leaf Spot
/home/sivabharathi/Documents/FinalYearProject/CocoCare/ml/data/raw/mendeley/Leaf Rot/LeafRot435.jpg,Leaf Rot
/home/sivabharathi/Documents/FinalYearProject/CocoCare/ml/data/raw/mendeley/Leaf Rot/LeafRot139.jpg,Leaf Rot
/home/sivabharathi/Documents/FinalYearProject/CocoCare/ml/data/raw/mendeley/Leaf Rot/LeafRot419.jpg,Leaf Rot
/home/sivabharathi/Documents/FinalYearProject/CocoCare/ml/data/raw/mendeley/Bud Rot/BudRot361.jpg,Bud Rot
/home/sivabharathi/Documents/FinalYearProject/CocoCare/ml/data/raw/mendeley/Bud Rot/BudRot171.jpg,Bud Rot
/home/sivabharathi/Documents/FinalYearProject/CocoCare/ml/data/raw/mendeley/Leaf Rot/LeafRot1445.jpg,Leaf Rot
/home/sivabharathi/Documents/FinalYearProject/CocoCare/ml/data/raw/mendeley/Stem Bleeding/StemBleeding089.jpg,Stem Bleeding
/home/sivabharathi/Documents/FinalYearProject/CocoCare/ml/data/raw/mendeley/Stem Bleeding/StemBleeding474.jpg,Stem Bleeding
/home/sivabharathi/Documents/FinalYearProject/CocoCare/ml/data/raw/mendeley/Stem Bleeding/StemBleeding792.jpg,Stem Bleeding
/home/sivabharathi/Documents/FinalYearProject/CocoCare/ml/data/raw/mendeley/Gray Leaf Spot/GrayLeafSpot1539.jpg,Gray Leaf Spot
/home/sivabharathi/Documents/FinalYearProject/CocoCare/ml/data/raw/mendeley/Gray Leaf Spot/GrayLeafSpot1685.jpg,Gray Leaf Spot
/home/sivabharathi/Documents/FinalYearProject/CocoCare/ml/data/raw/mendeley/Bud Rot/BudRot185.jpg,Bud Rot
/home/sivabharathi/Documents/FinalYearProject/CocoCare/ml/data/raw/mendeley/Leaf Rot/LeafRot1334.jpg,Leaf Rot
/home/sivabharathi/Documents/FinalYearProject/CocoCare/ml/data/raw/mendeley/Gray Leaf Spot/GrayLeafSpot1855.jpg,Gray Leaf Spot
/home/sivabharathi/Documents/FinalYearProject/CocoCare/ml/data/raw/mendeley/Leaf Rot/LeafRot333.jpg,Leaf Rot
/home/sivabharathi/Documents/FinalYearProject/CocoCare/ml/data/raw/mendeley/Leaf Rot/LeafRot684.jpg,Leaf Rot
/home/sivabharathi/Documents/FinalYearProject/CocoCare/ml/data/raw/mendeley/Leaf Rot/LeafRot1310.jpg,Leaf Rot
/home/sivabharathi/Documents/FinalYearProject/CocoCare/ml/data/raw/mendeley/Leaf Rot/LeafRot821.jpg,Leaf Rot
/home/sivabharathi/Documents/FinalYearProject/CocoCare/ml/data/raw/mendeley/Stem Bleeding/StemBleeding992.jpg,Stem Bleeding
/home/sivabharathi/Documents/FinalYearProject/CocoCare/ml/data/raw/mendeley/Leaf Rot/LeafRot1645.jpg,Leaf Rot
/home/sivabharathi/Documents/FinalYearProject/CocoCare/ml/data/raw/mendeley/Bud Root Dropping/BudRootDropping429.jpg,Bud Root Dropping
/home/sivabharathi/Documents/FinalYearProject/CocoCare/ml/data/raw/mendeley/Leaf Rot/LeafRot1635.jpg,Leaf Rot
/home/sivabharathi/Documents/FinalYearProject/CocoCare/ml/data/raw/mendeley/Leaf Rot/LeafRot718.jpg,Leaf Rot
/home/sivabharathi/Documents/FinalYearProject/CocoCare/ml/data/raw/mendeley/Gray Leaf Spot/GrayLeafSpot322.jpg,Gray Leaf Spot
/home/sivabharathi/Documents/FinalYearProject/CocoCare/ml/data/raw/mendeley/Bud Rot/BudRot130.jpg,Bud Rot
/home/sivabharathi/Documents/FinalYearProject/CocoCare/ml/data/raw/mendeley/Leaf Rot/LeafRot872.jpg,Leaf Rot
/home/sivabharathi/Documents/FinalYearProject/CocoCare/ml/data/raw/mendeley/Stem Bleeding/StemBleeding501.jpg,Stem Bleeding
/home/sivabharathi/Documents/FinalYearProject/CocoCare/ml/data/raw/mendeley/Leaf Rot/LeafRot1066.jpg,Leaf Rot
/home/sivabharathi/Documents/FinalYearProject/CocoCare/ml/data/raw/mendeley/Stem Bleeding/StemBleeding352.jpg,Stem Bleeding
/home/sivabharathi/Documents/FinalYearProject/CocoCare/ml/data/raw/mendeley/Leaf Rot/LeafRot1191.jpg,Leaf Rot
/home/sivabharathi/Documents/FinalYearProject/CocoCare/ml/data/raw/mendeley/Gray Leaf Spot/GrayLeafSpot1253.jpg,Gray Leaf Spot
/home/sivabharathi/Documents/FinalYearProject/CocoCare/ml/data/raw/mendeley/Gray Leaf Spot/GrayLeafSpot1705.jpg,Gray Leaf Spot
/home/sivabharathi/Documents/FinalYearProject/CocoCare/ml/data/raw/mendeley/Gray Leaf Spot/GrayLeafSpot685.jpg,Gray Leaf Spot
/home/sivabharathi/Documents/FinalYearProject/CocoCare/ml/data/raw/mendeley/Bud Root Dropping/BudRootDropping078.jpg,Bud Root Dropping
/home/sivabharathi/Documents/FinalYearProject/CocoCare/ml/data/raw/mendeley/Gray Leaf Spot/GrayLeafSpot348.jpg,Gray Leaf Spot
/home/sivabharathi/Documents/FinalYearProject/CocoCare/ml/data/raw/mendeley/Gray Leaf Spot/GrayLeafSpot179.jpg,Gray Leaf Spot
/home/sivabharathi/Documents/FinalYearProject/CocoCare/ml/data/raw/mendeley/Gray Leaf Spot/GrayLeafSpot684.jpg,Gray Leaf Spot
/home/sivabharathi/Documents/FinalYearProject/CocoCare/ml/data/raw/mendeley/Gray Leaf Spot/GrayLeafSpot490.jpg,Gray Leaf Spot
/home/sivabharathi/Documents/FinalYearProject/CocoCare/ml/data/raw/mendeley/Bud Rot/BudRot385.jpg,Bud Rot
/home/sivabharathi/Documents/FinalYearProject/CocoCare/ml/data/raw/mendeley/Bud Rot/BudRot164.jpg,Bud Rot
/home/sivabharathi/Documents/FinalYearProject/CocoCare/ml/data/raw/mendeley/Stem Bleeding/StemBleeding082.jpg,Stem Bleeding
/home/sivabharathi/Documents/FinalYearProject/CocoCare/ml/data/raw/mendeley/Leaf Rot/LeafRot683.jpg,Leaf Rot
/home/sivabharathi/Documents/FinalYearProject/CocoCare/ml/data/raw/mendeley/Leaf Rot/LeafRot1616.jpg,Leaf Rot
/home/sivabharathi/Documents/FinalYearProject/CocoCare/ml/data/raw/mendeley/Stem Bleeding/StemBleeding206.jpg,Stem Bleeding
/home/sivabharathi/Documents/FinalYearProject/CocoCare/ml/data/raw/mendeley/Gray Leaf Spot/GrayLeafSpot195.jpg,Gray Leaf Spot
/home/sivabharathi/Documents/FinalYearProject/CocoCare/ml/data/raw/mendeley/Leaf Rot/LeafRot307.jpg,Leaf Rot
/home/sivabharathi/Documents/FinalYearProject/CocoCare/ml/data/raw/mendeley/Gray Leaf Spot/GrayLeafSpot772.jpg,Gray Leaf Spot
/home/sivabharathi/Documents/FinalYearProject/CocoCare/ml/data/raw/mendeley/Gray Leaf Spot/GrayLeafSpot1397.jpg,Gray Leaf Spot
/home/sivabharathi/Documents/FinalYearProject/CocoCare/ml/data/raw/mendeley/Bud Root Dropping/BudRootDropping358.jpg,Bud Root Dropping
/home/sivabharathi/Documents/FinalYearProject/CocoCare/ml/data/raw/mendeley/Stem Bleeding/StemBleeding220.jpg,Stem Bleeding
/home/sivabharathi/Documents/FinalYearProject/CocoCare/ml/data/raw/mendeley/Bud Rot/BudRot079.jpg,Bud Rot
/home/sivabharathi/Documents/FinalYearProject/CocoCare/ml/data/raw/mendeley/Gray Leaf Spot/GrayLeafSpot096.jpg,Gray Leaf Spot
/home/sivabharathi/Documents/FinalYearProject/CocoCare/ml/data/raw/mendeley/Leaf Rot/LeafRot1666.jpg,Leaf Rot
/home/sivabharathi/Documents/FinalYearProject/CocoCare/ml/data/raw/mendeley/Bud Root Dropping/BudRootDropping416.jpg,Bud Root Dropping
/home/sivabharathi/Documents/FinalYearProject/CocoCare/ml/data/raw/mendeley/Leaf Rot/LeafRot1570.jpg,Leaf Rot
/home/sivabharathi/Documents/FinalYearProject/CocoCare/ml/data/raw/mendeley/Leaf Rot/LeafRot1058.jpg,Leaf Rot
/home/sivabharathi/Documents/FinalYearProject/CocoCare/ml/data/raw/mendeley/Leaf Rot/LeafRot1606.jpg,Leaf Rot
/home/sivabharathi/Documents/FinalYearProject/CocoCare/ml/data/raw/mendeley/Bud Root Dropping/BudRootDropping443.jpg,Bud Root Dropping
/home/sivabharathi/Documents/FinalYearProject/CocoCare/ml/data/raw/mendeley/Gray Leaf Spot/GrayLeafSpot1585.jpg,Gray Leaf Spot
/home/sivabharathi/Documents/FinalYearProject/CocoCare/ml/data/raw/mendeley/Bud Root Dropping/BudRootDropping307.jpg,Bud Root Dropping
/home/sivabharathi/Documents/FinalYearProject/CocoCare/ml/data/raw/mendeley/Gray Leaf Spot/GrayLeafSpot686.jpg,Gray Leaf Spot
/home/sivabharathi/Documents/FinalYearProject/CocoCare/ml/data/raw/mendeley/Gray Leaf Spot/GrayLeafSpot288.jpg,Gray Leaf Spot
/home/sivabharathi/Documents/FinalYearProject/CocoCare/ml/data/raw/mendeley/Bud Root Dropping/BudRootDropping211.jpg,Bud Root Dropping
/home/sivabharathi/Documents/FinalYearProject/CocoCare/ml/data/raw/mendeley/Gray Leaf Spot/GrayLeafSpot290.jpg,Gray Leaf Spot
/home/sivabharathi/Documents/FinalYearProject/CocoCare/ml/data/raw/mendeley/Leaf Rot/LeafRot329.jpg,Leaf Rot
/home/sivabharathi/Documents/FinalYearProject/CocoCare/ml/data/raw/mendeley/Stem Bleeding/StemBleeding215.jpg,Stem Bleeding
/home/sivabharathi/Documents/FinalYearProject/CocoCare/ml/data/raw/mendeley/Gray Leaf Spot/GrayLeafSpot286.jpg,Gray Leaf Spot
/home/sivabharathi/Documents/FinalYearProject/CocoCare/ml/data/raw/mendeley/Stem Bleeding/StemBleeding883.jpg,Stem Bleeding
/home/sivabharathi/Documents/FinalYearProject/CocoCare/ml/data/raw/mendeley/Leaf Rot/LeafRot335.jpg,Leaf Rot
/home/sivabharathi/Documents/FinalYearProject/CocoCare/ml/data/raw/mendeley/Bud Root Dropping/BudRootDropping152.jpg,Bud Root Dropping
/home/sivabharathi/Documents/FinalYearProject/CocoCare/ml/data/raw/mendeley/Gray Leaf Spot/GrayLeafSpot728.jpg,Gray Leaf Spot
/home/sivabharathi/Documents/FinalYearProject/CocoCare/ml/data/raw/mendeley/Gray Leaf Spot/GrayLeafSpot1311.jpg,Gray Leaf Spot
/home/sivabharathi/Documents/FinalYearProject/CocoCare/ml/data/raw/mendeley/Gray Leaf Spot/GrayLeafSpot847.jpg,Gray Leaf Spot
/home/sivabharathi/Documents/FinalYearProject/CocoCare/ml/data/raw/mendeley/Gray Leaf Spot/GrayLeafSpot1346.jpg,Gray Leaf Spot
/home/sivabharathi/Documents/FinalYearProject/CocoCare/ml/data/raw/mendeley/Gray Leaf Spot/GrayLeafSpot063.jpg,Gray Leaf Spot
/home/sivabharathi/Documents/FinalYearProject/CocoCare/ml/data/raw/mendeley/Gray Leaf Spot/GrayLeafSpot439.jpg,Gray Leaf Spot
/home/sivabharathi/Documents/FinalYearProject/CocoCare/ml/data/raw/mendeley/Stem Bleeding/StemBleeding464.jpg,Stem Bleeding
/home/sivabharathi/Documents/FinalYearProject/CocoCare/ml/data/raw/mendeley/Gray Leaf Spot/GrayLeafSpot971.jpg,Gray Leaf Spot
/home/sivabharathi/Documents/FinalYearProject/CocoCare/ml/data/raw/mendeley/Gray Leaf Spot/GrayLeafSpot1025.jpg,Gray Leaf Spot
/home/sivabharathi/Documents/FinalYearProject/CocoCare/ml/data/raw/mendeley/Leaf Rot/LeafRot005.jpg,Leaf Rot
/home/sivabharathi/Documents/FinalYearProject/CocoCare/ml/data/raw/mendeley/Leaf Rot/LeafRot579.jpg,Leaf Rot
/home/sivabharathi/Documents/FinalYearProject/CocoCare/ml/data/raw/mendeley/Leaf Rot/LeafRot187.jpg,Leaf Rot
/home/sivabharathi/Documents/FinalYearProject/CocoCare/ml/data/raw/mendeley/Bud Rot/BudRot187.jpg,Bud Rot
/home/sivabharathi/Documents/FinalYearProject/CocoCare/ml/data/raw/mendeley/Gray Leaf Spot/GrayLeafSpot2064.jpg,Gray Leaf Spot
/home/sivabharathi/Documents/FinalYearProject/CocoCare/ml/data/raw/mendeley/Gray Leaf Spot/GrayLeafSpot1777.jpg,Gray Leaf Spot
/home/sivabharathi/Documents/FinalYearProject/CocoCare/ml/data/raw/mendeley/Gray Leaf Spot/GrayLeafSpot209.jpg,Gray Leaf Spot
/home/sivabharathi/Documents/FinalYearProject/CocoCare/ml/data/raw/mendeley/Leaf Rot/LeafRot964.jpg,Leaf Rot
/home/sivabharathi/Documents/FinalYearProject/CocoCare/ml/data/raw/mendeley/Bud Root Dropping/BudRootDropping270.jpg,Bud Root Dropping
/home/sivabharathi/Documents/FinalYearProject/CocoCare/ml/data/raw/mendeley/Leaf Rot/LeafRot769.jpg,Leaf Rot
/home/sivabharathi/Documents/FinalYearProject/CocoCare/ml/data/raw/mendeley/Stem Bleeding/StemBleeding090.jpg,Stem Bleeding
/home/sivabharathi/Documents/FinalYearProject/CocoCare/ml/data/raw/mendeley/Stem Bleeding/StemBleeding790.jpg,Stem Bleeding
/home/sivabharathi/Documents/FinalYearProject/CocoCare/ml/data/raw/mendeley/Gray Leaf Spot/GrayLeafSpot469.jpg,Gray Leaf Spot
/home/sivabharathi/Documents/FinalYearProject/CocoCare/ml/data/raw/mendeley/Leaf Rot/LeafRot1462.jpg,Leaf Rot
/home/sivabharathi/Documents/FinalYearProject/CocoCare/ml/data/raw/mendeley/Leaf Rot/LeafRot878.jpg,Leaf Rot
/home/sivabharathi/Documents/FinalYearProject/CocoCare/ml/data/raw/mendeley/Gray Leaf Spot/GrayLeafSpot507.jpg,Gray Leaf Spot
/home/sivabharathi/Documents/FinalYearProject/CocoCare/ml/data/raw/mendeley/Gray Leaf Spot/GrayLeafSpot1607.jpg,Gray Leaf Spot
/home/sivabharathi/Documents/FinalYearProject/CocoCare/ml/data/raw/mendeley/Leaf Rot/LeafRot1043.jpg,Leaf Rot
/home/sivabharathi/Documents/FinalYearProject/CocoCare/ml/data/raw/mendeley/Gray Leaf Spot/GrayLeafSpot429.jpg,Gray Leaf Spot
/home/sivabharathi/Documents/FinalYearProject/CocoCare/ml/data/raw/mendeley/Stem Bleeding/StemBleeding303.jpg,Stem Bleeding
/home/sivabharathi/Documents/FinalYearProject/CocoCare/ml/data/raw/mendeley/Leaf Rot/LeafRot1553.jpg,Leaf Rot
/home/sivabharathi/Documents/FinalYearProject/CocoCare/ml/data/raw/mendeley/Leaf Rot/LeafRot1427.jpg,Leaf Rot
/home/sivabharathi/Documents/FinalYearProject/CocoCare/ml/data/raw/mendeley/Gray Leaf Spot/GrayLeafSpot227.jpg,Gray Leaf Spot
/home/sivabharathi/Documents/FinalYearProject/CocoCare/ml/data/raw/mendeley/Leaf Rot/LeafRot971.jpg,Leaf Rot
/home/sivabharathi/Documents/FinalYearProject/CocoCare/ml/data/raw/mendeley/Leaf Rot/LeafRot1542.jpg,Leaf Rot
/home/sivabharathi/Documents/FinalYearProject/CocoCare/ml/data/raw/mendeley/Gray Leaf Spot/GrayLeafSpot2070.jpg,Gray Leaf Spot
/home/sivabharathi/Documents/FinalYearProject/CocoCare/ml/data/raw/mendeley/Leaf Rot/LeafRot1412.jpg,Leaf Rot
/home/sivabharathi/Documents/FinalYearProject/CocoCare/ml/data/raw/mendeley/Gray Leaf Spot/GrayLeafSpot1688.jpg,Gray Leaf Spot
/home/sivabharathi/Documents/FinalYearProject/CocoCare/ml/data/raw/mendeley/Leaf Rot/LeafRot1285.jpg,Leaf Rot
/home/sivabharathi/Documents/FinalYearProject/CocoCare/ml/data/raw/mendeley/Stem Bleeding/StemBleeding361.jpg,Stem Bleeding
/home/sivabharathi/Documents/FinalYearProject/CocoCare/ml/data/raw/mendeley/Leaf Rot/LeafRot865.jpg,Leaf Rot
/home/sivabharathi/Documents/FinalYearProject/CocoCare/ml/data/raw/mendeley/Bud Rot/BudRot150.jpg,Bud Rot
/home/sivabharathi/Documents/FinalYearProject/CocoCare/ml/data/raw/mendeley/Stem Bleeding/StemBleeding250.jpg,Stem Bleeding
/home/sivabharathi/Documents/FinalYearProject/CocoCare/ml/data/raw/mendeley/Stem Bleeding/StemBleeding694.jpg,Stem Bleeding
/home/sivabharathi/Documents/FinalYearProject/CocoCare/ml/data/raw/mendeley/Leaf Rot/LeafRot675.jpg,Leaf Rot
/home/sivabharathi/Documents/FinalYearProject/CocoCare/ml/data/raw/mendeley/Stem Bleeding/StemBleeding222.jpg,Stem Bleeding
/home/sivabharathi/Documents/FinalYearProject/CocoCare/ml/data/raw/mendeley/Gray Leaf Spot/GrayLeafSpot1222.jpg,Gray Leaf Spot
/home/sivabharathi/Documents/FinalYearProject/CocoCare/ml/data/raw/mendeley/Bud Rot/BudRot460.jpg,Bud Rot
/home/sivabharathi/Documents/FinalYearProject/CocoCare/ml/data/raw/mendeley/Leaf Rot/LeafRot1211.jpg,Leaf Rot
/home/sivabharathi/Documents/FinalYearProject/CocoCare/ml/data/raw/mendeley/Bud Root Dropping/BudRootDropping198.jpg,Bud Root Dropping
/home/sivabharathi/Documents/FinalYearProject/CocoCare/ml/data/raw/mendeley/Stem Bleeding/StemBleeding907.jpg,Stem Bleeding
/home/sivabharathi/Documents/FinalYearProject/CocoCare/ml/data/raw/mendeley/Gray Leaf Spot/GrayLeafSpot1500.jpg,Gray Leaf Spot
/home/sivabharathi/Documents/FinalYearProject/CocoCare/ml/data/raw/mendeley/Leaf Rot/LeafRot539.jpg,Leaf Rot
/home/sivabharathi/Documents/FinalYearProject/CocoCare/ml/data/raw/mendeley/Gray Leaf Spot/GrayLeafSpot1017.jpg,Gray Leaf Spot
/home/sivabharathi/Documents/FinalYearProject/CocoCare/ml/data/raw/mendeley/Gray Leaf Spot/GrayLeafSpot1932.jpg,Gray Leaf Spot
/home/sivabharathi/Documents/FinalYearProject/CocoCare/ml/data/raw/mendeley/Stem Bleeding/StemBleeding052.jpg,Stem Bleeding
/home/sivabharathi/Documents/FinalYearProject/CocoCare/ml/data/raw/mendeley/Leaf Rot/LeafRot1497.jpg,Leaf Rot
/home/sivabharathi/Documents/FinalYearProject/CocoCare/ml/data/raw/mendeley/Leaf Rot/LeafRot1100.jpg,Leaf Rot
/home/sivabharathi/Documents/FinalYearProject/CocoCare/ml/data/raw/mendeley/Leaf Rot/LeafRot823.jpg,Leaf Rot
/home/sivabharathi/Documents/FinalYearProject/CocoCare/ml/data/raw/mendeley/Gray Leaf Spot/GrayLeafSpot1740.jpg,Gray Leaf Spot
/home/sivabharathi/Documents/FinalYearProject/CocoCare/ml/data/raw/mendeley/Leaf Rot/LeafRot901.jpg,Leaf Rot
/home/sivabharathi/Documents/FinalYearProject/CocoCare/ml/data/raw/mendeley/Gray Leaf Spot/GrayLeafSpot1643.jpg,Gray Leaf Spot
/home/sivabharathi/Documents/FinalYearProject/CocoCare/ml/data/raw/mendeley/Stem Bleeding/StemBleeding410.jpg,Stem Bleeding
/home/sivabharathi/Documents/FinalYearProject/CocoCare/ml/data/raw/mendeley/Leaf Rot/LeafRot757.jpg,Leaf Rot
/home/sivabharathi/Documents/FinalYearProject/CocoCare/ml/data/raw/mendeley/Leaf Rot/LeafRot548.jpg,Leaf Rot
/home/sivabharathi/Documents/FinalYearProject/CocoCare/ml/data/raw/mendeley/Stem Bleeding/StemBleeding646.jpg,Stem Bleeding
/home/sivabharathi/Documents/FinalYearProject/CocoCare/ml/data/raw/mendeley/Bud Rot/BudRot364.jpg,Bud Rot
/home/sivabharathi/Documents/FinalYearProject/CocoCare/ml/data/raw/mendeley/Leaf Rot/LeafRot932.jpg,Leaf Rot
/home/sivabharathi/Documents/FinalYearProject/CocoCare/ml/data/raw/mendeley/Stem Bleeding/StemBleeding502.jpg,Stem Bleeding
/home/sivabharathi/Documents/FinalYearProject/CocoCare/ml/data/raw/mendeley/Leaf Rot/LeafRot242.jpg,Leaf Rot
/home/sivabharathi/Documents/FinalYearProject/CocoCare/ml/data/raw/mendeley/Leaf Rot/LeafRot721.jpg,Leaf Rot
/home/sivabharathi/Documents/FinalYearProject/CocoCare/ml/data/raw/mendeley/Leaf Rot/LeafRot577.jpg,Leaf Rot
/home/sivabharathi/Documents/FinalYearProject/CocoCare/ml/data/raw/mendeley/Leaf Rot/LeafRot804.jpg,Leaf Rot
/home/sivabharathi/Documents/FinalYearProject/CocoCare/ml/data/raw/mendeley/Stem Bleeding/StemBleeding760.jpg,Stem Bleeding
/home/sivabharathi/Documents/FinalYearProject/CocoCare/ml/data/raw/mendeley/Gray Leaf Spot/GrayLeafSpot799.jpg,Gray Leaf Spot
/home/sivabharathi/Documents/FinalYearProject/CocoCare/ml/data/raw/mendeley/Leaf Rot/LeafRot1591.jpg,Leaf Rot
/home/sivabharathi/Documents/FinalYearProject/CocoCare/ml/data/raw/mendeley/Gray Leaf Spot/GrayLeafSpot1294.jpg,Gray Leaf Spot
/home/sivabharathi/Documents/FinalYearProject/CocoCare/ml/data/raw/mendeley/Bud Root Dropping/BudRootDropping014.jpg,Bud Root Dropping
/home/sivabharathi/Documents/FinalYearProject/CocoCare/ml/data/raw/mendeley/Stem Bleeding/StemBleeding076.jpg,Stem Bleeding
/home/sivabharathi/Documents/FinalYearProject/CocoCare/ml/data/raw/mendeley/Gray Leaf Spot/GrayLeafSpot1452.jpg,Gray Leaf Spot
/home/sivabharathi/Documents/FinalYearProject/CocoCare/ml/data/raw/mendeley/Stem Bleeding/StemBleeding216.jpg,Stem Bleeding
/home/sivabharathi/Documents/FinalYearProject/CocoCare/ml/data/raw/mendeley/Gray Leaf Spot/GrayLeafSpot261.jpg,Gray Leaf Spot
/home/sivabharathi/Documents/FinalYearProject/CocoCare/ml/data/raw/mendeley/Leaf Rot/LeafRot523.jpg,Leaf Rot
/home/sivabharathi/Documents/FinalYearProject/CocoCare/ml/data/raw/mendeley/Gray Leaf Spot/GrayLeafSpot1064.jpg,Gray Leaf Spot
/home/sivabharathi/Documents/FinalYearProject/CocoCare/ml/data/raw/mendeley/Leaf Rot/LeafRot143.jpg,Leaf Rot
/home/sivabharathi/Documents/FinalYearProject/CocoCare/ml/data/raw/mendeley/Gray Leaf Spot/GrayLeafSpot800.jpg,Gray Leaf Spot
/home/sivabharathi/Documents/FinalYearProject/CocoCare/ml/data/raw/mendeley/Gray Leaf Spot/GrayLeafSpot1137.jpg,Gray Leaf Spot
/home/sivabharathi/Documents/FinalYearProject/CocoCare/ml/data/raw/mendeley/Gray Leaf Spot/GrayLeafSpot1217.jpg,Gray Leaf Spot
/home/sivabharathi/Documents/FinalYearProject/CocoCare/ml/data/raw/mendeley/Stem Bleeding/StemBleeding633.jpg,Stem Bleeding
/home/sivabharathi/Documents/FinalYearProject/CocoCare/ml/data/raw/mendeley/Bud Root Dropping/BudRootDropping146.jpg,Bud Root Dropping
/home/sivabharathi/Documents/FinalYearProject/CocoCare/ml/data/raw/mendeley/Gray Leaf Spot/GrayLeafSpot869.jpg,Gray Leaf Spot
/home/sivabharathi/Documents/FinalYearProject/CocoCare/ml/data/raw/mendeley/Gray Leaf Spot/GrayLeafSpot957.jpg,Gray Leaf Spot
/home/sivabharathi/Documents/FinalYearProject/CocoCare/ml/data/raw/mendeley/Gray Leaf Spot/GrayLeafSpot1583.jpg,Gray Leaf Spot
/home/sivabharathi/Documents/FinalYearProject/CocoCare/ml/data/raw/mendeley/Gray Leaf Spot/GrayLeafSpot1037.jpg,Gray Leaf Spot
/home/sivabharathi/Documents/FinalYearProject/CocoCare/ml/data/raw/mendeley/Stem Bleeding/StemBleeding476.jpg,Stem Bleeding
/home/sivabharathi/Documents/FinalYearProject/CocoCare/ml/data/raw/mendeley/Bud Root Dropping/BudRootDropping144.jpg,Bud Root Dropping
/home/sivabharathi/Documents/FinalYearProject/CocoCare/ml/data/raw/mendeley/Stem Bleeding/StemBleeding943.jpg,Stem Bleeding
/home/sivabharathi/Documents/FinalYearProject/CocoCare/ml/data/raw/mendeley/Stem Bleeding/StemBleeding229.jpg,Stem Bleeding
/home/sivabharathi/Documents/FinalYearProject/CocoCare/ml/data/raw/mendeley/Bud Rot/BudRot173.jpg,Bud Rot
/home/sivabharathi/Documents/FinalYearProject/CocoCare/ml/data/raw/mendeley/Gray Leaf Spot/GrayLeafSpot1487.jpg,Gray Leaf Spot
/home/sivabharathi/Documents/FinalYearProject/CocoCare/ml/data/raw/mendeley/Gray Leaf Spot/GrayLeafSpot1738.jpg,Gray Leaf Spot
/home/sivabharathi/Documents/FinalYearProject/CocoCare/ml/data/raw/mendeley/Gray Leaf Spot/GrayLeafSpot1710.jpg,Gray Leaf Spot
/home/sivabharathi/Documents/FinalYearProject/CocoCare/ml/data/raw/mendeley/Leaf Rot/LeafRot1247.jpg,Leaf Rot
/home/sivabharathi/Documents/FinalYearProject/CocoCare/ml/data/raw/mendeley/Gray Leaf Spot/GrayLeafSpot1283.jpg,Gray Leaf Spot
/home/sivabharathi/Documents/FinalYearProject/CocoCare/ml/data/raw/mendeley/Gray Leaf Spot/GrayLeafSpot1451.jpg,Gray Leaf Spot
/home/sivabharathi/Documents/FinalYearProject/CocoCare/ml/data/raw/mendeley/Bud Rot/BudRot355.jpg,Bud Rot
/home/sivabharathi/Documents/FinalYearProject/CocoCare/ml/data/raw/mendeley/Gray Leaf Spot/GrayLeafSpot1939.jpg,Gray Leaf Spot
/home/sivabharathi/Documents/FinalYearProject/CocoCare/ml/data/raw/mendeley/Gray Leaf Spot/GrayLeafSpot1303.jpg,Gray Leaf Spot
/home/sivabharathi/Documents/FinalYearProject/CocoCare/ml/data/raw/mendeley/Leaf Rot/LeafRot1448.jpg,Leaf Rot
/home/sivabharathi/Documents/FinalYearProject/CocoCare/ml/data/raw/mendeley/Leaf Rot/LeafRot1153.jpg,Leaf Rot
/home/sivabharathi/Documents/FinalYearProject/CocoCare/ml/data/raw/mendeley/Gray Leaf Spot/GrayLeafSpot717.jpg,Gray Leaf Spot
/home/sivabharathi/Documents/FinalYearProject/CocoCare/ml/data/raw/mendeley/Leaf Rot/LeafRot1467.jpg,Leaf Rot
/home/sivabharathi/Documents/FinalYearProject/CocoCare/ml/data/raw/mendeley/Stem Bleeding/StemBleeding374.jpg,Stem Bleeding
/home/sivabharathi/Documents/FinalYearProject/CocoCare/ml/data/raw/mendeley/Stem Bleeding/StemBleeding838.jpg,Stem Bleeding
/home/sivabharathi/Documents/FinalYearProject/CocoCare/ml/data/raw/mendeley/Stem Bleeding/StemBleeding480.jpg,Stem Bleeding
/home/sivabharathi/Documents/FinalYearProject/CocoCare/ml/data/raw/mendeley/Leaf Rot/LeafRot1363.jpg,Leaf Rot
/home/sivabharathi/Documents/FinalYearProject/CocoCare/ml/data/raw/mendeley/Stem Bleeding/StemBleeding972.jpg,Stem Bleeding
/home/sivabharathi/Documents/FinalYearProject/CocoCare/ml/data/raw/mendeley/Leaf Rot/LeafRot498.jpg,Leaf Rot
/home/sivabharathi/Documents/FinalYearProject/CocoCare/ml/data/raw/mendeley/Stem Bleeding/StemBleeding304.jpg,Stem Bleeding
/home/sivabharathi/Documents/FinalYearProject/CocoCare/ml/data/raw/mendeley/Stem Bleeding/StemBleeding758.jpg,Stem Bleeding
/home/sivabharathi/Documents/FinalYearProject/CocoCare/ml/data/raw/mendeley/Bud Root Dropping/BudRootDropping174.jpg,Bud Root Dropping
/home/sivabharathi/Documents/FinalYearProject/CocoCare/ml/data/raw/mendeley/Gray Leaf Spot/GrayLeafSpot293.jpg,Gray Leaf Spot
/home/sivabharathi/Documents/FinalYearProject/CocoCare/ml/data/raw/mendeley/Gray Leaf Spot/GrayLeafSpot670.jpg,Gray Leaf Spot
/home/sivabharathi/Documents/FinalYearProject/CocoCare/ml/data/raw/mendeley/Leaf Rot/LeafRot1169.jpg,Leaf Rot
/home/sivabharathi/Documents/FinalYearProject/CocoCare/ml/data/raw/mendeley/Gray Leaf Spot/GrayLeafSpot1978.jpg,Gray Leaf Spot
/home/sivabharathi/Documents/FinalYearProject/CocoCare/ml/data/raw/mendeley/Gray Leaf Spot/GrayLeafSpot1159.jpg,Gray Leaf Spot
/home/sivabharathi/Documents/FinalYearProject/CocoCare/ml/data/raw/mendeley/Leaf Rot/LeafRot791.jpg,Leaf Rot
/home/sivabharathi/Documents/FinalYearProject/CocoCare/ml/data/raw/mendeley/Bud Rot/BudRot069.jpg,Bud Rot
/home/sivabharathi/Documents/FinalYearProject/CocoCare/ml/data/raw/mendeley/Bud Root Dropping/BudRootDropping504.jpg,Bud Root Dropping
/home/sivabharathi/Documents/FinalYearProject/CocoCare/ml/data/raw/mendeley/Bud Root Dropping/BudRootDropping325.jpg,Bud Root Dropping
/home/sivabharathi/Documents/FinalYearProject/CocoCare/ml/data/raw/mendeley/Bud Root Dropping/BudRootDropping321.jpg,Bud Root Dropping
/home/sivabharathi/Documents/FinalYearProject/CocoCare/ml/data/raw/mendeley/Leaf Rot/LeafRot1032.jpg,Leaf Rot
/home/sivabharathi/Documents/FinalYearProject/CocoCare/ml/data/raw/mendeley/Gray Leaf Spot/GrayLeafSpot594.jpg,Gray Leaf Spot
/home/sivabharathi/Documents/FinalYearProject/CocoCare/ml/data/raw/mendeley/Gray Leaf Spot/GrayLeafSpot1124.jpg,Gray Leaf Spot
/home/sivabharathi/Documents/FinalYearProject/CocoCare/ml/data/raw/mendeley/Leaf Rot/LeafRot1558.jpg,Leaf Rot
/home/sivabharathi/Documents/FinalYearProject/CocoCare/ml/data/raw/mendeley/Leaf Rot/LeafRot155.jpg,Leaf Rot
/home/sivabharathi/Documents/FinalYearProject/CocoCare/ml/data/raw/mendeley/Gray Leaf Spot/GrayLeafSpot011.jpg,Gray Leaf Spot
/home/sivabharathi/Documents/FinalYearProject/CocoCare/ml/data/raw/mendeley/Leaf Rot/LeafRot837.jpg,Leaf Rot
/home/sivabharathi/Documents/FinalYearProject/CocoCare/ml/data/raw/mendeley/Bud Root Dropping/BudRootDropping314.jpg,Bud Root Dropping
/home/sivabharathi/Documents/FinalYearProject/CocoCare/ml/data/raw/mendeley/Gray Leaf Spot/GrayLeafSpot1065.jpg,Gray Leaf Spot
/home/sivabharathi/Documents/FinalYearProject/CocoCare/ml/data/raw/mendeley/Bud Root Dropping/BudRootDropping156.jpg,Bud Root Dropping
/home/sivabharathi/Documents/FinalYearProject/CocoCare/ml/data/raw/mendeley/Leaf Rot/LeafRot605.jpg,Leaf Rot
/home/sivabharathi/Documents/FinalYearProject/CocoCare/ml/data/raw/mendeley/Bud Root Dropping/BudRootDropping262.jpg,Bud Root Dropping
/home/sivabharathi/Documents/FinalYearProject/CocoCare/ml/data/raw/mendeley/Gray Leaf Spot/GrayLeafSpot1394.jpg,Gray Leaf Spot
/home/sivabharathi/Documents/FinalYearProject/CocoCare/ml/data/raw/mendeley/Stem Bleeding/StemBleeding571.jpg,Stem Bleeding
/home/sivabharathi/Documents/FinalYearProject/CocoCare/ml/data/raw/mendeley/Bud Root Dropping/BudRootDropping068.jpg,Bud Root Dropping
/home/sivabharathi/Documents/FinalYearProject/CocoCare/ml/data/raw/mendeley/Stem Bleeding/StemBleeding986.jpg,Stem Bleeding
/home/sivabharathi/Documents/FinalYearProject/CocoCare/ml/data/raw/mendeley/Bud Rot/BudRot159.jpg,Bud Rot
/home/sivabharathi/Documents/FinalYearProject/CocoCare/ml/data/raw/mendeley/Stem Bleeding/StemBleeding191.jpg,Stem Bleeding
/home/sivabharathi/Documents/FinalYearProject/CocoCare/ml/data/raw/mendeley/Leaf Rot/LeafRot123.jpg,Leaf Rot
/home/sivabharathi/Documents/FinalYearProject/CocoCare/ml/data/raw/mendeley/Gray Leaf Spot/GrayLeafSpot1179.jpg,Gray Leaf Spot
/home/sivabharathi/Documents/FinalYearProject/CocoCare/ml/data/raw/mendeley/Leaf Rot/LeafRot250.jpg,Leaf Rot
/home/sivabharathi/Documents/FinalYearProject/CocoCare/ml/data/raw/mendeley/Bud Root Dropping/BudRootDropping119.jpg,Bud Root Dropping
/home/sivabharathi/Documents/FinalYearProject/CocoCare/ml/data/raw/mendeley/Stem Bleeding/StemBleeding420.jpg,Stem Bleeding
/home/sivabharathi/Documents/FinalYearProject/CocoCare/ml/data/raw/mendeley/Leaf Rot/LeafRot1282.jpg,Leaf Rot
/home/sivabharathi/Documents/FinalYearProject/CocoCare/ml/data/raw/mendeley/Bud Root Dropping/BudRootDropping168.jpg,Bud Root Dropping
/home/sivabharathi/Documents/FinalYearProject/CocoCare/ml/data/raw/mendeley/Gray Leaf Spot/GrayLeafSpot1193.jpg,Gray Leaf Spot
/home/sivabharathi/Documents/FinalYearProject/CocoCare/ml/data/raw/mendeley/Leaf Rot/LeafRot431.jpg,Leaf Rot
/home/sivabharathi/Documents/FinalYearProject/CocoCare/ml/data/raw/mendeley/Leaf Rot/LeafRot1557.jpg,Leaf Rot
/home/sivabharathi/Documents/FinalYearProject/CocoCare/ml/data/raw/mendeley/Bud Rot/BudRot384.jpg,Bud Rot
/home/sivabharathi/Documents/FinalYearProject/CocoCare/ml/data/raw/mendeley/Bud Rot/BudRot119.jpg,Bud Rot
/home/sivabharathi/Documents/FinalYearProject/CocoCare/ml/data/raw/mendeley/Leaf Rot/LeafRot1080.jpg,Leaf Rot
/home/sivabharathi/Documents/FinalYearProject/CocoCare/ml/data/raw/mendeley/Leaf Rot/LeafRot590.jpg,Leaf Rot
/home/sivabharathi/Documents/FinalYearProject/CocoCare/ml/data/raw/mendeley/Gray Leaf Spot/GrayLeafSpot646.jpg,Gray Leaf Spot
/home/sivabharathi/Documents/FinalYearProject/CocoCare/ml/data/raw/mendeley/Leaf Rot/LeafRot862.jpg,Leaf Rot
/home/sivabharathi/Documents/FinalYearProject/CocoCare/ml/data/raw/mendeley/Leaf Rot/LeafRot1357.jpg,Leaf Rot
/home/sivabharathi/Documents/FinalYearProject/CocoCare/ml/data/raw/mendeley/Leaf Rot/LeafRot928.jpg,Leaf Rot
/home/sivabharathi/Documents/FinalYearProject/CocoCare/ml/data/raw/mendeley/Leaf Rot/LeafRot1076.jpg,Leaf Rot
/home/sivabharathi/Documents/FinalYearProject/CocoCare/ml/data/raw/mendeley/Leaf Rot/LeafRot1206.jpg,Leaf Rot
/home/sivabharathi/Documents/FinalYearProject/CocoCare/ml/data/raw/mendeley/Gray Leaf Spot/GrayLeafSpot853.jpg,Gray Leaf Spot
/home/sivabharathi/Documents/FinalYearProject/CocoCare/ml/data/raw/mendeley/Leaf Rot/LeafRot1018.jpg,Leaf Rot
/home/sivabharathi/Documents/FinalYearProject/CocoCare/ml/data/raw/mendeley/Gray Leaf Spot/GrayLeafSpot1016.jpg,Gray Leaf Spot
/home/sivabharathi/Documents/FinalYearProject/CocoCare/ml/data/raw/mendeley/Leaf Rot/LeafRot495.jpg,Leaf Rot
/home/sivabharathi/Documents/FinalYearProject/CocoCare/ml/data/raw/mendeley/Gray Leaf Spot/GrayLeafSpot050.jpg,Gray Leaf Spot
/home/sivabharathi/Documents/FinalYearProject/CocoCare/ml/data/raw/mendeley/Stem Bleeding/StemBleeding288.jpg,Stem Bleeding
/home/sivabharathi/Documents/FinalYearProject/CocoCare/ml/data/raw/mendeley/Stem Bleeding/StemBleeding932.jpg,Stem Bleeding
/home/sivabharathi/Documents/FinalYearProject/CocoCare/ml/data/raw/mendeley/Leaf Rot/LeafRot1629.jpg,Leaf Rot
/home/sivabharathi/Documents/FinalYearProject/CocoCare/ml/data/raw/mendeley/Gray Leaf Spot/GrayLeafSpot747.jpg,Gray Leaf Spot
/home/sivabharathi/Documents/FinalYearProject/CocoCare/ml/data/raw/mendeley/Leaf Rot/LeafRot031.jpg,Leaf Rot
/home/sivabharathi/Documents/FinalYearProject/CocoCare/ml/data/raw/mendeley/Bud Root Dropping/BudRootDropping330.jpg,Bud Root Dropping
/home/sivabharathi/Documents/FinalYearProject/CocoCare/ml/data/raw/mendeley/Bud Rot/BudRot186.jpg,Bud Rot
/home/sivabharathi/Documents/FinalYearProject/CocoCare/ml/data/raw/mendeley/Stem Bleeding/StemBleeding301.jpg,Stem Bleeding
/home/sivabharathi/Documents/FinalYearProject/CocoCare/ml/data/raw/mendeley/Leaf Rot/LeafRot1399.jpg,Leaf Rot
/home/sivabharathi/Documents/FinalYearProject/CocoCare/ml/data/raw/mendeley/Leaf Rot/LeafRot990.jpg,Leaf Rot
/home/sivabharathi/Documents/FinalYearProject/CocoCare/ml/data/raw/mendeley/Stem Bleeding/StemBleeding270.jpg,Stem Bleeding
/home/sivabharathi/Documents/FinalYearProject/CocoCare/ml/data/raw/mendeley/Stem Bleeding/StemBleeding843.jpg,Stem Bleeding
/home/sivabharathi/Documents/FinalYearProject/CocoCare/ml/data/raw/mendeley/Gray Leaf Spot/GrayLeafSpot158.jpg,Gray Leaf Spot
/home/sivabharathi/Documents/FinalYearProject/CocoCare/ml/data/raw/mendeley/Leaf Rot/LeafRot1494.jpg,Leaf Rot
/home/sivabharathi/Documents/FinalYearProject/CocoCare/ml/data/raw/mendeley/Gray Leaf Spot/GrayLeafSpot1773.jpg,Gray Leaf Spot
/home/sivabharathi/Documents/FinalYearProject/CocoCare/ml/data/raw/mendeley/Gray Leaf Spot/GrayLeafSpot1426.jpg,Gray Leaf Spot
/home/sivabharathi/Documents/FinalYearProject/CocoCare/ml/data/raw/mendeley/Bud Rot/BudRot463.jpg,Bud Rot
/home/sivabharathi/Documents/FinalYearProject/CocoCare/ml/data/raw/mendeley/Leaf Rot/LeafRot1498.jpg,Leaf Rot
/home/sivabharathi/Documents/FinalYearProject/CocoCare/ml/data/raw/mendeley/Leaf Rot/LeafRot561.jpg,Leaf Rot
/home/sivabharathi/Documents/FinalYearProject/CocoCare/ml/data/raw/mendeley/Leaf Rot/LeafRot676.jpg,Leaf Rot
/home/sivabharathi/Documents/FinalYearProject/CocoCare/ml/data/raw/mendeley/Gray Leaf Spot/GrayLeafSpot534.jpg,Gray Leaf Spot
/home/sivabharathi/Documents/FinalYearProject/CocoCare/ml/data/raw/mendeley/Stem Bleeding/StemBleeding311.jpg,Stem Bleeding
/home/sivabharathi/Documents/FinalYearProject/CocoCare/ml/data/raw/mendeley/Leaf Rot/LeafRot941.jpg,Leaf Rot
/home/sivabharathi/Documents/FinalYearProject/CocoCare/ml/data/raw/mendeley/Leaf Rot/LeafRot438.jpg,Leaf Rot
/home/sivabharathi/Documents/FinalYearProject/CocoCare/ml/data/raw/mendeley/Stem Bleeding/StemBleeding287.jpg,Stem Bleeding
/home/sivabharathi/Documents/FinalYearProject/CocoCare/ml/data/raw/mendeley/Gray Leaf Spot/GrayLeafSpot1351.jpg,Gray Leaf Spot
/home/sivabharathi/Documents/FinalYearProject/CocoCare/ml/data/raw/mendeley/Leaf Rot/LeafRot1482.jpg,Leaf Rot
/home/sivabharathi/Documents/FinalYearProject/CocoCare/ml/data/raw/mendeley/Gray Leaf Spot/GrayLeafSpot760.jpg,Gray Leaf Spot
/home/sivabharathi/Documents/FinalYearProject/CocoCare/ml/data/raw/mendeley/Gray Leaf Spot/GrayLeafSpot745.jpg,Gray Leaf Spot
/home/sivabharathi/Documents/FinalYearProject/CocoCare/ml/data/raw/mendeley/Stem Bleeding/StemBleeding136.jpg,Stem Bleeding
/home/sivabharathi/Documents/FinalYearProject/CocoCare/ml/data/raw/mendeley/Leaf Rot/LeafRot189.jpg,Leaf Rot
/home/sivabharathi/Documents/FinalYearProject/CocoCare/ml/data/raw/mendeley/Stem Bleeding/StemBleeding940.jpg,Stem Bleeding
/home/sivabharathi/Documents/FinalYearProject/CocoCare/ml/data/raw/mendeley/Leaf Rot/LeafRot1020.jpg,Leaf Rot
/home/sivabharathi/Documents/FinalYearProject/CocoCare/ml/data/raw/mendeley/Leaf Rot/LeafRot937.jpg,Leaf Rot
/home/sivabharathi/Documents/FinalYearProject/CocoCare/ml/data/raw/mendeley/Leaf Rot/LeafRot034.jpg,Leaf Rot
/home/sivabharathi/Documents/FinalYearProject/CocoCare/ml/data/raw/mendeley/Leaf Rot/LeafRot1091.jpg,Leaf Rot
/home/sivabharathi/Documents/FinalYearProject/CocoCare/ml/data/raw/mendeley/Leaf Rot/LeafRot1536.jpg,Leaf Rot
/home/sivabharathi/Documents/FinalYearProject/CocoCare/ml/data/raw/mendeley/Bud Root Dropping/BudRootDropping029.jpg,Bud Root Dropping
/home/sivabharathi/Documents/FinalYearProject/CocoCare/ml/data/raw/mendeley/Gray Leaf Spot/GrayLeafSpot641.jpg,Gray Leaf Spot
/home/sivabharathi/Documents/FinalYearProject/CocoCare/ml/data/raw/mendeley/Stem Bleeding/StemBleeding759.jpg,Stem Bleeding
/home/sivabharathi/Documents/FinalYearProject/CocoCare/ml/data/raw/mendeley/Bud Rot/BudRot048.jpg,Bud Rot
/home/sivabharathi/Documents/FinalYearProject/CocoCare/ml/data/raw/mendeley/Stem Bleeding/StemBleeding831.jpg,Stem Bleeding
/home/sivabharathi/Documents/FinalYearProject/CocoCare/ml/data/raw/mendeley/Bud Root Dropping/BudRootDropping143.jpg,Bud Root Dropping
/home/sivabharathi/Documents/FinalYearProject/CocoCare/ml/data/raw/mendeley/Gray Leaf Spot/GrayLeafSpot1089.jpg,Gray Leaf Spot
/home/sivabharathi/Documents/FinalYearProject/CocoCare/ml/data/raw/mendeley/Leaf Rot/LeafRot829.jpg,Leaf Rot
/home/sivabharathi/Documents/FinalYearProject/CocoCare/ml/data/raw/mendeley/Gray Leaf Spot/GrayLeafSpot2022.jpg,Gray Leaf Spot
/home/sivabharathi/Documents/FinalYearProject/CocoCare/ml/data/raw/mendeley/Bud Root Dropping/BudRootDropping184.jpg,Bud Root Dropping
/home/sivabharathi/Documents/FinalYearProject/CocoCare/ml/data/raw/mendeley/Gray Leaf Spot/GrayLeafSpot634.jpg,Gray Leaf Spot
/home/sivabharathi/Documents/FinalYearProject/CocoCare/ml/data/raw/mendeley/Leaf Rot/LeafRot1127.jpg,Leaf Rot
/home/sivabharathi/Documents/FinalYearProject/CocoCare/ml/data/raw/mendeley/Gray Leaf Spot/GrayLeafSpot1044.jpg,Gray Leaf Spot
/home/sivabharathi/Documents/FinalYearProject/CocoCare/ml/data/raw/mendeley/Bud Root Dropping/BudRootDropping203.jpg,Bud Root Dropping
/home/sivabharathi/Documents/FinalYearProject/CocoCare/ml/data/raw/mendeley/Bud Rot/BudRot098.jpg,Bud Rot
/home/sivabharathi/Documents/FinalYearProject/CocoCare/ml/data/raw/mendeley/Gray Leaf Spot/GrayLeafSpot242.jpg,Gray Leaf Spot
/home/sivabharathi/Documents/FinalYearProject/CocoCare/ml/data/raw/mendeley/Leaf Rot/LeafRot1457.jpg,Leaf Rot
/home/sivabharathi/Documents/FinalYearProject/CocoCare/ml/data/raw/mendeley/Gray Leaf Spot/GrayLeafSpot787.jpg,Gray Leaf Spot
/home/sivabharathi/Documents/FinalYearProject/CocoCare/ml/data/raw/mendeley/Gray Leaf Spot/GrayLeafSpot999.jpg,Gray Leaf Spot
/home/sivabharathi/Documents/FinalYearProject/CocoCare/ml/data/raw/mendeley/Stem Bleeding/StemBleeding137.jpg,Stem Bleeding
/home/sivabharathi/Documents/FinalYearProject/CocoCare/ml/data/raw/mendeley/Bud Rot/BudRot217.jpg,Bud Rot
/home/sivabharathi/Documents/FinalYearProject/CocoCare/ml/data/raw/mendeley/Bud Rot/BudRot158.jpg,Bud Rot
/home/sivabharathi/Documents/FinalYearProject/CocoCare/ml/data/raw/mendeley/Stem Bleeding/StemBleeding785.jpg,Stem Bleeding
/home/sivabharathi/Documents/FinalYearProject/CocoCare/ml/data/raw/mendeley/Gray Leaf Spot/GrayLeafSpot531.jpg,Gray Leaf Spot
/home/sivabharathi/Documents/FinalYearProject/CocoCare/ml/data/raw/mendeley/Gray Leaf Spot/GrayLeafSpot323.jpg,Gray Leaf Spot
/home/sivabharathi/Documents/FinalYearProject/CocoCare/ml/data/raw/mendeley/Gray Leaf Spot/GrayLeafSpot990.jpg,Gray Leaf Spot
/home/sivabharathi/Documents/FinalYearProject/CocoCare/ml/data/raw/mendeley/Gray Leaf Spot/GrayLeafSpot421.jpg,Gray Leaf Spot
/home/sivabharathi/Documents/FinalYearProject/CocoCare/ml/data/raw/mendeley/Gray Leaf Spot/GrayLeafSpot1108.jpg,Gray Leaf Spot
/home/sivabharathi/Documents/FinalYearProject/CocoCare/ml/data/raw/mendeley/Gray Leaf Spot/GrayLeafSpot1851.jpg,Gray Leaf Spot
/home/sivabharathi/Documents/FinalYearProject/CocoCare/ml/data/raw/mendeley/Bud Rot/BudRot279.jpg,Bud Rot
/home/sivabharathi/Documents/FinalYearProject/CocoCare/ml/data/raw/mendeley/Gray Leaf Spot/GrayLeafSpot059.jpg,Gray Leaf Spot
/home/sivabharathi/Documents/FinalYearProject/CocoCare/ml/data/raw/mendeley/Bud Root Dropping/BudRootDropping365.jpg,Bud Root Dropping
/home/sivabharathi/Documents/FinalYearProject/CocoCare/ml/data/raw/mendeley/Stem Bleeding/StemBleeding054.jpg,Stem Bleeding
/home/sivabharathi/Documents/FinalYearProject/CocoCare/ml/data/raw/mendeley/Stem Bleeding/StemBleeding568.jpg,Stem Bleeding
/home/sivabharathi/Documents/FinalYearProject/CocoCare/ml/data/raw/mendeley/Gray Leaf Spot/GrayLeafSpot058.jpg,Gray Leaf Spot
/home/sivabharathi/Documents/FinalYearProject/CocoCare/ml/data/raw/mendeley/Leaf Rot/LeafRot1274.jpg,Leaf Rot
/home/sivabharathi/Documents/FinalYearProject/CocoCare/ml/data/raw/mendeley/Bud Root Dropping/BudRootDropping434.jpg,Bud Root Dropping
/home/sivabharathi/Documents/FinalYearProject/CocoCare/ml/data/raw/mendeley/Leaf Rot/LeafRot894.jpg,Leaf Rot
/home/sivabharathi/Documents/FinalYearProject/CocoCare/ml/data/raw/mendeley/Stem Bleeding/StemBleeding602.jpg,Stem Bleeding
/home/sivabharathi/Documents/FinalYearProject/CocoCare/ml/data/raw/mendeley/Gray Leaf Spot/GrayLeafSpot903.jpg,Gray Leaf Spot
/home/sivabharathi/Documents/FinalYearProject/CocoCare/ml/data/raw/mendeley/Leaf Rot/LeafRot369.jpg,Leaf Rot
/home/sivabharathi/Documents/FinalYearProject/CocoCare/ml/data/raw/mendeley/Gray Leaf Spot/GrayLeafSpot1155.jpg,Gray Leaf Spot
/home/sivabharathi/Documents/FinalYearProject/CocoCare/ml/data/raw/mendeley/Stem Bleeding/StemBleeding1004.jpg,Stem Bleeding
/home/sivabharathi/Documents/FinalYearProject/CocoCare/ml/data/raw/mendeley/Gray Leaf Spot/GrayLeafSpot993.jpg,Gray Leaf Spot
/home/sivabharathi/Documents/FinalYearProject/CocoCare/ml/data/raw/mendeley/Gray Leaf Spot/GrayLeafSpot1850.jpg,Gray Leaf Spot
/home/sivabharathi/Documents/FinalYearProject/CocoCare/ml/data/raw/mendeley/Leaf Rot/LeafRot1216.jpg,Leaf Rot
/home/sivabharathi/Documents/FinalYearProject/CocoCare/ml/data/raw/mendeley/Stem Bleeding/StemBleeding207.jpg,Stem Bleeding
/home/sivabharathi/Documents/FinalYearProject/CocoCare/ml/data/raw/mendeley/Leaf Rot/LeafRot1610.jpg,Leaf Rot
/home/sivabharathi/Documents/FinalYearProject/CocoCare/ml/data/raw/mendeley/Bud Rot/BudRot116.jpg,Bud Rot
/home/sivabharathi/Documents/FinalYearProject/CocoCare/ml/data/raw/mendeley/Gray Leaf Spot/GrayLeafSpot102.jpg,Gray Leaf Spot
/home/sivabharathi/Documents/FinalYearProject/CocoCare/ml/data/raw/mendeley/Gray Leaf Spot/GrayLeafSpot015.jpg,Gray Leaf Spot
/home/sivabharathi/Documents/FinalYearProject/CocoCare/ml/data/raw/mendeley/Leaf Rot/LeafRot072.jpg,Leaf Rot
/home/sivabharathi/Documents/FinalYearProject/CocoCare/ml/data/raw/mendeley/Stem Bleeding/StemBleeding782.jpg,Stem Bleeding
/home/sivabharathi/Documents/FinalYearProject/CocoCare/ml/data/raw/mendeley/Leaf Rot/LeafRot363.jpg,Leaf Rot
/home/sivabharathi/Documents/FinalYearProject/CocoCare/ml/data/raw/mendeley/Leaf Rot/LeafRot1474.jpg,Leaf Rot
/home/sivabharathi/Documents/FinalYearProject/CocoCare/ml/data/raw/mendeley/Leaf Rot/LeafRot738.jpg,Leaf Rot
/home/sivabharathi/Documents/FinalYearProject/CocoCare/ml/data/raw/mendeley/Gray Leaf Spot/GrayLeafSpot883.jpg,Gray Leaf Spot
/home/sivabharathi/Documents/FinalYearProject/CocoCare/ml/data/raw/mendeley/Gray Leaf Spot/GrayLeafSpot2068.jpg,Gray Leaf Spot
/home/sivabharathi/Documents/FinalYearProject/CocoCare/ml/data/raw/mendeley/Gray Leaf Spot/GrayLeafSpot276.jpg,Gray Leaf Spot
/home/sivabharathi/Documents/FinalYearProject/CocoCare/ml/data/raw/mendeley/Leaf Rot/LeafRot1095.jpg,Leaf Rot
/home/sivabharathi/Documents/FinalYearProject/CocoCare/ml/data/raw/mendeley/Gray Leaf Spot/GrayLeafSpot1489.jpg,Gray Leaf Spot
/home/sivabharathi/Documents/FinalYearProject/CocoCare/ml/data/raw/mendeley/Leaf Rot/LeafRot1052.jpg,Leaf Rot
/home/sivabharathi/Documents/FinalYearProject/CocoCare/ml/data/raw/mendeley/Leaf Rot/LeafRot844.jpg,Leaf Rot
/home/sivabharathi/Documents/FinalYearProject/CocoCare/ml/data/raw/mendeley/Bud Rot/BudRot391.jpg,Bud Rot
/home/sivabharathi/Documents/FinalYearProject/CocoCare/ml/data/raw/mendeley/Stem Bleeding/StemBleeding754.jpg,Stem Bleeding
/home/sivabharathi/Documents/FinalYearProject/CocoCare/ml/data/raw/mendeley/Bud Rot/BudRot379.jpg,Bud Rot
/home/sivabharathi/Documents/FinalYearProject/CocoCare/ml/data/raw/mendeley/Gray Leaf Spot/GrayLeafSpot559.jpg,Gray Leaf Spot
/home/sivabharathi/Documents/FinalYearProject/CocoCare/ml/data/raw/mendeley/Gray Leaf Spot/GrayLeafSpot622.jpg,Gray Leaf Spot
/home/sivabharathi/Documents/FinalYearProject/CocoCare/ml/data/raw/mendeley/Gray Leaf Spot/GrayLeafSpot1428.jpg,Gray Leaf Spot
/home/sivabharathi/Documents/FinalYearProject/CocoCare/ml/data/raw/mendeley/Stem Bleeding/StemBleeding850.jpg,Stem Bleeding
/home/sivabharathi/Documents/FinalYearProject/CocoCare/ml/data/raw/mendeley/Bud Root Dropping/BudRootDropping226.jpg,Bud Root Dropping
/home/sivabharathi/Documents/FinalYearProject/CocoCare/ml/data/raw/mendeley/Leaf Rot/LeafRot112.jpg,Leaf Rot
/home/sivabharathi/Documents/FinalYearProject/CocoCare/ml/data/raw/mendeley/Leaf Rot/LeafRot002.jpg,Leaf Rot
/home/sivabharathi/Documents/FinalYearProject/CocoCare/ml/data/raw/mendeley/Bud Root Dropping/BudRootDropping448.jpg,Bud Root Dropping
/home/sivabharathi/Documents/FinalYearProject/CocoCare/ml/data/raw/mendeley/Gray Leaf Spot/GrayLeafSpot1609.jpg,Gray Leaf Spot
/home/sivabharathi/Documents/FinalYearProject/CocoCare/ml/data/raw/mendeley/Gray Leaf Spot/GrayLeafSpot339.jpg,Gray Leaf Spot
/home/sivabharathi/Documents/FinalYearProject/CocoCare/ml/data/raw/mendeley/Bud Root Dropping/BudRootDropping223.jpg,Bud Root Dropping
/home/sivabharathi/Documents/FinalYearProject/CocoCare/ml/data/raw/mendeley/Leaf Rot/LeafRot1126.jpg,Leaf Rot
/home/sivabharathi/Documents/FinalYearProject/CocoCare/ml/data/raw/mendeley/Stem Bleeding/StemBleeding422.jpg,Stem Bleeding
/home/sivabharathi/Documents/FinalYearProject/CocoCare/ml/data/raw/mendeley/Gray Leaf Spot/GrayLeafSpot558.jpg,Gray Leaf Spot
/home/sivabharathi/Documents/FinalYearProject/CocoCare/ml/data/raw/mendeley/Gray Leaf Spot/GrayLeafSpot2115.jpg,Gray Leaf Spot
/home/sivabharathi/Documents/FinalYearProject/CocoCare/ml/data/raw/mendeley/Gray Leaf Spot/GrayLeafSpot062.jpg,Gray Leaf Spot
/home/sivabharathi/Documents/FinalYearProject/CocoCare/ml/data/raw/mendeley/Leaf Rot/LeafRot295.jpg,Leaf Rot
/home/sivabharathi/Documents/FinalYearProject/CocoCare/ml/data/raw/mendeley/Stem Bleeding/StemBleeding040.jpg,Stem Bleeding
/home/sivabharathi/Documents/FinalYearProject/CocoCare/ml/data/raw/mendeley/Leaf Rot/LeafRot1580.jpg,Leaf Rot
/home/sivabharathi/Documents/FinalYearProject/CocoCare/ml/data/raw/mendeley/Gray Leaf Spot/GrayLeafSpot2018.jpg,Gray Leaf Spot
/home/sivabharathi/Documents/FinalYearProject/CocoCare/ml/data/raw/mendeley/Leaf Rot/LeafRot1609.jpg,Leaf Rot
/home/sivabharathi/Documents/FinalYearProject/CocoCare/ml/data/raw/mendeley/Bud Rot/BudRot127.jpg,Bud Rot
/home/sivabharathi/Documents/FinalYearProject/CocoCare/ml/data/raw/mendeley/Gray Leaf Spot/GrayLeafSpot1601.jpg,Gray Leaf Spot
/home/sivabharathi/Documents/FinalYearProject/CocoCare/ml/data/raw/mendeley/Bud Root Dropping/BudRootDropping488.jpg,Bud Root Dropping
/home/sivabharathi/Documents/FinalYearProject/CocoCare/ml/data/raw/mendeley/Leaf Rot/LeafRot983.jpg,Leaf Rot
/home/sivabharathi/Documents/FinalYearProject/CocoCare/ml/data/raw/mendeley/Gray Leaf Spot/GrayLeafSpot1844.jpg,Gray Leaf Spot
/home/sivabharathi/Documents/FinalYearProject/CocoCare/ml/data/raw/mendeley/Bud Rot/BudRot374.jpg,Bud Rot
/home/sivabharathi/Documents/FinalYearProject/CocoCare/ml/data/raw/mendeley/Gray Leaf Spot/GrayLeafSpot1281.jpg,Gray Leaf Spot
/home/sivabharathi/Documents/FinalYearProject/CocoCare/ml/data/raw/mendeley/Leaf Rot/LeafRot1360.jpg,Leaf Rot
/home/sivabharathi/Documents/FinalYearProject/CocoCare/ml/data/raw/mendeley/Stem Bleeding/StemBleeding686.jpg,Stem Bleeding
/home/sivabharathi/Documents/FinalYearProject/CocoCare/ml/data/raw/mendeley/Leaf Rot/LeafRot1188.jpg,Leaf Rot
/home/sivabharathi/Documents/FinalYearProject/CocoCare/ml/data/raw/mendeley/Gray Leaf Spot/GrayLeafSpot915.jpg,Gray Leaf Spot
/home/sivabharathi/Documents/FinalYearProject/CocoCare/ml/data/raw/mendeley/Bud Root Dropping/BudRootDropping415.jpg,Bud Root Dropping
/home/sivabharathi/Documents/FinalYearProject/CocoCare/ml/data/raw/mendeley/Leaf Rot/LeafRot092.jpg,Leaf Rot
/home/sivabharathi/Documents/FinalYearProject/CocoCare/ml/data/raw/mendeley/Gray Leaf Spot/GrayLeafSpot077.jpg,Gray Leaf Spot
/home/sivabharathi/Documents/FinalYearProject/CocoCare/ml/data/raw/mendeley/Gray Leaf Spot/GrayLeafSpot203.jpg,Gray Leaf Spot
/home/sivabharathi/Documents/FinalYearProject/CocoCare/ml/data/raw/mendeley/Leaf Rot/LeafRot020.jpg,Leaf Rot
/home/sivabharathi/Documents/FinalYearProject/CocoCare/ml/data/raw/mendeley/Stem Bleeding/StemBleeding816.jpg,Stem Bleeding
/home/sivabharathi/Documents/FinalYearProject/CocoCare/ml/data/raw/mendeley/Gray Leaf Spot/GrayLeafSpot255.jpg,Gray Leaf Spot
/home/sivabharathi/Documents/FinalYearProject/CocoCare/ml/data/raw/mendeley/Leaf Rot/LeafRot1460.jpg,Leaf Rot
/home/sivabharathi/Documents/FinalYearProject/CocoCare/ml/data/raw/mendeley/Stem Bleeding/StemBleeding855.jpg,Stem Bleeding
/home/sivabharathi/Documents/FinalYearProject/CocoCare/ml/data/raw/mendeley/Stem Bleeding/StemBleeding340.jpg,Stem Bleeding
/home/sivabharathi/Documents/FinalYearProject/CocoCare/ml/data/raw/mendeley/Leaf Rot/LeafRot962.jpg,Leaf Rot
/home/sivabharathi/Documents/FinalYearProject/CocoCare/ml/data/raw/mendeley/Gray Leaf Spot/GrayLeafSpot1898.jpg,Gray Leaf Spot
/home/sivabharathi/Documents/FinalYearProject/CocoCare/ml/data/raw/mendeley/Gray Leaf Spot/GrayLeafSpot1853.jpg,Gray Leaf Spot
/home/sivabharathi/Documents/FinalYearProject/CocoCare/ml/data/raw/mendeley/Leaf Rot/LeafRot1640.jpg,Leaf Rot
/home/sivabharathi/Documents/FinalYearProject/CocoCare/ml/data/raw/mendeley/Leaf Rot/LeafRot1371.jpg,Leaf Rot
/home/sivabharathi/Documents/FinalYearProject/CocoCare/ml/data/raw/mendeley/Bud Rot/BudRot075.jpg,Bud Rot
/home/sivabharathi/Documents/FinalYearProject/CocoCare/ml/data/raw/mendeley/Bud Rot/BudRot193.jpg,Bud Rot
/home/sivabharathi/Documents/FinalYearProject/CocoCare/ml/data/raw/mendeley/Leaf Rot/LeafRot1375.jpg,Leaf Rot
/home/sivabharathi/Documents/FinalYearProject/CocoCare/ml/data/raw/mendeley/Leaf Rot/LeafRot567.jpg,Leaf Rot
/home/sivabharathi/Documents/FinalYearProject/CocoCare/ml/data/raw/mendeley/Leaf Rot/LeafRot1281.jpg,Leaf Rot
/home/sivabharathi/Documents/FinalYearProject/CocoCare/ml/data/raw/mendeley/Gray Leaf Spot/GrayLeafSpot1934.jpg,Gray Leaf Spot
/home/sivabharathi/Documents/FinalYearProject/CocoCare/ml/data/raw/mendeley/Leaf Rot/LeafRot089.jpg,Leaf Rot
/home/sivabharathi/Documents/FinalYearProject/CocoCare/ml/data/raw/mendeley/Gray Leaf Spot/GrayLeafSpot2009.jpg,Gray Leaf Spot
/home/sivabharathi/Documents/FinalYearProject/CocoCare/ml/data/raw/mendeley/Bud Rot/BudRot287.jpg,Bud Rot
/home/sivabharathi/Documents/FinalYearProject/CocoCare/ml/data/raw/mendeley/Stem Bleeding/StemBleeding582.jpg,Stem Bleeding
/home/sivabharathi/Documents/FinalYearProject/CocoCare/ml/data/raw/mendeley/Gray Leaf Spot/GrayLeafSpot066.jpg,Gray Leaf Spot
/home/sivabharathi/Documents/FinalYearProject/CocoCare/ml/data/raw/mendeley/Leaf Rot/LeafRot124.jpg,Leaf Rot
/home/sivabharathi/Documents/FinalYearProject/CocoCare/ml/data/raw/mendeley/Leaf Rot/LeafRot530.jpg,Leaf Rot
/home/sivabharathi/Documents/FinalYearProject/CocoCare/ml/data/raw/mendeley/Leaf Rot/LeafRot1520.jpg,Leaf Rot
/home/sivabharathi/Documents/FinalYearProject/CocoCare/ml/data/raw/mendeley/Bud Rot/BudRot442.jpg,Bud Rot
/home/sivabharathi/Documents/FinalYearProject/CocoCare/ml/data/raw/mendeley/Leaf Rot/LeafRot555.jpg,Leaf Rot
/home/sivabharathi/Documents/FinalYearProject/CocoCare/ml/data/raw/mendeley/Gray Leaf Spot/GrayLeafSpot497.jpg,Gray Leaf Spot
/home/sivabharathi/Documents/FinalYearProject/CocoCare/ml/data/raw/mendeley/Stem Bleeding/StemBleeding391.jpg,Stem Bleeding
/home/sivabharathi/Documents/FinalYearProject/CocoCare/ml/data/raw/mendeley/Gray Leaf Spot/GrayLeafSpot779.jpg,Gray Leaf Spot
/home/sivabharathi/Documents/FinalYearProject/CocoCare/ml/data/raw/mendeley/Leaf Rot/LeafRot215.jpg,Leaf Rot
/home/sivabharathi/Documents/FinalYearProject/CocoCare/ml/data/raw/mendeley/Leaf Rot/LeafRot1050.jpg,Leaf Rot
/home/sivabharathi/Documents/FinalYearProject/CocoCare/ml/data/raw/mendeley/Gray Leaf Spot/GrayLeafSpot1674.jpg,Gray Leaf Spot
/home/sivabharathi/Documents/FinalYearProject/CocoCare/ml/data/raw/mendeley/Gray Leaf Spot/GrayLeafSpot294.jpg,Gray Leaf Spot
/home/sivabharathi/Documents/FinalYearProject/CocoCare/ml/data/raw/mendeley/Stem Bleeding/StemBleeding669.jpg,Stem Bleeding
/home/sivabharathi/Documents/FinalYearProject/CocoCare/ml/data/raw/mendeley/Stem Bleeding/StemBleeding429.jpg,Stem Bleeding
/home/sivabharathi/Documents/FinalYearProject/CocoCare/ml/data/raw/mendeley/Gray Leaf Spot/GrayLeafSpot1269.jpg,Gray Leaf Spot
/home/sivabharathi/Documents/FinalYearProject/CocoCare/ml/data/raw/mendeley/Bud Rot/BudRot438.jpg,Bud Rot
/home/sivabharathi/Documents/FinalYearProject/CocoCare/ml/data/raw/mendeley/Stem Bleeding/StemBleeding768.jpg,Stem Bleeding
/home/sivabharathi/Documents/FinalYearProject/CocoCare/ml/data/raw/mendeley/Gray Leaf Spot/GrayLeafSpot098.jpg,Gray Leaf Spot
/home/sivabharathi/Documents/FinalYearProject/CocoCare/ml/data/raw/mendeley/Gray Leaf Spot/GrayLeafSpot1118.jpg,Gray Leaf Spot
/home/sivabharathi/Documents/FinalYearProject/CocoCare/ml/data/raw/mendeley/Stem Bleeding/StemBleeding863.jpg,Stem Bleeding
/home/sivabharathi/Documents/FinalYearProject/CocoCare/ml/data/raw/mendeley/Leaf Rot/LeafRot1411.jpg,Leaf Rot
/home/sivabharathi/Documents/FinalYearProject/CocoCare/ml/data/raw/mendeley/Stem Bleeding/StemBleeding583.jpg,Stem Bleeding
/home/sivabharathi/Documents/FinalYearProject/CocoCare/ml/data/raw/mendeley/Leaf Rot/LeafRot1324.jpg,Leaf Rot
/home/sivabharathi/Documents/FinalYearProject/CocoCare/ml/data/raw/mendeley/Leaf Rot/LeafRot1110.jpg,Leaf Rot
/home/sivabharathi/Documents/FinalYearProject/CocoCare/ml/data/raw/mendeley/Gray Leaf Spot/GrayLeafSpot020.jpg,Gray Leaf Spot
/home/sivabharathi/Documents/FinalYearProject/CocoCare/ml/data/raw/mendeley/Leaf Rot/LeafRot244.jpg,Leaf Rot
/home/sivabharathi/Documents/FinalYearProject/CocoCare/ml/data/raw/mendeley/Leaf Rot/LeafRot204.jpg,Leaf Rot
/home/sivabharathi/Documents/FinalYearProject/CocoCare/ml/data/raw/mendeley/Gray Leaf Spot/GrayLeafSpot2006.jpg,Gray Leaf Spot
/home/sivabharathi/Documents/FinalYearProject/CocoCare/ml/data/raw/mendeley/Leaf Rot/LeafRot766.jpg,Leaf Rot
/home/sivabharathi/Documents/FinalYearProject/CocoCare/ml/data/raw/mendeley/Gray Leaf Spot/GrayLeafSpot1784.jpg,Gray Leaf Spot
/home/sivabharathi/Documents/FinalYearProject/CocoCare/ml/data/raw/mendeley/Gray Leaf Spot/GrayLeafSpot1099.jpg,Gray Leaf Spot
/home/sivabharathi/Documents/FinalYearProject/CocoCare/ml/data/raw/mendeley/Leaf Rot/LeafRot1107.jpg,Leaf Rot
/home/sivabharathi/Documents/FinalYearProject/CocoCare/ml/data/raw/mendeley/Stem Bleeding/StemBleeding036.jpg,Stem Bleeding
/home/sivabharathi/Documents/FinalYearProject/CocoCare/ml/data/raw/mendeley/Leaf Rot/LeafRot1473.jpg,Leaf Rot
/home/sivabharathi/Documents/FinalYearProject/CocoCare/ml/data/raw/mendeley/Gray Leaf Spot/GrayLeafSpot1158.jpg,Gray Leaf Spot
/home/sivabharathi/Documents/FinalYearProject/CocoCare/ml/data/raw/mendeley/Leaf Rot/LeafRot367.jpg,Leaf Rot
/home/sivabharathi/Documents/FinalYearProject/CocoCare/ml/data/raw/mendeley/Gray Leaf Spot/GrayLeafSpot1502.jpg,Gray Leaf Spot
/home/sivabharathi/Documents/FinalYearProject/CocoCare/ml/data/raw/mendeley/Gray Leaf Spot/GrayLeafSpot1485.jpg,Gray Leaf Spot
/home/sivabharathi/Documents/FinalYearProject/CocoCare/ml/data/raw/mendeley/Bud Root Dropping/BudRootDropping044.jpg,Bud Root Dropping
/home/sivabharathi/Documents/FinalYearProject/CocoCare/ml/data/raw/mendeley/Stem Bleeding/StemBleeding880.jpg,Stem Bleeding
/home/sivabharathi/Documents/FinalYearProject/CocoCare/ml/data/raw/mendeley/Leaf Rot/LeafRot594.jpg,Leaf Rot
/home/sivabharathi/Documents/FinalYearProject/CocoCare/ml/data/raw/mendeley/Gray Leaf Spot/GrayLeafSpot687.jpg,Gray Leaf Spot
/home/sivabharathi/Documents/FinalYearProject/CocoCare/ml/data/raw/mendeley/Gray Leaf Spot/GrayLeafSpot833.jpg,Gray Leaf Spot
/home/sivabharathi/Documents/FinalYearProject/CocoCare/ml/data/raw/mendeley/Bud Root Dropping/BudRootDropping052.jpg,Bud Root Dropping
/home/sivabharathi/Documents/FinalYearProject/CocoCare/ml/data/raw/mendeley/Stem Bleeding/StemBleeding048.jpg,Stem Bleeding
/home/sivabharathi/Documents/FinalYearProject/CocoCare/ml/data/raw/mendeley/Bud Root Dropping/BudRootDropping199.jpg,Bud Root Dropping
/home/sivabharathi/Documents/FinalYearProject/CocoCare/ml/data/raw/mendeley/Gray Leaf Spot/GrayLeafSpot2069.jpg,Gray Leaf Spot
/home/sivabharathi/Documents/FinalYearProject/CocoCare/ml/data/raw/mendeley/Bud Rot/BudRot011.jpg,Bud Rot
/home/sivabharathi/Documents/FinalYearProject/CocoCare/ml/data/raw/mendeley/Gray Leaf Spot/GrayLeafSpot1412.jpg,Gray Leaf Spot
/home/sivabharathi/Documents/FinalYearProject/CocoCare/ml/data/raw/mendeley/Leaf Rot/LeafRot520.jpg,Leaf Rot
/home/sivabharathi/Documents/FinalYearProject/CocoCare/ml/data/raw/mendeley/Stem Bleeding/StemBleeding385.jpg,Stem Bleeding
/home/sivabharathi/Documents/FinalYearProject/CocoCare/ml/data/raw/mendeley/Bud Root Dropping/BudRootDropping017.jpg,Bud Root Dropping
/home/sivabharathi/Documents/FinalYearProject/CocoCare/ml/data/raw/mendeley/Leaf Rot/LeafRot1320.jpg,Leaf Rot
/home/sivabharathi/Documents/FinalYearProject/CocoCare/ml/data/raw/mendeley/Gray Leaf Spot/GrayLeafSpot175.jpg,Gray Leaf Spot
/home/sivabharathi/Documents/FinalYearProject/CocoCare/ml/data/raw/mendeley/Bud Rot/BudRot089.jpg,Bud Rot
/home/sivabharathi/Documents/FinalYearProject/CocoCare/ml/data/raw/mendeley/Gray Leaf Spot/GrayLeafSpot1982.jpg,Gray Leaf Spot
/home/sivabharathi/Documents/FinalYearProject/CocoCare/ml/data/raw/mendeley/Gray Leaf Spot/GrayLeafSpot2060.jpg,Gray Leaf Spot
/home/sivabharathi/Documents/FinalYearProject/CocoCare/ml/data/raw/mendeley/Bud Root Dropping/BudRootDropping127.jpg,Bud Root Dropping
/home/sivabharathi/Documents/FinalYearProject/CocoCare/ml/data/raw/mendeley/Bud Root Dropping/BudRootDropping450.jpg,Bud Root Dropping
/home/sivabharathi/Documents/FinalYearProject/CocoCare/ml/data/raw/mendeley/Stem Bleeding/StemBleeding169.jpg,Stem Bleeding
/home/sivabharathi/Documents/FinalYearProject/CocoCare/ml/data/raw/mendeley/Leaf Rot/LeafRot1162.jpg,Leaf Rot
/home/sivabharathi/Documents/FinalYearProject/CocoCare/ml/data/raw/mendeley/Gray Leaf Spot/GrayLeafSpot598.jpg,Gray Leaf Spot
/home/sivabharathi/Documents/FinalYearProject/CocoCare/ml/data/raw/mendeley/Stem Bleeding/StemBleeding926.jpg,Stem Bleeding
/home/sivabharathi/Documents/FinalYearProject/CocoCare/ml/data/raw/mendeley/Gray Leaf Spot/GrayLeafSpot766.jpg,Gray Leaf Spot
/home/sivabharathi/Documents/FinalYearProject/CocoCare/ml/data/raw/mendeley/Leaf Rot/LeafRot1456.jpg,Leaf Rot
/home/sivabharathi/Documents/FinalYearProject/CocoCare/ml/data/raw/mendeley/Bud Root Dropping/BudRootDropping370.jpg,Bud Root Dropping
/home/sivabharathi/Documents/FinalYearProject/CocoCare/ml/data/raw/mendeley/Bud Rot/BudRot049.jpg,Bud Rot
/home/sivabharathi/Documents/FinalYearProject/CocoCare/ml/data/raw/mendeley/Gray Leaf Spot/GrayLeafSpot503.jpg,Gray Leaf Spot
/home/sivabharathi/Documents/FinalYearProject/CocoCare/ml/data/raw/mendeley/Gray Leaf Spot/GrayLeafSpot1306.jpg,Gray Leaf Spot
/home/sivabharathi/Documents/FinalYearProject/CocoCare/ml/data/raw/mendeley/Bud Root Dropping/BudRootDropping015.jpg,Bud Root Dropping
/home/sivabharathi/Documents/FinalYearProject/CocoCare/ml/data/raw/mendeley/Leaf Rot/LeafRot1125.jpg,Leaf Rot
/home/sivabharathi/Documents/FinalYearProject/CocoCare/ml/data/raw/mendeley/Gray Leaf Spot/GrayLeafSpot1202.jpg,Gray Leaf Spot
/home/sivabharathi/Documents/FinalYearProject/CocoCare/ml/data/raw/mendeley/Stem Bleeding/StemBleeding414.jpg,Stem Bleeding
/home/sivabharathi/Documents/FinalYearProject/CocoCare/ml/data/raw/mendeley/Gray Leaf Spot/GrayLeafSpot1455.jpg,Gray Leaf Spot
/home/sivabharathi/Documents/FinalYearProject/CocoCare/ml/data/raw/mendeley/Leaf Rot/LeafRot839.jpg,Leaf Rot
/home/sivabharathi/Documents/FinalYearProject/CocoCare/ml/data/raw/mendeley/Bud Root Dropping/BudRootDropping310.jpg,Bud Root Dropping
/home/sivabharathi/Documents/FinalYearProject/CocoCare/ml/data/raw/mendeley/Bud Rot/BudRot467.jpg,Bud Rot
/home/sivabharathi/Documents/FinalYearProject/CocoCare/ml/data/raw/mendeley/Leaf Rot/LeafRot1404.jpg,Leaf Rot
/home/sivabharathi/Documents/FinalYearProject/CocoCare/ml/data/raw/mendeley/Gray Leaf Spot/GrayLeafSpot477.jpg,Gray Leaf Spot
/home/sivabharathi/Documents/FinalYearProject/CocoCare/ml/data/raw/mendeley/Gray Leaf Spot/GrayLeafSpot784.jpg,Gray Leaf Spot
/home/sivabharathi/Documents/FinalYearProject/CocoCare/ml/data/raw/mendeley/Gray Leaf Spot/GrayLeafSpot1480.jpg,Gray Leaf Spot
/home/sivabharathi/Documents/FinalYearProject/CocoCare/ml/data/raw/mendeley/Gray Leaf Spot/GrayLeafSpot1707.jpg,Gray Leaf Spot
/home/sivabharathi/Documents/FinalYearProject/CocoCare/ml/data/raw/mendeley/Stem Bleeding/StemBleeding621.jpg,Stem Bleeding
/home/sivabharathi/Documents/FinalYearProject/CocoCare/ml/data/raw/mendeley/Gray Leaf Spot/GrayLeafSpot436.jpg,Gray Leaf Spot
/home/sivabharathi/Documents/FinalYearProject/CocoCare/ml/data/raw/mendeley/Leaf Rot/LeafRot788.jpg,Leaf Rot
/home/sivabharathi/Documents/FinalYearProject/CocoCare/ml/data/raw/mendeley/Gray Leaf Spot/GrayLeafSpot1969.jpg,Gray Leaf Spot
/home/sivabharathi/Documents/FinalYearProject/CocoCare/ml/data/raw/mendeley/Leaf Rot/LeafRot1388.jpg,Leaf Rot
/home/sivabharathi/Documents/FinalYearProject/CocoCare/ml/data/raw/mendeley/Leaf Rot/LeafRot625.jpg,Leaf Rot
/home/sivabharathi/Documents/FinalYearProject/CocoCare/ml/data/raw/mendeley/Leaf Rot/LeafRot1251.jpg,Leaf Rot
/home/sivabharathi/Documents/FinalYearProject/CocoCare/ml/data/raw/mendeley/Stem Bleeding/StemBleeding538.jpg,Stem Bleeding
/home/sivabharathi/Documents/FinalYearProject/CocoCare/ml/data/raw/mendeley/Stem Bleeding/StemBleeding971.jpg,Stem Bleeding
/home/sivabharathi/Documents/FinalYearProject/CocoCare/ml/data/raw/mendeley/Leaf Rot/LeafRot1636.jpg,Leaf Rot
/home/sivabharathi/Documents/FinalYearProject/CocoCare/ml/data/raw/mendeley/Leaf Rot/LeafRot1007.jpg,Leaf Rot
/home/sivabharathi/Documents/FinalYearProject/CocoCare/ml/data/raw/mendeley/Bud Root Dropping/BudRootDropping324.jpg,Bud Root Dropping
/home/sivabharathi/Documents/FinalYearProject/CocoCare/ml/data/raw/mendeley/Bud Rot/BudRot345.jpg,Bud Rot
/home/sivabharathi/Documents/FinalYearProject/CocoCare/ml/data/raw/mendeley/Stem Bleeding/StemBleeding852.jpg,Stem Bleeding
/home/sivabharathi/Documents/FinalYearProject/CocoCare/ml/data/raw/mendeley/Gray Leaf Spot/GrayLeafSpot1120.jpg,Gray Leaf Spot
/home/sivabharathi/Documents/FinalYearProject/CocoCare/ml/data/raw/mendeley/Gray Leaf Spot/GrayLeafSpot2091.jpg,Gray Leaf Spot
/home/sivabharathi/Documents/FinalYearProject/CocoCare/ml/data/raw/mendeley/Gray Leaf Spot/GrayLeafSpot1096.jpg,Gray Leaf Spot
/home/sivabharathi/Documents/FinalYearProject/CocoCare/ml/data/raw/mendeley/Stem Bleeding/StemBleeding066.jpg,Stem Bleeding
/home/sivabharathi/Documents/FinalYearProject/CocoCare/ml/data/raw/mendeley/Leaf Rot/LeafRot192.jpg,Leaf Rot
/home/sivabharathi/Documents/FinalYearProject/CocoCare/ml/data/raw/mendeley/Bud Rot/BudRot203.jpg,Bud Rot
/home/sivabharathi/Documents/FinalYearProject/CocoCare/ml/data/raw/mendeley/Gray Leaf Spot/GrayLeafSpot1516.jpg,Gray Leaf Spot
/home/sivabharathi/Documents/FinalYearProject/CocoCare/ml/data/raw/mendeley/Gray Leaf Spot/GrayLeafSpot1214.jpg,Gray Leaf Spot
/home/sivabharathi/Documents/FinalYearProject/CocoCare/ml/data/raw/mendeley/Bud Root Dropping/BudRootDropping055.jpg,Bud Root Dropping
/home/sivabharathi/Documents/FinalYearProject/CocoCare/ml/data/raw/mendeley/Gray Leaf Spot/GrayLeafSpot1616.jpg,Gray Leaf Spot
/home/sivabharathi/Documents/FinalYearProject/CocoCare/ml/data/raw/mendeley/Stem Bleeding/StemBleeding504.jpg,Stem Bleeding
/home/sivabharathi/Documents/FinalYearProject/CocoCare/ml/data/raw/mendeley/Stem Bleeding/StemBleeding239.jpg,Stem Bleeding
/home/sivabharathi/Documents/FinalYearProject/CocoCare/ml/data/raw/mendeley/Stem Bleeding/StemBleeding025.jpg,Stem Bleeding
/home/sivabharathi/Documents/FinalYearProject/CocoCare/ml/data/raw/mendeley/Leaf Rot/LeafRot223.jpg,Leaf Rot
/home/sivabharathi/Documents/FinalYearProject/CocoCare/ml/data/raw/mendeley/Gray Leaf Spot/GrayLeafSpot1328.jpg,Gray Leaf Spot
/home/sivabharathi/Documents/FinalYearProject/CocoCare/ml/data/raw/mendeley/Bud Root Dropping/BudRootDropping112.jpg,Bud Root Dropping
/home/sivabharathi/Documents/FinalYearProject/CocoCare/ml/data/raw/mendeley/Gray Leaf Spot/GrayLeafSpot1687.jpg,Gray Leaf Spot
/home/sivabharathi/Documents/FinalYearProject/CocoCare/ml/data/raw/mendeley/Bud Root Dropping/BudRootDropping057.jpg,Bud Root Dropping
/home/sivabharathi/Documents/FinalYearProject/CocoCare/ml/data/raw/mendeley/Leaf Rot/LeafRot100.jpg,Leaf Rot
/home/sivabharathi/Documents/FinalYearProject/CocoCare/ml/data/raw/mendeley/Leaf Rot/LeafRot317.jpg,Leaf Rot
/home/sivabharathi/Documents/FinalYearProject/CocoCare/ml/data/raw/mendeley/Stem Bleeding/StemBleeding267.jpg,Stem Bleeding
/home/sivabharathi/Documents/FinalYearProject/CocoCare/ml/data/raw/mendeley/Bud Root Dropping/BudRootDropping101.jpg,Bud Root Dropping
/home/sivabharathi/Documents/FinalYearProject/CocoCare/ml/data/raw/mendeley/Stem Bleeding/StemBleeding321.jpg,Stem Bleeding
/home/sivabharathi/Documents/FinalYearProject/CocoCare/ml/data/raw/mendeley/Leaf Rot/LeafRot1658.jpg,Leaf Rot
/home/sivabharathi/Documents/FinalYearProject/CocoCare/ml/data/raw/mendeley/Leaf Rot/LeafRot1210.jpg,Leaf Rot
/home/sivabharathi/Documents/FinalYearProject/CocoCare/ml/data/raw/mendeley/Gray Leaf Spot/GrayLeafSpot1241.jpg,Gray Leaf Spot
/home/sivabharathi/Documents/FinalYearProject/CocoCare/ml/data/raw/mendeley/Stem Bleeding/StemBleeding679.jpg,Stem Bleeding
/home/sivabharathi/Documents/FinalYearProject/CocoCare/ml/data/raw/mendeley/Gray Leaf Spot/GrayLeafSpot1993.jpg,Gray Leaf Spot
/home/sivabharathi/Documents/FinalYearProject/CocoCare/ml/data/raw/mendeley/Leaf Rot/LeafRot946.jpg,Leaf Rot
/home/sivabharathi/Documents/FinalYearProject/CocoCare/ml/data/raw/mendeley/Gray Leaf Spot/GrayLeafSpot561.jpg,Gray Leaf Spot
/home/sivabharathi/Documents/FinalYearProject/CocoCare/ml/data/raw/mendeley/Gray Leaf Spot/GrayLeafSpot1849.jpg,Gray Leaf Spot
/home/sivabharathi/Documents/FinalYearProject/CocoCare/ml/data/raw/mendeley/Gray Leaf Spot/GrayLeafSpot572.jpg,Gray Leaf Spot
/home/sivabharathi/Documents/FinalYearProject/CocoCare/ml/data/raw/mendeley/Leaf Rot/LeafRot975.jpg,Leaf Rot
/home/sivabharathi/Documents/FinalYearProject/CocoCare/ml/data/raw/mendeley/Stem Bleeding/StemBleeding723.jpg,Stem Bleeding
/home/sivabharathi/Documents/FinalYearProject/CocoCare/ml/data/raw/mendeley/Gray Leaf Spot/GrayLeafSpot1271.jpg,Gray Leaf Spot
/home/sivabharathi/Documents/FinalYearProject/CocoCare/ml/data/raw/mendeley/Leaf Rot/LeafRot184.jpg,Leaf Rot
/home/sivabharathi/Documents/FinalYearProject/CocoCare/ml/data/raw/mendeley/Bud Rot/BudRot234.jpg,Bud Rot
/home/sivabharathi/Documents/FinalYearProject/CocoCare/ml/data/raw/mendeley/Leaf Rot/LeafRot1012.jpg,Leaf Rot
/home/sivabharathi/Documents/FinalYearProject/CocoCare/ml/data/raw/mendeley/Gray Leaf Spot/GrayLeafSpot1167.jpg,Gray Leaf Spot
/home/sivabharathi/Documents/FinalYearProject/CocoCare/ml/data/raw/mendeley/Gray Leaf Spot/GrayLeafSpot931.jpg,Gray Leaf Spot
/home/sivabharathi/Documents/FinalYearProject/CocoCare/ml/data/raw/mendeley/Stem Bleeding/StemBleeding599.jpg,Stem Bleeding
/home/sivabharathi/Documents/FinalYearProject/CocoCare/ml/data/raw/mendeley/Gray Leaf Spot/GrayLeafSpot865.jpg,Gray Leaf Spot
/home/sivabharathi/Documents/FinalYearProject/CocoCare/ml/data/raw/mendeley/Gray Leaf Spot/GrayLeafSpot092.jpg,Gray Leaf Spot
/home/sivabharathi/Documents/FinalYearProject/CocoCare/ml/data/raw/mendeley/Gray Leaf Spot/GrayLeafSpot2097.jpg,Gray Leaf Spot
/home/sivabharathi/Documents/FinalYearProject/CocoCare/ml/data/raw/mendeley/Gray Leaf Spot/GrayLeafSpot1840.jpg,Gray Leaf Spot
/home/sivabharathi/Documents/FinalYearProject/CocoCare/ml/data/raw/mendeley/Gray Leaf Spot/GrayLeafSpot557.jpg,Gray Leaf Spot
/home/sivabharathi/Documents/FinalYearProject/CocoCare/ml/data/raw/mendeley/Bud Rot/BudRot091.jpg,Bud Rot
/home/sivabharathi/Documents/FinalYearProject/CocoCare/ml/data/raw/mendeley/Leaf Rot/LeafRot604.jpg,Leaf Rot
/home/sivabharathi/Documents/FinalYearProject/CocoCare/ml/data/raw/mendeley/Gray Leaf Spot/GrayLeafSpot2014.jpg,Gray Leaf Spot
/home/sivabharathi/Documents/FinalYearProject/CocoCare/ml/data/raw/mendeley/Stem Bleeding/StemBleeding345.jpg,Stem Bleeding
/home/sivabharathi/Documents/FinalYearProject/CocoCare/ml/data/raw/mendeley/Stem Bleeding/StemBleeding493.jpg,Stem Bleeding
/home/sivabharathi/Documents/FinalYearProject/CocoCare/ml/data/raw/mendeley/Gray Leaf Spot/GrayLeafSpot1400.jpg,Gray Leaf Spot
/home/sivabharathi/Documents/FinalYearProject/CocoCare/ml/data/raw/mendeley/Leaf Rot/LeafRot201.jpg,Leaf Rot
/home/sivabharathi/Documents/FinalYearProject/CocoCare/ml/data/raw/mendeley/Leaf Rot/LeafRot133.jpg,Leaf Rot
/home/sivabharathi/Documents/FinalYearProject/CocoCare/ml/data/raw/mendeley/Leaf Rot/LeafRot1567.jpg,Leaf Rot
/home/sivabharathi/Documents/FinalYearProject/CocoCare/ml/data/raw/mendeley/Gray Leaf Spot/GrayLeafSpot424.jpg,Gray Leaf Spot
/home/sivabharathi/Documents/FinalYearProject/CocoCare/ml/data/raw/mendeley/Leaf Rot/LeafRot106.jpg,Leaf Rot
/home/sivabharathi/Documents/FinalYearProject/CocoCare/ml/data/raw/mendeley/Stem Bleeding/StemBleeding712.jpg,Stem Bleeding
/home/sivabharathi/Documents/FinalYearProject/CocoCare/ml/data/raw/mendeley/Gray Leaf Spot/GrayLeafSpot329.jpg,Gray Leaf Spot
/home/sivabharathi/Documents/FinalYearProject/CocoCare/ml/data/raw/mendeley/Leaf Rot/LeafRot654.jpg,Leaf Rot
/home/sivabharathi/Documents/FinalYearProject/CocoCare/ml/data/raw/mendeley/Bud Rot/BudRot396.jpg,Bud Rot
/home/sivabharathi/Documents/FinalYearProject/CocoCare/ml/data/raw/mendeley/Gray Leaf Spot/GrayLeafSpot382.jpg,Gray Leaf Spot
/home/sivabharathi/Documents/FinalYearProject/CocoCare/ml/data/raw/mendeley/Leaf Rot/LeafRot245.jpg,Leaf Rot
/home/sivabharathi/Documents/FinalYearProject/CocoCare/ml/data/raw/mendeley/Gray Leaf Spot/GrayLeafSpot716.jpg,Gray Leaf Spot
/home/sivabharathi/Documents/FinalYearProject/CocoCare/ml/data/raw/mendeley/Gray Leaf Spot/GrayLeafSpot907.jpg,Gray Leaf Spot
/home/sivabharathi/Documents/FinalYearProject/CocoCare/ml/data/raw/mendeley/Stem Bleeding/StemBleeding548.jpg,Stem Bleeding
/home/sivabharathi/Documents/FinalYearProject/CocoCare/ml/data/raw/mendeley/Leaf Rot/LeafRot1017.jpg,Leaf Rot
/home/sivabharathi/Documents/FinalYearProject/CocoCare/ml/data/raw/mendeley/Gray Leaf Spot/GrayLeafSpot1680.jpg,Gray Leaf Spot
/home/sivabharathi/Documents/FinalYearProject/CocoCare/ml/data/raw/mendeley/Bud Rot/BudRot453.jpg,Bud Rot
/home/sivabharathi/Documents/FinalYearProject/CocoCare/ml/data/raw/mendeley/Leaf Rot/LeafRot258.jpg,Leaf Rot
/home/sivabharathi/Documents/FinalYearProject/CocoCare/ml/data/raw/mendeley/Leaf Rot/LeafRot1423.jpg,Leaf Rot
/home/sivabharathi/Documents/FinalYearProject/CocoCare/ml/data/raw/mendeley/Gray Leaf Spot/GrayLeafSpot1304.jpg,Gray Leaf Spot
/home/sivabharathi/Documents/FinalYearProject/CocoCare/ml/data/raw/mendeley/Leaf Rot/LeafRot586.jpg,Leaf Rot
/home/sivabharathi/Documents/FinalYearProject/CocoCare/ml/data/raw/mendeley/Gray Leaf Spot/GrayLeafSpot1233.jpg,Gray Leaf Spot
/home/sivabharathi/Documents/FinalYearProject/CocoCare/ml/data/raw/mendeley/Bud Root Dropping/BudRootDropping056.jpg,Bud Root Dropping
/home/sivabharathi/Documents/FinalYearProject/CocoCare/ml/data/raw/mendeley/Gray Leaf Spot/GrayLeafSpot1102.jpg,Gray Leaf Spot
/home/sivabharathi/Documents/FinalYearProject/CocoCare/ml/data/raw/mendeley/Stem Bleeding/StemBleeding212.jpg,Stem Bleeding
/home/sivabharathi/Documents/FinalYearProject/CocoCare/ml/data/raw/mendeley/Bud Rot/BudRot436.jpg,Bud Rot
/home/sivabharathi/Documents/FinalYearProject/CocoCare/ml/data/raw/mendeley/Gray Leaf Spot/GrayLeafSpot603.jpg,Gray Leaf Spot
/home/sivabharathi/Documents/FinalYearProject/CocoCare/ml/data/raw/mendeley/Gray Leaf Spot/GrayLeafSpot1631.jpg,Gray Leaf Spot
/home/sivabharathi/Documents/FinalYearProject/CocoCare/ml/data/raw/mendeley/Gray Leaf Spot/GrayLeafSpot1191.jpg,Gray Leaf Spot
/home/sivabharathi/Documents/FinalYearProject/CocoCare/ml/data/raw/mendeley/Leaf Rot/LeafRot1624.jpg,Leaf Rot
/home/sivabharathi/Documents/FinalYearProject/CocoCare/ml/data/raw/mendeley/Bud Root Dropping/BudRootDropping322.jpg,Bud Root Dropping
/home/sivabharathi/Documents/FinalYearProject/CocoCare/ml/data/raw/mendeley/Gray Leaf Spot/GrayLeafSpot1086.jpg,Gray Leaf Spot
/home/sivabharathi/Documents/FinalYearProject/CocoCare/ml/data/raw/mendeley/Leaf Rot/LeafRot1116.jpg,Leaf Rot
/home/sivabharathi/Documents/FinalYearProject/CocoCare/ml/data/raw/mendeley/Stem Bleeding/StemBleeding328.jpg,Stem Bleeding
/home/sivabharathi/Documents/FinalYearProject/CocoCare/ml/data/raw/mendeley/Bud Rot/BudRot219.jpg,Bud Rot
/home/sivabharathi/Documents/FinalYearProject/CocoCare/ml/data/raw/mendeley/Bud Root Dropping/BudRootDropping267.jpg,Bud Root Dropping
/home/sivabharathi/Documents/FinalYearProject/CocoCare/ml/data/raw/mendeley/Bud Rot/BudRot112.jpg,Bud Rot
/home/sivabharathi/Documents/FinalYearProject/CocoCare/ml/data/raw/mendeley/Stem Bleeding/StemBleeding436.jpg,Stem Bleeding
/home/sivabharathi/Documents/FinalYearProject/CocoCare/ml/data/raw/mendeley/Leaf Rot/LeafRot1013.jpg,Leaf Rot
/home/sivabharathi/Documents/FinalYearProject/CocoCare/ml/data/raw/mendeley/Stem Bleeding/StemBleeding232.jpg,Stem Bleeding
/home/sivabharathi/Documents/FinalYearProject/CocoCare/ml/data/raw/mendeley/Gray Leaf Spot/GrayLeafSpot1672.jpg,Gray Leaf Spot
/home/sivabharathi/Documents/FinalYearProject/CocoCare/ml/data/raw/mendeley/Bud Root Dropping/BudRootDropping278.jpg,Bud Root Dropping
/home/sivabharathi/Documents/FinalYearProject/CocoCare/ml/data/raw/mendeley/Leaf Rot/LeafRot256.jpg,Leaf Rot
/home/sivabharathi/Documents/FinalYearProject/CocoCare/ml/data/raw/mendeley/Leaf Rot/LeafRot327.jpg,Leaf Rot
/home/sivabharathi/Documents/FinalYearProject/CocoCare/ml/data/raw/mendeley/Gray Leaf Spot/GrayLeafSpot1093.jpg,Gray Leaf Spot
/home/sivabharathi/Documents/FinalYearProject/CocoCare/ml/data/raw/mendeley/Leaf Rot/LeafRot1185.jpg,Leaf Rot
/home/sivabharathi/Documents/FinalYearProject/CocoCare/ml/data/raw/mendeley/Leaf Rot/LeafRot346.jpg,Leaf Rot
/home/sivabharathi/Documents/FinalYearProject/CocoCare/ml/data/raw/mendeley/Bud Rot/BudRot425.jpg,Bud Rot
/home/sivabharathi/Documents/FinalYearProject/CocoCare/ml/data/raw/mendeley/Gray Leaf Spot/GrayLeafSpot241.jpg,Gray Leaf Spot
/home/sivabharathi/Documents/FinalYearProject/CocoCare/ml/data/raw/mendeley/Bud Rot/BudRot233.jpg,Bud Rot
/home/sivabharathi/Documents/FinalYearProject/CocoCare/ml/data/raw/mendeley/Leaf Rot/LeafRot1472.jpg,Leaf Rot
/home/sivabharathi/Documents/FinalYearProject/CocoCare/ml/data/raw/mendeley/Stem Bleeding/StemBleeding479.jpg,Stem Bleeding
/home/sivabharathi/Documents/FinalYearProject/CocoCare/ml/data/raw/mendeley/Gray Leaf Spot/GrayLeafSpot220.jpg,Gray Leaf Spot
/home/sivabharathi/Documents/FinalYearProject/CocoCare/ml/data/raw/mendeley/Gray Leaf Spot/GrayLeafSpot1613.jpg,Gray Leaf Spot
/home/sivabharathi/Documents/FinalYearProject/CocoCare/ml/data/raw/mendeley/Stem Bleeding/StemBleeding973.jpg,Stem Bleeding
/home/sivabharathi/Documents/FinalYearProject/CocoCare/ml/data/raw/mendeley/Gray Leaf Spot/GrayLeafSpot1660.jpg,Gray Leaf Spot
/home/sivabharathi/Documents/FinalYearProject/CocoCare/ml/data/raw/mendeley/Leaf Rot/LeafRot474.jpg,Leaf Rot
/home/sivabharathi/Documents/FinalYearProject/CocoCare/ml/data/raw/mendeley/Bud Root Dropping/BudRootDropping459.jpg,Bud Root Dropping
/home/sivabharathi/Documents/FinalYearProject/CocoCare/ml/data/raw/mendeley/Gray Leaf Spot/GrayLeafSpot575.jpg,Gray Leaf Spot
/home/sivabharathi/Documents/FinalYearProject/CocoCare/ml/data/raw/mendeley/Leaf Rot/LeafRot1565.jpg,Leaf Rot
/home/sivabharathi/Documents/FinalYearProject/CocoCare/ml/data/raw/mendeley/Gray Leaf Spot/GrayLeafSpot955.jpg,Gray Leaf Spot
/home/sivabharathi/Documents/FinalYearProject/CocoCare/ml/data/raw/mendeley/Leaf Rot/LeafRot203.jpg,Leaf Rot
/home/sivabharathi/Documents/FinalYearProject/CocoCare/ml/data/raw/mendeley/Stem Bleeding/StemBleeding702.jpg,Stem Bleeding
/home/sivabharathi/Documents/FinalYearProject/CocoCare/ml/data/raw/mendeley/Leaf Rot/LeafRot917.jpg,Leaf Rot
/home/sivabharathi/Documents/FinalYearProject/CocoCare/ml/data/raw/mendeley/Stem Bleeding/StemBleeding122.jpg,Stem Bleeding
/home/sivabharathi/Documents/FinalYearProject/CocoCare/ml/data/raw/mendeley/Gray Leaf Spot/GrayLeafSpot1332.jpg,Gray Leaf Spot
/home/sivabharathi/Documents/FinalYearProject/CocoCare/ml/data/raw/mendeley/Leaf Rot/LeafRot102.jpg,Leaf Rot
/home/sivabharathi/Documents/FinalYearProject/CocoCare/ml/data/raw/mendeley/Gray Leaf Spot/GrayLeafSpot1789.jpg,Gray Leaf Spot
/home/sivabharathi/Documents/FinalYearProject/CocoCare/ml/data/raw/mendeley/Gray Leaf Spot/GrayLeafSpot793.jpg,Gray Leaf Spot
/home/sivabharathi/Documents/FinalYearProject/CocoCare/ml/data/raw/mendeley/Bud Root Dropping/BudRootDropping175.jpg,Bud Root Dropping
/home/sivabharathi/Documents/FinalYearProject/CocoCare/ml/data/raw/mendeley/Leaf Rot/LeafRot358.jpg,Leaf Rot
/home/sivabharathi/Documents/FinalYearProject/CocoCare/ml/data/raw/mendeley/Bud Rot/BudRot148.jpg,Bud Rot
/home/sivabharathi/Documents/FinalYearProject/CocoCare/ml/data/raw/mendeley/Leaf Rot/LeafRot345.jpg,Leaf Rot
/home/sivabharathi/Documents/FinalYearProject/CocoCare/ml/data/raw/mendeley/Leaf Rot/LeafRot1659.jpg,Leaf Rot
/home/sivabharathi/Documents/FinalYearProject/CocoCare/ml/data/raw/mendeley/Gray Leaf Spot/GrayLeafSpot816.jpg,Gray Leaf Spot
/home/sivabharathi/Documents/FinalYearProject/CocoCare/ml/data/raw/mendeley/Leaf Rot/LeafRot890.jpg,Leaf Rot
/home/sivabharathi/Documents/FinalYearProject/CocoCare/ml/data/raw/mendeley/Bud Root Dropping/BudRootDropping348.jpg,Bud Root Dropping
/home/sivabharathi/Documents/FinalYearProject/CocoCare/ml/data/raw/mendeley/Leaf Rot/LeafRot1215.jpg,Leaf Rot
/home/sivabharathi/Documents/FinalYearProject/CocoCare/ml/data/raw/mendeley/Gray Leaf Spot/GrayLeafSpot1730.jpg,Gray Leaf Spot
/home/sivabharathi/Documents/FinalYearProject/CocoCare/ml/data/raw/mendeley/Leaf Rot/LeafRot421.jpg,Leaf Rot
/home/sivabharathi/Documents/FinalYearProject/CocoCare/ml/data/raw/mendeley/Gray Leaf Spot/GrayLeafSpot1210.jpg,Gray Leaf Spot
/home/sivabharathi/Documents/FinalYearProject/CocoCare/ml/data/raw/mendeley/Leaf Rot/LeafRot1603.jpg,Leaf Rot
/home/sivabharathi/Documents/FinalYearProject/CocoCare/ml/data/raw/mendeley/Gray Leaf Spot/GrayLeafSpot896.jpg,Gray Leaf Spot
/home/sivabharathi/Documents/FinalYearProject/CocoCare/ml/data/raw/mendeley/Leaf Rot/LeafRot1335.jpg,Leaf Rot
/home/sivabharathi/Documents/FinalYearProject/CocoCare/ml/data/raw/mendeley/Gray Leaf Spot/GrayLeafSpot882.jpg,Gray Leaf Spot
/home/sivabharathi/Documents/FinalYearProject/CocoCare/ml/data/raw/mendeley/Gray Leaf Spot/GrayLeafSpot1515.jpg,Gray Leaf Spot
/home/sivabharathi/Documents/FinalYearProject/CocoCare/ml/data/raw/mendeley/Leaf Rot/LeafRot382.jpg,Leaf Rot
/home/sivabharathi/Documents/FinalYearProject/CocoCare/ml/data/raw/mendeley/Leaf Rot/LeafRot965.jpg,Leaf Rot
/home/sivabharathi/Documents/FinalYearProject/CocoCare/ml/data/raw/mendeley/Bud Root Dropping/BudRootDropping289.jpg,Bud Root Dropping
/home/sivabharathi/Documents/FinalYearProject/CocoCare/ml/data/raw/mendeley/Bud Rot/BudRot167.jpg,Bud Rot
/home/sivabharathi/Documents/FinalYearProject/CocoCare/ml/data/raw/mendeley/Gray Leaf Spot/GrayLeafSpot1355.jpg,Gray Leaf Spot
/home/sivabharathi/Documents/FinalYearProject/CocoCare/ml/data/raw/mendeley/Gray Leaf Spot/GrayLeafSpot1661.jpg,Gray Leaf Spot
/home/sivabharathi/Documents/FinalYearProject/CocoCare/ml/data/raw/mendeley/Bud Rot/BudRot312.jpg,Bud Rot
/home/sivabharathi/Documents/FinalYearProject/CocoCare/ml/data/raw/mendeley/Leaf Rot/LeafRot1277.jpg,Leaf Rot
/home/sivabharathi/Documents/FinalYearProject/CocoCare/ml/data/raw/mendeley/Gray Leaf Spot/GrayLeafSpot1798.jpg,Gray Leaf Spot
/home/sivabharathi/Documents/FinalYearProject/CocoCare/ml/data/raw/mendeley/Gray Leaf Spot/GrayLeafSpot1824.jpg,Gray Leaf Spot
/home/sivabharathi/Documents/FinalYearProject/CocoCare/ml/data/raw/mendeley/Leaf Rot/LeafRot843.jpg,Leaf Rot
/home/sivabharathi/Documents/FinalYearProject/CocoCare/ml/data/raw/mendeley/Gray Leaf Spot/GrayLeafSpot517.jpg,Gray Leaf Spot
/home/sivabharathi/Documents/FinalYearProject/CocoCare/ml/data/raw/mendeley/Bud Root Dropping/BudRootDropping169.jpg,Bud Root Dropping
/home/sivabharathi/Documents/FinalYearProject/CocoCare/ml/data/raw/mendeley/Leaf Rot/LeafRot452.jpg,Leaf Rot
/home/sivabharathi/Documents/FinalYearProject/CocoCare/ml/data/raw/mendeley/Leaf Rot/LeafRot522.jpg,Leaf Rot
/home/sivabharathi/Documents/FinalYearProject/CocoCare/ml/data/raw/mendeley/Leaf Rot/LeafRot1369.jpg,Leaf Rot
/home/sivabharathi/Documents/FinalYearProject/CocoCare/ml/data/raw/mendeley/Gray Leaf Spot/GrayLeafSpot1827.jpg,Gray Leaf Spot
/home/sivabharathi/Documents/FinalYearProject/CocoCare/ml/data/raw/mendeley/Gray Leaf Spot/GrayLeafSpot1446.jpg,Gray Leaf Spot
/home/sivabharathi/Documents/FinalYearProject/CocoCare/ml/data/raw/mendeley/Bud Root Dropping/BudRootDropping118.jpg,Bud Root Dropping
/home/sivabharathi/Documents/FinalYearProject/CocoCare/ml/data/raw/mendeley/Gray Leaf Spot/GrayLeafSpot522.jpg,Gray Leaf Spot
/home/sivabharathi/Documents/FinalYearProject/CocoCare/ml/data/raw/mendeley/Gray Leaf Spot/GrayLeafSpot1230.jpg,Gray Leaf Spot
/home/sivabharathi/Documents/FinalYearProject/CocoCare/ml/data/raw/mendeley/Gray Leaf Spot/GrayLeafSpot1092.jpg,Gray Leaf Spot
/home/sivabharathi/Documents/FinalYearProject/CocoCare/ml/data/raw/mendeley/Gray Leaf Spot/GrayLeafSpot1066.jpg,Gray Leaf Spot
/home/sivabharathi/Documents/FinalYearProject/CocoCare/ml/data/raw/mendeley/Gray Leaf Spot/GrayLeafSpot1279.jpg,Gray Leaf Spot
/home/sivabharathi/Documents/FinalYearProject/CocoCare/ml/data/raw/mendeley/Stem Bleeding/StemBleeding415.jpg,Stem Bleeding
/home/sivabharathi/Documents/FinalYearProject/CocoCare/ml/data/raw/mendeley/Stem Bleeding/StemBleeding035.jpg,Stem Bleeding
/home/sivabharathi/Documents/FinalYearProject/CocoCare/ml/data/raw/mendeley/Gray Leaf Spot/GrayLeafSpot131.jpg,Gray Leaf Spot
/home/sivabharathi/Documents/FinalYearProject/CocoCare/ml/data/raw/mendeley/Gray Leaf Spot/GrayLeafSpot590.jpg,Gray Leaf Spot
/home/sivabharathi/Documents/FinalYearProject/CocoCare/ml/data/raw/mendeley/Leaf Rot/LeafRot638.jpg,Leaf Rot
/home/sivabharathi/Documents/FinalYearProject/CocoCare/ml/data/raw/mendeley/Leaf Rot/LeafRot284.jpg,Leaf Rot
/home/sivabharathi/Documents/FinalYearProject/CocoCare/ml/data/raw/mendeley/Bud Root Dropping/BudRootDropping060.jpg,Bud Root Dropping
/home/sivabharathi/Documents/FinalYearProject/CocoCare/ml/data/raw/mendeley/Bud Root Dropping/BudRootDropping406.jpg,Bud Root Dropping
/home/sivabharathi/Documents/FinalYearProject/CocoCare/ml/data/raw/mendeley/Gray Leaf Spot/GrayLeafSpot1372.jpg,Gray Leaf Spot
/home/sivabharathi/Documents/FinalYearProject/CocoCare/ml/data/raw/mendeley/Stem Bleeding/StemBleeding002.jpg,Stem Bleeding
/home/sivabharathi/Documents/FinalYearProject/CocoCare/ml/data/raw/mendeley/Leaf Rot/LeafRot1447.jpg,Leaf Rot
/home/sivabharathi/Documents/FinalYearProject/CocoCare/ml/data/raw/mendeley/Bud Root Dropping/BudRootDropping123.jpg,Bud Root Dropping
/home/sivabharathi/Documents/FinalYearProject/CocoCare/ml/data/raw/mendeley/Bud Root Dropping/BudRootDropping411.jpg,Bud Root Dropping
/home/sivabharathi/Documents/FinalYearProject/CocoCare/ml/data/raw/mendeley/Gray Leaf Spot/GrayLeafSpot751.jpg,Gray Leaf Spot
/home/sivabharathi/Documents/FinalYearProject/CocoCare/ml/data/raw/mendeley/Bud Root Dropping/BudRootDropping239.jpg,Bud Root Dropping
/home/sivabharathi/Documents/FinalYearProject/CocoCare/ml/data/raw/mendeley/Gray Leaf Spot/GrayLeafSpot547.jpg,Gray Leaf Spot
/home/sivabharathi/Documents/FinalYearProject/CocoCare/ml/data/raw/mendeley/Bud Root Dropping/BudRootDropping509.jpg,Bud Root Dropping
/home/sivabharathi/Documents/FinalYearProject/CocoCare/ml/data/raw/mendeley/Gray Leaf Spot/GrayLeafSpot2120.jpg,Gray Leaf Spot
/home/sivabharathi/Documents/FinalYearProject/CocoCare/ml/data/raw/mendeley/Gray Leaf Spot/GrayLeafSpot075.jpg,Gray Leaf Spot
/home/sivabharathi/Documents/FinalYearProject/CocoCare/ml/data/raw/mendeley/Gray Leaf Spot/GrayLeafSpot343.jpg,Gray Leaf Spot
/home/sivabharathi/Documents/FinalYearProject/CocoCare/ml/data/raw/mendeley/Leaf Rot/LeafRot1085.jpg,Leaf Rot
/home/sivabharathi/Documents/FinalYearProject/CocoCare/ml/data/raw/mendeley/Leaf Rot/LeafRot1510.jpg,Leaf Rot
/home/sivabharathi/Documents/FinalYearProject/CocoCare/ml/data/raw/mendeley/Gray Leaf Spot/GrayLeafSpot1983.jpg,Gray Leaf Spot
/home/sivabharathi/Documents/FinalYearProject/CocoCare/ml/data/raw/mendeley/Gray Leaf Spot/GrayLeafSpot1809.jpg,Gray Leaf Spot
/home/sivabharathi/Documents/FinalYearProject/CocoCare/ml/data/raw/mendeley/Stem Bleeding/StemBleeding518.jpg,Stem Bleeding
/home/sivabharathi/Documents/FinalYearProject/CocoCare/ml/data/raw/mendeley/Gray Leaf Spot/GrayLeafSpot1639.jpg,Gray Leaf Spot
/home/sivabharathi/Documents/FinalYearProject/CocoCare/ml/data/raw/mendeley/Leaf Rot/LeafRot1224.jpg,Leaf Rot
/home/sivabharathi/Documents/FinalYearProject/CocoCare/ml/data/raw/mendeley/Leaf Rot/LeafRot702.jpg,Leaf Rot
/home/sivabharathi/Documents/FinalYearProject/CocoCare/ml/data/raw/mendeley/Stem Bleeding/StemBleeding223.jpg,Stem Bleeding
/home/sivabharathi/Documents/FinalYearProject/CocoCare/ml/data/raw/mendeley/Bud Rot/BudRot026.jpg,Bud Rot
/home/sivabharathi/Documents/FinalYearProject/CocoCare/ml/data/raw/mendeley/Bud Rot/BudRot222.jpg,Bud Rot
/home/sivabharathi/Documents/FinalYearProject/CocoCare/ml/data/raw/mendeley/Bud Rot/BudRot223.jpg,Bud Rot
/home/sivabharathi/Documents/FinalYearProject/CocoCare/ml/data/raw/mendeley/Gray Leaf Spot/GrayLeafSpot387.jpg,Gray Leaf Spot
/home/sivabharathi/Documents/FinalYearProject/CocoCare/ml/data/raw/mendeley/Gray Leaf Spot/GrayLeafSpot1927.jpg,Gray Leaf Spot
/home/sivabharathi/Documents/FinalYearProject/CocoCare/ml/data/raw/mendeley/Leaf Rot/LeafRot1071.jpg,Leaf Rot
/home/sivabharathi/Documents/FinalYearProject/CocoCare/ml/data/raw/mendeley/Leaf Rot/LeafRot993.jpg,Leaf Rot
/home/sivabharathi/Documents/FinalYearProject/CocoCare/ml/data/raw/mendeley/Bud Root Dropping/BudRootDropping116.jpg,Bud Root Dropping
/home/sivabharathi/Documents/FinalYearProject/CocoCare/ml/data/raw/mendeley/Gray Leaf Spot/GrayLeafSpot1013.jpg,Gray Leaf Spot
/home/sivabharathi/Documents/FinalYearProject/CocoCare/ml/data/raw/mendeley/Gray Leaf Spot/GrayLeafSpot301.jpg,Gray Leaf Spot
/home/sivabharathi/Documents/FinalYearProject/CocoCare/ml/data/raw/mendeley/Leaf Rot/LeafRot1444.jpg,Leaf Rot
/home/sivabharathi/Documents/FinalYearProject/CocoCare/ml/data/raw/mendeley/Gray Leaf Spot/GrayLeafSpot1320.jpg,Gray Leaf Spot
/home/sivabharathi/Documents/FinalYearProject/CocoCare/ml/data/raw/mendeley/Bud Root Dropping/BudRootDropping283.jpg,Bud Root Dropping
/home/sivabharathi/Documents/FinalYearProject/CocoCare/ml/data/raw/mendeley/Gray Leaf Spot/GrayLeafSpot1133.jpg,Gray Leaf Spot
/home/sivabharathi/Documents/FinalYearProject/CocoCare/ml/data/raw/mendeley/Leaf Rot/LeafRot1431.jpg,Leaf Rot
/home/sivabharathi/Documents/FinalYearProject/CocoCare/ml/data/raw/mendeley/Gray Leaf Spot/GrayLeafSpot028.jpg,Gray Leaf Spot
/home/sivabharathi/Documents/FinalYearProject/CocoCare/ml/data/raw/mendeley/Stem Bleeding/StemBleeding219.jpg,Stem Bleeding
/home/sivabharathi/Documents/FinalYearProject/CocoCare/ml/data/raw/mendeley/Leaf Rot/LeafRot848.jpg,Leaf Rot
/home/sivabharathi/Documents/FinalYearProject/CocoCare/ml/data/raw/mendeley/Leaf Rot/LeafRot516.jpg,Leaf Rot
/home/sivabharathi/Documents/FinalYearProject/CocoCare/ml/data/raw/mendeley/Gray Leaf Spot/GrayLeafSpot671.jpg,Gray Leaf Spot
/home/sivabharathi/Documents/FinalYearProject/CocoCare/ml/data/raw/mendeley/Stem Bleeding/StemBleeding369.jpg,Stem Bleeding
/home/sivabharathi/Documents/FinalYearProject/CocoCare/ml/data/raw/mendeley/Leaf Rot/LeafRot947.jpg,Leaf Rot
/home/sivabharathi/Documents/FinalYearProject/CocoCare/ml/data/raw/mendeley/Gray Leaf Spot/GrayLeafSpot1377.jpg,Gray Leaf Spot
/home/sivabharathi/Documents/FinalYearProject/CocoCare/ml/data/raw/mendeley/Leaf Rot/LeafRot750.jpg,Leaf Rot
/home/sivabharathi/Documents/FinalYearProject/CocoCare/ml/data/raw/mendeley/Leaf Rot/LeafRot1607.jpg,Leaf Rot
/home/sivabharathi/Documents/FinalYearProject/CocoCare/ml/data/raw/mendeley/Leaf Rot/LeafRot510.jpg,Leaf Rot
/home/sivabharathi/Documents/FinalYearProject/CocoCare/ml/data/raw/mendeley/Leaf Rot/LeafRot463.jpg,Leaf Rot
/home/sivabharathi/Documents/FinalYearProject/CocoCare/ml/data/raw/mendeley/Gray Leaf Spot/GrayLeafSpot1205.jpg,Gray Leaf Spot
/home/sivabharathi/Documents/FinalYearProject/CocoCare/ml/data/raw/mendeley/Bud Rot/BudRot161.jpg,Bud Rot
/home/sivabharathi/Documents/FinalYearProject/CocoCare/ml/data/raw/mendeley/Gray Leaf Spot/GrayLeafSpot1104.jpg,Gray Leaf Spot
/home/sivabharathi/Documents/FinalYearProject/CocoCare/ml/data/raw/mendeley/Stem Bleeding/StemBleeding266.jpg,Stem Bleeding
/home/sivabharathi/Documents/FinalYearProject/CocoCare/ml/data/raw/mendeley/Gray Leaf Spot/GrayLeafSpot228.jpg,Gray Leaf Spot
/home/sivabharathi/Documents/FinalYearProject/CocoCare/ml/data/raw/mendeley/Leaf Rot/LeafRot642.jpg,Leaf Rot
/home/sivabharathi/Documents/FinalYearProject/CocoCare/ml/data/raw/mendeley/Gray Leaf Spot/GrayLeafSpot1764.jpg,Gray Leaf Spot
/home/sivabharathi/Documents/FinalYearProject/CocoCare/ml/data/raw/mendeley/Gray Leaf Spot/GrayLeafSpot1797.jpg,Gray Leaf Spot
/home/sivabharathi/Documents/FinalYearProject/CocoCare/ml/data/raw/mendeley/Stem Bleeding/StemBleeding078.jpg,Stem Bleeding
/home/sivabharathi/Documents/FinalYearProject/CocoCare/ml/data/raw/mendeley/Gray Leaf Spot/GrayLeafSpot2040.jpg,Gray Leaf Spot
/home/sivabharathi/Documents/FinalYearProject/CocoCare/ml/data/raw/mendeley/Leaf Rot/LeafRot406.jpg,Leaf Rot
/home/sivabharathi/Documents/FinalYearProject/CocoCare/ml/data/raw/mendeley/Leaf Rot/LeafRot550.jpg,Leaf Rot
/home/sivabharathi/Documents/FinalYearProject/CocoCare/ml/data/raw/mendeley/Leaf Rot/LeafRot765.jpg,Leaf Rot
/home/sivabharathi/Documents/FinalYearProject/CocoCare/ml/data/raw/mendeley/Gray Leaf Spot/GrayLeafSpot1908.jpg,Gray Leaf Spot
/home/sivabharathi/Documents/FinalYearProject/CocoCare/ml/data/raw/mendeley/Leaf Rot/LeafRot624.jpg,Leaf Rot
/home/sivabharathi/Documents/FinalYearProject/CocoCare/ml/data/raw/mendeley/Leaf Rot/LeafRot598.jpg,Leaf Rot
/home/sivabharathi/Documents/FinalYearProject/CocoCare/ml/data/raw/mendeley/Bud Root Dropping/BudRootDropping512.jpg,Bud Root Dropping
/home/sivabharathi/Documents/FinalYearProject/CocoCare/ml/data/raw/mendeley/Leaf Rot/LeafRot789.jpg,Leaf Rot
/home/sivabharathi/Documents/FinalYearProject/CocoCare/ml/data/raw/mendeley/Bud Root Dropping/BudRootDropping238.jpg,Bud Root Dropping
/home/sivabharathi/Documents/FinalYearProject/CocoCare/ml/data/raw/mendeley/Gray Leaf Spot/GrayLeafSpot934.jpg,Gray Leaf Spot
/home/sivabharathi/Documents/FinalYearProject/CocoCare/ml/data/raw/mendeley/Leaf Rot/LeafRot1283.jpg,Leaf Rot
/home/sivabharathi/Documents/FinalYearProject/CocoCare/ml/data/raw/mendeley/Leaf Rot/LeafRot1051.jpg,Leaf Rot
/home/sivabharathi/Documents/FinalYearProject/CocoCare/ml/data/raw/mendeley/Bud Rot/BudRot015.jpg,Bud Rot
/home/sivabharathi/Documents/FinalYearProject/CocoCare/ml/data/raw/mendeley/Gray Leaf Spot/GrayLeafSpot1130.jpg,Gray Leaf Spot
/home/sivabharathi/Documents/FinalYearProject/CocoCare/ml/data/raw/mendeley/Stem Bleeding/StemBleeding477.jpg,Stem Bleeding
/home/sivabharathi/Documents/FinalYearProject/CocoCare/ml/data/raw/mendeley/Gray Leaf Spot/GrayLeafSpot1991.jpg,Gray Leaf Spot
/home/sivabharathi/Documents/FinalYearProject/CocoCare/ml/data/raw/mendeley/Leaf Rot/LeafRot465.jpg,Leaf Rot
/home/sivabharathi/Documents/FinalYearProject/CocoCare/ml/data/raw/mendeley/Stem Bleeding/StemBleeding485.jpg,Stem Bleeding
/home/sivabharathi/Documents/FinalYearProject/CocoCare/ml/data/raw/mendeley/Gray Leaf Spot/GrayLeafSpot2055.jpg,Gray Leaf Spot
/home/sivabharathi/Documents/FinalYearProject/CocoCare/ml/data/raw/mendeley/Leaf Rot/LeafRot726.jpg,Leaf Rot
/home/sivabharathi/Documents/FinalYearProject/CocoCare/ml/data/raw/mendeley/Stem Bleeding/StemBleeding614.jpg,Stem Bleeding
/home/sivabharathi/Documents/FinalYearProject/CocoCare/ml/data/raw/mendeley/Gray Leaf Spot/GrayLeafSpot365.jpg,Gray Leaf Spot
/home/sivabharathi/Documents/FinalYearProject/CocoCare/ml/data/raw/mendeley/Gray Leaf Spot/GrayLeafSpot1735.jpg,Gray Leaf Spot
/home/sivabharathi/Documents/FinalYearProject/CocoCare/ml/data/raw/mendeley/Stem Bleeding/StemBleeding969.jpg,Stem Bleeding
/home/sivabharathi/Documents/FinalYearProject/CocoCare/ml/data/raw/mendeley/Bud Root Dropping/BudRootDropping070.jpg,Bud Root Dropping
/home/sivabharathi/Documents/FinalYearProject/CocoCare/ml/data/raw/mendeley/Gray Leaf Spot/GrayLeafSpot1117.jpg,Gray Leaf Spot
/home/sivabharathi/Documents/FinalYearProject/CocoCare/ml/data/raw/mendeley/Gray Leaf Spot/GrayLeafSpot616.jpg,Gray Leaf Spot
/home/sivabharathi/Documents/FinalYearProject/CocoCare/ml/data/raw/mendeley/Leaf Rot/LeafRot297.jpg,Leaf Rot
/home/sivabharathi/Documents/FinalYearProject/CocoCare/ml/data/raw/mendeley/Leaf Rot/LeafRot145.jpg,Leaf Rot
/home/sivabharathi/Documents/FinalYearProject/CocoCare/ml/data/raw/mendeley/Bud Rot/BudRot252.jpg,Bud Rot
/home/sivabharathi/Documents/FinalYearProject/CocoCare/ml/data/raw/mendeley/Bud Rot/BudRot037.jpg,Bud Rot
/home/sivabharathi/Documents/FinalYearProject/CocoCare/ml/data/raw/mendeley/Stem Bleeding/StemBleeding545.jpg,Stem Bleeding
/home/sivabharathi/Documents/FinalYearProject/CocoCare/ml/data/raw/mendeley/Gray Leaf Spot/GrayLeafSpot951.jpg,Gray Leaf Spot
/home/sivabharathi/Documents/FinalYearProject/CocoCare/ml/data/raw/mendeley/Leaf Rot/LeafRot061.jpg,Leaf Rot
/home/sivabharathi/Documents/FinalYearProject/CocoCare/ml/data/raw/mendeley/Bud Root Dropping/BudRootDropping371.jpg,Bud Root Dropping
/home/sivabharathi/Documents/FinalYearProject/CocoCare/ml/data/raw/mendeley/Leaf Rot/LeafRot1533.jpg,Leaf Rot
/home/sivabharathi/Documents/FinalYearProject/CocoCare/ml/data/raw/mendeley/Gray Leaf Spot/GrayLeafSpot1206.jpg,Gray Leaf Spot
/home/sivabharathi/Documents/FinalYearProject/CocoCare/ml/data/raw/mendeley/Gray Leaf Spot/GrayLeafSpot678.jpg,Gray Leaf Spot
/home/sivabharathi/Documents/FinalYearProject/CocoCare/ml/data/raw/mendeley/Gray Leaf Spot/GrayLeafSpot1617.jpg,Gray Leaf Spot
/home/sivabharathi/Documents/FinalYearProject/CocoCare/ml/data/raw/mendeley/Gray Leaf Spot/GrayLeafSpot005.jpg,Gray Leaf Spot
/home/sivabharathi/Documents/FinalYearProject/CocoCare/ml/data/raw/mendeley/Leaf Rot/LeafRot104.jpg,Leaf Rot
/home/sivabharathi/Documents/FinalYearProject/CocoCare/ml/data/raw/mendeley/Gray Leaf Spot/GrayLeafSpot1270.jpg,Gray Leaf Spot
/home/sivabharathi/Documents/FinalYearProject/CocoCare/ml/data/raw/mendeley/Gray Leaf Spot/GrayLeafSpot1491.jpg,Gray Leaf Spot
/home/sivabharathi/Documents/FinalYearProject/CocoCare/ml/data/raw/mendeley/Stem Bleeding/StemBleeding699.jpg,Stem Bleeding
/home/sivabharathi/Documents/FinalYearProject/CocoCare/ml/data/raw/mendeley/Leaf Rot/LeafRot063.jpg,Leaf Rot
/home/sivabharathi/Documents/FinalYearProject/CocoCare/ml/data/raw/mendeley/Bud Rot/BudRot375.jpg,Bud Rot
/home/sivabharathi/Documents/FinalYearProject/CocoCare/ml/data/raw/mendeley/Bud Rot/BudRot320.jpg,Bud Rot
/home/sivabharathi/Documents/FinalYearProject/CocoCare/ml/data/raw/mendeley/Gray Leaf Spot/GrayLeafSpot1612.jpg,Gray Leaf Spot
/home/sivabharathi/Documents/FinalYearProject/CocoCare/ml/data/raw/mendeley/Leaf Rot/LeafRot1229.jpg,Leaf Rot
/home/sivabharathi/Documents/FinalYearProject/CocoCare/ml/data/raw/mendeley/Stem Bleeding/StemBleeding104.jpg,Stem Bleeding
/home/sivabharathi/Documents/FinalYearProject/CocoCare/ml/data/raw/mendeley/Bud Rot/BudRot149.jpg,Bud Rot
/home/sivabharathi/Documents/FinalYearProject/CocoCare/ml/data/raw/mendeley/Gray Leaf Spot/GrayLeafSpot315.jpg,Gray Leaf Spot
/home/sivabharathi/Documents/FinalYearProject/CocoCare/ml/data/raw/mendeley/Leaf Rot/LeafRot1192.jpg,Leaf Rot
/home/sivabharathi/Documents/FinalYearProject/CocoCare/ml/data/raw/mendeley/Leaf Rot/LeafRot593.jpg,Leaf Rot
/home/sivabharathi/Documents/FinalYearProject/CocoCare/ml/data/raw/mendeley/Gray Leaf Spot/GrayLeafSpot2109.jpg,Gray Leaf Spot
/home/sivabharathi/Documents/FinalYearProject/CocoCare/ml/data/raw/mendeley/Gray Leaf Spot/GrayLeafSpot1147.jpg,Gray Leaf Spot
/home/sivabharathi/Documents/FinalYearProject/CocoCare/ml/data/raw/mendeley/Bud Root Dropping/BudRootDropping294.jpg,Bud Root Dropping
/home/sivabharathi/Documents/FinalYearProject/CocoCare/ml/data/raw/mendeley/Gray Leaf Spot/GrayLeafSpot1774.jpg,Gray Leaf Spot
/home/sivabharathi/Documents/FinalYearProject/CocoCare/ml/data/raw/mendeley/Leaf Rot/LeafRot272.jpg,Leaf Rot
/home/sivabharathi/Documents/FinalYearProject/CocoCare/ml/data/raw/mendeley/Stem Bleeding/StemBleeding659.jpg,Stem Bleeding
/home/sivabharathi/Documents/FinalYearProject/CocoCare/ml/data/raw/mendeley/Gray Leaf Spot/GrayLeafSpot2081.jpg,Gray Leaf Spot
/home/sivabharathi/Documents/FinalYearProject/CocoCare/ml/data/raw/mendeley/Gray Leaf Spot/GrayLeafSpot1644.jpg,Gray Leaf Spot
/home/sivabharathi/Documents/FinalYearProject/CocoCare/ml/data/raw/mendeley/Leaf Rot/LeafRot913.jpg,Leaf Rot
/home/sivabharathi/Documents/FinalYearProject/CocoCare/ml/data/raw/mendeley/Gray Leaf Spot/GrayLeafSpot638.jpg,Gray Leaf Spot
/home/sivabharathi/Documents/FinalYearProject/CocoCare/ml/data/raw/mendeley/Gray Leaf Spot/GrayLeafSpot104.jpg,Gray Leaf Spot
/home/sivabharathi/Documents/FinalYearProject/CocoCare/ml/data/raw/mendeley/Bud Root Dropping/BudRootDropping197.jpg,Bud Root Dropping
/home/sivabharathi/Documents/FinalYearProject/CocoCare/ml/data/raw/mendeley/Stem Bleeding/StemBleeding445.jpg,Stem Bleeding
/home/sivabharathi/Documents/FinalYearProject/CocoCare/ml/data/raw/mendeley/Leaf Rot/LeafRot150.jpg,Leaf Rot
/home/sivabharathi/Documents/FinalYearProject/CocoCare/ml/data/raw/mendeley/Gray Leaf Spot/GrayLeafSpot1533.jpg,Gray Leaf Spot
/home/sivabharathi/Documents/FinalYearProject/CocoCare/ml/data/raw/mendeley/Gray Leaf Spot/GrayLeafSpot208.jpg,Gray Leaf Spot
/home/sivabharathi/Documents/FinalYearProject/CocoCare/ml/data/raw/mendeley/Leaf Rot/LeafRot319.jpg,Leaf Rot
/home/sivabharathi/Documents/FinalYearProject/CocoCare/ml/data/raw/mendeley/Bud Root Dropping/BudRootDropping425.jpg,Bud Root Dropping
/home/sivabharathi/Documents/FinalYearProject/CocoCare/ml/data/raw/mendeley/Gray Leaf Spot/GrayLeafSpot1095.jpg,Gray Leaf Spot
/home/sivabharathi/Documents/FinalYearProject/CocoCare/ml/data/raw/mendeley/Gray Leaf Spot/GrayLeafSpot1808.jpg,Gray Leaf Spot
/home/sivabharathi/Documents/FinalYearProject/CocoCare/ml/data/raw/mendeley/Gray Leaf Spot/GrayLeafSpot1591.jpg,Gray Leaf Spot
/home/sivabharathi/Documents/FinalYearProject/CocoCare/ml/data/raw/mendeley/Bud Rot/BudRot205.jpg,Bud Rot
/home/sivabharathi/Documents/FinalYearProject/CocoCare/ml/data/raw/mendeley/Leaf Rot/LeafRot473.jpg,Leaf Rot
/home/sivabharathi/Documents/FinalYearProject/CocoCare/ml/data/raw/mendeley/Stem Bleeding/StemBleeding031.jpg,Stem Bleeding
/home/sivabharathi/Documents/FinalYearProject/CocoCare/ml/data/raw/mendeley/Bud Rot/BudRot081.jpg,Bud Rot
/home/sivabharathi/Documents/FinalYearProject/CocoCare/ml/data/raw/mendeley/Gray Leaf Spot/GrayLeafSpot1714.jpg,Gray Leaf Spot
/home/sivabharathi/Documents/FinalYearProject/CocoCare/ml/data/raw/mendeley/Leaf Rot/LeafRot618.jpg,Leaf Rot
/home/sivabharathi/Documents/FinalYearProject/CocoCare/ml/data/raw/mendeley/Bud Root Dropping/BudRootDropping188.jpg,Bud Root Dropping
/home/sivabharathi/Documents/FinalYearProject/CocoCare/ml/data/raw/mendeley/Gray Leaf Spot/GrayLeafSpot2033.jpg,Gray Leaf Spot
/home/sivabharathi/Documents/FinalYearProject/CocoCare/ml/data/raw/mendeley/Stem Bleeding/StemBleeding042.jpg,Stem Bleeding
/home/sivabharathi/Documents/FinalYearProject/CocoCare/ml/data/raw/mendeley/Gray Leaf Spot/GrayLeafSpot950.jpg,Gray Leaf Spot
/home/sivabharathi/Documents/FinalYearProject/CocoCare/ml/data/raw/mendeley/Leaf Rot/LeafRot1614.jpg,Leaf Rot
/home/sivabharathi/Documents/FinalYearProject/CocoCare/ml/data/raw/mendeley/Bud Root Dropping/BudRootDropping272.jpg,Bud Root Dropping
/home/sivabharathi/Documents/FinalYearProject/CocoCare/ml/data/raw/mendeley/Leaf Rot/LeafRot511.jpg,Leaf Rot
/home/sivabharathi/Documents/FinalYearProject/CocoCare/ml/data/raw/mendeley/Leaf Rot/LeafRot529.jpg,Leaf Rot
/home/sivabharathi/Documents/FinalYearProject/CocoCare/ml/data/raw/mendeley/Stem Bleeding/StemBleeding802.jpg,Stem Bleeding
/home/sivabharathi/Documents/FinalYearProject/CocoCare/ml/data/raw/mendeley/Gray Leaf Spot/GrayLeafSpot1733.jpg,Gray Leaf Spot
/home/sivabharathi/Documents/FinalYearProject/CocoCare/ml/data/raw/mendeley/Leaf Rot/LeafRot099.jpg,Leaf Rot
/home/sivabharathi/Documents/FinalYearProject/CocoCare/ml/data/raw/mendeley/Gray Leaf Spot/GrayLeafSpot1677.jpg,Gray Leaf Spot
/home/sivabharathi/Documents/FinalYearProject/CocoCare/ml/data/raw/mendeley/Stem Bleeding/StemBleeding533.jpg,Stem Bleeding
/home/sivabharathi/Documents/FinalYearProject/CocoCare/ml/data/raw/mendeley/Leaf Rot/LeafRot045.jpg,Leaf Rot
/home/sivabharathi/Documents/FinalYearProject/CocoCare/ml/data/raw/mendeley/Bud Root Dropping/BudRootDropping154.jpg,Bud Root Dropping
/home/sivabharathi/Documents/FinalYearProject/CocoCare/ml/data/raw/mendeley/Gray Leaf Spot/GrayLeafSpot1361.jpg,Gray Leaf Spot
/home/sivabharathi/Documents/FinalYearProject/CocoCare/ml/data/raw/mendeley/Gray Leaf Spot/GrayLeafSpot1582.jpg,Gray Leaf Spot
/home/sivabharathi/Documents/FinalYearProject/CocoCare/ml/data/raw/mendeley/Stem Bleeding/StemBleeding016.jpg,Stem Bleeding
/home/sivabharathi/Documents/FinalYearProject/CocoCare/ml/data/raw/mendeley/Gray Leaf Spot/GrayLeafSpot676.jpg,Gray Leaf Spot
/home/sivabharathi/Documents/FinalYearProject/CocoCare/ml/data/raw/mendeley/Leaf Rot/LeafRot1136.jpg,Leaf Rot
/home/sivabharathi/Documents/FinalYearProject/CocoCare/ml/data/raw/mendeley/Gray Leaf Spot/GrayLeafSpot279.jpg,Gray Leaf Spot
/home/sivabharathi/Documents/FinalYearProject/CocoCare/ml/data/raw/mendeley/Stem Bleeding/StemBleeding678.jpg,Stem Bleeding
/home/sivabharathi/Documents/FinalYearProject/CocoCare/ml/data/raw/mendeley/Leaf Rot/LeafRot1377.jpg,Leaf Rot
/home/sivabharathi/Documents/FinalYearProject/CocoCare/ml/data/raw/mendeley/Gray Leaf Spot/GrayLeafSpot805.jpg,Gray Leaf Spot
/home/sivabharathi/Documents/FinalYearProject/CocoCare/ml/data/raw/mendeley/Gray Leaf Spot/GrayLeafSpot394.jpg,Gray Leaf Spot
/home/sivabharathi/Documents/FinalYearProject/CocoCare/ml/data/raw/mendeley/Gray Leaf Spot/GrayLeafSpot260.jpg,Gray Leaf Spot
/home/sivabharathi/Documents/FinalYearProject/CocoCare/ml/data/raw/mendeley/Leaf Rot/LeafRot1449.jpg,Leaf Rot
/home/sivabharathi/Documents/FinalYearProject/CocoCare/ml/data/raw/mendeley/Gray Leaf Spot/GrayLeafSpot447.jpg,Gray Leaf Spot
/home/sivabharathi/Documents/FinalYearProject/CocoCare/ml/data/raw/mendeley/Gray Leaf Spot/GrayLeafSpot1160.jpg,Gray Leaf Spot
/home/sivabharathi/Documents/FinalYearProject/CocoCare/ml/data/raw/mendeley/Gray Leaf Spot/GrayLeafSpot1664.jpg,Gray Leaf Spot
/home/sivabharathi/Documents/FinalYearProject/CocoCare/ml/data/raw/mendeley/Gray Leaf Spot/GrayLeafSpot611.jpg,Gray Leaf Spot
/home/sivabharathi/Documents/FinalYearProject/CocoCare/ml/data/raw/mendeley/Gray Leaf Spot/GrayLeafSpot100.jpg,Gray Leaf Spot
/home/sivabharathi/Documents/FinalYearProject/CocoCare/ml/data/raw/mendeley/Leaf Rot/LeafRot950.jpg,Leaf Rot
/home/sivabharathi/Documents/FinalYearProject/CocoCare/ml/data/raw/mendeley/Gray Leaf Spot/GrayLeafSpot694.jpg,Gray Leaf Spot
/home/sivabharathi/Documents/FinalYearProject/CocoCare/ml/data/raw/mendeley/Gray Leaf Spot/GrayLeafSpot258.jpg,Gray Leaf Spot
/home/sivabharathi/Documents/FinalYearProject/CocoCare/ml/data/raw/mendeley/Gray Leaf Spot/GrayLeafSpot044.jpg,Gray Leaf Spot
/home/sivabharathi/Documents/FinalYearProject/CocoCare/ml/data/raw/mendeley/Leaf Rot/LeafRot185.jpg,Leaf Rot
/home/sivabharathi/Documents/FinalYearProject/CocoCare/ml/data/raw/mendeley/Bud Rot/BudRot221.jpg,Bud Rot
/home/sivabharathi/Documents/FinalYearProject/CocoCare/ml/data/raw/mendeley/Bud Root Dropping/BudRootDropping355.jpg,Bud Root Dropping
/home/sivabharathi/Documents/FinalYearProject/CocoCare/ml/data/raw/mendeley/Gray Leaf Spot/GrayLeafSpot1990.jpg,Gray Leaf Spot
/home/sivabharathi/Documents/FinalYearProject/CocoCare/ml/data/raw/mendeley/Gray Leaf Spot/GrayLeafSpot1384.jpg,Gray Leaf Spot
/home/sivabharathi/Documents/FinalYearProject/CocoCare/ml/data/raw/mendeley/Gray Leaf Spot/GrayLeafSpot2050.jpg,Gray Leaf Spot
/home/sivabharathi/Documents/FinalYearProject/CocoCare/ml/data/raw/mendeley/Leaf Rot/LeafRot266.jpg,Leaf Rot
/home/sivabharathi/Documents/FinalYearProject/CocoCare/ml/data/raw/mendeley/Gray Leaf Spot/GrayLeafSpot802.jpg,Gray Leaf Spot
/home/sivabharathi/Documents/FinalYearProject/CocoCare/ml/data/raw/mendeley/Stem Bleeding/StemBleeding138.jpg,Stem Bleeding
/home/sivabharathi/Documents/FinalYearProject/CocoCare/ml/data/raw/mendeley/Bud Rot/BudRot121.jpg,Bud Rot
/home/sivabharathi/Documents/FinalYearProject/CocoCare/ml/data/raw/mendeley/Gray Leaf Spot/GrayLeafSpot1656.jpg,Gray Leaf Spot
/home/sivabharathi/Documents/FinalYearProject/CocoCare/ml/data/raw/mendeley/Bud Root Dropping/BudRootDropping193.jpg,Bud Root Dropping
/home/sivabharathi/Documents/FinalYearProject/CocoCare/ml/data/raw/mendeley/Leaf Rot/LeafRot492.jpg,Leaf Rot
/home/sivabharathi/Documents/FinalYearProject/CocoCare/ml/data/raw/mendeley/Leaf Rot/LeafRot027.jpg,Leaf Rot
/home/sivabharathi/Documents/FinalYearProject/CocoCare/ml/data/raw/mendeley/Gray Leaf Spot/GrayLeafSpot1289.jpg,Gray Leaf Spot
/home/sivabharathi/Documents/FinalYearProject/CocoCare/ml/data/raw/mendeley/Bud Root Dropping/BudRootDropping023.jpg,Bud Root Dropping
/home/sivabharathi/Documents/FinalYearProject/CocoCare/ml/data/raw/mendeley/Stem Bleeding/StemBleeding629.jpg,Stem Bleeding
/home/sivabharathi/Documents/FinalYearProject/CocoCare/ml/data/raw/mendeley/Gray Leaf Spot/GrayLeafSpot978.jpg,Gray Leaf Spot
/home/sivabharathi/Documents/FinalYearProject/CocoCare/ml/data/raw/mendeley/Bud Rot/BudRot443.jpg,Bud Rot
/home/sivabharathi/Documents/FinalYearProject/CocoCare/ml/data/raw/mendeley/Bud Rot/BudRot319.jpg,Bud Rot
/home/sivabharathi/Documents/FinalYearProject/CocoCare/ml/data/raw/mendeley/Leaf Rot/LeafRot462.jpg,Leaf Rot
/home/sivabharathi/Documents/FinalYearProject/CocoCare/ml/data/raw/mendeley/Leaf Rot/LeafRot1529.jpg,Leaf Rot
/home/sivabharathi/Documents/FinalYearProject/CocoCare/ml/data/raw/mendeley/Bud Root Dropping/BudRootDropping303.jpg,Bud Root Dropping
/home/sivabharathi/Documents/FinalYearProject/CocoCare/ml/data/raw/mendeley/Gray Leaf Spot/GrayLeafSpot303.jpg,Gray Leaf Spot
/home/sivabharathi/Documents/FinalYearProject/CocoCare/ml/data/raw/mendeley/Leaf Rot/LeafRot810.jpg,Leaf Rot
/home/sivabharathi/Documents/FinalYearProject/CocoCare/ml/data/raw/mendeley/Leaf Rot/LeafRot147.jpg,Leaf Rot
/home/sivabharathi/Documents/FinalYearProject/CocoCare/ml/data/raw/mendeley/Stem Bleeding/StemBleeding546.jpg,Stem Bleeding
/home/sivabharathi/Documents/FinalYearProject/CocoCare/ml/data/raw/mendeley/Leaf Rot/LeafRot436.jpg,Leaf Rot
/home/sivabharathi/Documents/FinalYearProject/CocoCare/ml/data/raw/mendeley/Gray Leaf Spot/GrayLeafSpot299.jpg,Gray Leaf Spot
/home/sivabharathi/Documents/FinalYearProject/CocoCare/ml/data/raw/mendeley/Stem Bleeding/StemBleeding587.jpg,Stem Bleeding
/home/sivabharathi/Documents/FinalYearProject/CocoCare/ml/data/raw/mendeley/Gray Leaf Spot/GrayLeafSpot1720.jpg,Gray Leaf Spot
/home/sivabharathi/Documents/FinalYearProject/CocoCare/ml/data/raw/mendeley/Leaf Rot/LeafRot826.jpg,Leaf Rot
/home/sivabharathi/Documents/FinalYearProject/CocoCare/ml/data/raw/mendeley/Leaf Rot/LeafRot620.jpg,Leaf Rot
/home/sivabharathi/Documents/FinalYearProject/CocoCare/ml/data/raw/mendeley/Stem Bleeding/StemBleeding158.jpg,Stem Bleeding
/home/sivabharathi/Documents/FinalYearProject/CocoCare/ml/data/raw/mendeley/Gray Leaf Spot/GrayLeafSpot1151.jpg,Gray Leaf Spot
/home/sivabharathi/Documents/FinalYearProject/CocoCare/ml/data/raw/mendeley/Stem Bleeding/StemBleeding299.jpg,Stem Bleeding
/home/sivabharathi/Documents/FinalYearProject/CocoCare/ml/data/raw/mendeley/Bud Root Dropping/BudRootDropping072.jpg,Bud Root Dropping
/home/sivabharathi/Documents/FinalYearProject/CocoCare/ml/data/raw/mendeley/Bud Root Dropping/BudRootDropping254.jpg,Bud Root Dropping
/home/sivabharathi/Documents/FinalYearProject/CocoCare/ml/data/raw/mendeley/Gray Leaf Spot/GrayLeafSpot1503.jpg,Gray Leaf Spot
/home/sivabharathi/Documents/FinalYearProject/CocoCare/ml/data/raw/mendeley/Stem Bleeding/StemBleeding176.jpg,Stem Bleeding
/home/sivabharathi/Documents/FinalYearProject/CocoCare/ml/data/raw/mendeley/Gray Leaf Spot/GrayLeafSpot1725.jpg,Gray Leaf Spot
/home/sivabharathi/Documents/FinalYearProject/CocoCare/ml/data/raw/mendeley/Gray Leaf Spot/GrayLeafSpot577.jpg,Gray Leaf Spot
/home/sivabharathi/Documents/FinalYearProject/CocoCare/ml/data/raw/mendeley/Stem Bleeding/StemBleeding218.jpg,Stem Bleeding
/home/sivabharathi/Documents/FinalYearProject/CocoCare/ml/data/raw/mendeley/Bud Root Dropping/BudRootDropping232.jpg,Bud Root Dropping
/home/sivabharathi/Documents/FinalYearProject/CocoCare/ml/data/raw/mendeley/Leaf Rot/LeafRot883.jpg,Leaf Rot
/home/sivabharathi/Documents/FinalYearProject/CocoCare/ml/data/raw/mendeley/Gray Leaf Spot/GrayLeafSpot580.jpg,Gray Leaf Spot
/home/sivabharathi/Documents/FinalYearProject/CocoCare/ml/data/raw/mendeley/Leaf Rot/LeafRot888.jpg,Leaf Rot
/home/sivabharathi/Documents/FinalYearProject/CocoCare/ml/data/raw/mendeley/Gray Leaf Spot/GrayLeafSpot1165.jpg,Gray Leaf Spot
/home/sivabharathi/Documents/FinalYearProject/CocoCare/ml/data/raw/mendeley/Stem Bleeding/StemBleeding178.jpg,Stem Bleeding
/home/sivabharathi/Documents/FinalYearProject/CocoCare/ml/data/raw/mendeley/Gray Leaf Spot/GrayLeafSpot953.jpg,Gray Leaf Spot
/home/sivabharathi/Documents/FinalYearProject/CocoCare/ml/data/raw/mendeley/Gray Leaf Spot/GrayLeafSpot440.jpg,Gray Leaf Spot
/home/sivabharathi/Documents/FinalYearProject/CocoCare/ml/data/raw/mendeley/Gray Leaf Spot/GrayLeafSpot2133.jpg,Gray Leaf Spot
/home/sivabharathi/Documents/FinalYearProject/CocoCare/ml/data/raw/mendeley/Gray Leaf Spot/GrayLeafSpot511.jpg,Gray Leaf Spot
/home/sivabharathi/Documents/FinalYearProject/CocoCare/ml/data/raw/mendeley/Gray Leaf Spot/GrayLeafSpot1731.jpg,Gray Leaf Spot
/home/sivabharathi/Documents/FinalYearProject/CocoCare/ml/data/raw/mendeley/Stem Bleeding/StemBleeding326.jpg,Stem Bleeding
/home/sivabharathi/Documents/FinalYearProject/CocoCare/ml/data/raw/mendeley/Leaf Rot/LeafRot423.jpg,Leaf Rot
/home/sivabharathi/Documents/FinalYearProject/CocoCare/ml/data/raw/mendeley/Leaf Rot/LeafRot976.jpg,Leaf Rot
/home/sivabharathi/Documents/FinalYearProject/CocoCare/ml/data/raw/mendeley/Gray Leaf Spot/GrayLeafSpot463.jpg,Gray Leaf Spot
/home/sivabharathi/Documents/FinalYearProject/CocoCare/ml/data/raw/mendeley/Bud Root Dropping/BudRootDropping266.jpg,Bud Root Dropping
/home/sivabharathi/Documents/FinalYearProject/CocoCare/ml/data/raw/mendeley/Gray Leaf Spot/GrayLeafSpot1624.jpg,Gray Leaf Spot
/home/sivabharathi/Documents/FinalYearProject/CocoCare/ml/data/raw/mendeley/Gray Leaf Spot/GrayLeafSpot985.jpg,Gray Leaf Spot
/home/sivabharathi/Documents/FinalYearProject/CocoCare/ml/data/raw/mendeley/Gray Leaf Spot/GrayLeafSpot1800.jpg,Gray Leaf Spot
/home/sivabharathi/Documents/FinalYearProject/CocoCare/ml/data/raw/mendeley/Leaf Rot/LeafRot705.jpg,Leaf Rot
/home/sivabharathi/Documents/FinalYearProject/CocoCare/ml/data/raw/mendeley/Gray Leaf Spot/GrayLeafSpot1344.jpg,Gray Leaf Spot
/home/sivabharathi/Documents/FinalYearProject/CocoCare/ml/data/raw/mendeley/Gray Leaf Spot/GrayLeafSpot801.jpg,Gray Leaf Spot
/home/sivabharathi/Documents/FinalYearProject/CocoCare/ml/data/raw/mendeley/Stem Bleeding/StemBleeding314.jpg,Stem Bleeding
/home/sivabharathi/Documents/FinalYearProject/CocoCare/ml/data/raw/mendeley/Leaf Rot/LeafRot302.jpg,Leaf Rot
/home/sivabharathi/Documents/FinalYearProject/CocoCare/ml/data/raw/mendeley/Gray Leaf Spot/GrayLeafSpot2112.jpg,Gray Leaf Spot
/home/sivabharathi/Documents/FinalYearProject/CocoCare/ml/data/raw/mendeley/Gray Leaf Spot/GrayLeafSpot1149.jpg,Gray Leaf Spot
/home/sivabharathi/Documents/FinalYearProject/CocoCare/ml/data/raw/mendeley/Gray Leaf Spot/GrayLeafSpot379.jpg,Gray Leaf Spot
/home/sivabharathi/Documents/FinalYearProject/CocoCare/ml/data/raw/mendeley/Gray Leaf Spot/GrayLeafSpot283.jpg,Gray Leaf Spot
/home/sivabharathi/Documents/FinalYearProject/CocoCare/ml/data/raw/mendeley/Gray Leaf Spot/GrayLeafSpot1837.jpg,Gray Leaf Spot
/home/sivabharathi/Documents/FinalYearProject/CocoCare/ml/data/raw/mendeley/Gray Leaf Spot/GrayLeafSpot1477.jpg,Gray Leaf Spot
/home/sivabharathi/Documents/FinalYearProject/CocoCare/ml/data/raw/mendeley/Gray Leaf Spot/GrayLeafSpot600.jpg,Gray Leaf Spot
/home/sivabharathi/Documents/FinalYearProject/CocoCare/ml/data/raw/mendeley/Leaf Rot/LeafRot853.jpg,Leaf Rot
/home/sivabharathi/Documents/FinalYearProject/CocoCare/ml/data/raw/mendeley/Gray Leaf Spot/GrayLeafSpot360.jpg,Gray Leaf Spot
/home/sivabharathi/Documents/FinalYearProject/CocoCare/ml/data/raw/mendeley/Gray Leaf Spot/GrayLeafSpot1723.jpg,Gray Leaf Spot
/home/sivabharathi/Documents/FinalYearProject/CocoCare/ml/data/raw/mendeley/Stem Bleeding/StemBleeding885.jpg,Stem Bleeding
/home/sivabharathi/Documents/FinalYearProject/CocoCare/ml/data/raw/mendeley/Stem Bleeding/StemBleeding182.jpg,Stem Bleeding
/home/sivabharathi/Documents/FinalYearProject/CocoCare/ml/data/raw/mendeley/Gray Leaf Spot/GrayLeafSpot901.jpg,Gray Leaf Spot
/home/sivabharathi/Documents/FinalYearProject/CocoCare/ml/data/raw/mendeley/Gray Leaf Spot/GrayLeafSpot1695.jpg,Gray Leaf Spot
/home/sivabharathi/Documents/FinalYearProject/CocoCare/ml/data/raw/mendeley/Leaf Rot/LeafRot1098.jpg,Leaf Rot
/home/sivabharathi/Documents/FinalYearProject/CocoCare/ml/data/raw/mendeley/Stem Bleeding/StemBleeding426.jpg,Stem Bleeding
/home/sivabharathi/Documents/FinalYearProject/CocoCare/ml/data/raw/mendeley/Leaf Rot/LeafRot1167.jpg,Leaf Rot
/home/sivabharathi/Documents/FinalYearProject/CocoCare/ml/data/raw/mendeley/Stem Bleeding/StemBleeding832.jpg,Stem Bleeding
/home/sivabharathi/Documents/FinalYearProject/CocoCare/ml/data/raw/mendeley/Stem Bleeding/StemBleeding585.jpg,Stem Bleeding
/home/sivabharathi/Documents/FinalYearProject/CocoCare/ml/data/raw/mendeley/Stem Bleeding/StemBleeding756.jpg,Stem Bleeding
/home/sivabharathi/Documents/FinalYearProject/CocoCare/ml/data/raw/mendeley/Stem Bleeding/StemBleeding032.jpg,Stem Bleeding
/home/sivabharathi/Documents/FinalYearProject/CocoCare/ml/data/raw/mendeley/Bud Root Dropping/BudRootDropping120.jpg,Bud Root Dropping
/home/sivabharathi/Documents/FinalYearProject/CocoCare/ml/data/raw/mendeley/Bud Rot/BudRot199.jpg,Bud Rot
/home/sivabharathi/Documents/FinalYearProject/CocoCare/ml/data/raw/mendeley/Leaf Rot/LeafRot1367.jpg,Leaf Rot
/home/sivabharathi/Documents/FinalYearProject/CocoCare/ml/data/raw/mendeley/Leaf Rot/LeafRot767.jpg,Leaf Rot
/home/sivabharathi/Documents/FinalYearProject/CocoCare/ml/data/raw/mendeley/Stem Bleeding/StemBleeding620.jpg,Stem Bleeding
/home/sivabharathi/Documents/FinalYearProject/CocoCare/ml/data/raw/mendeley/Gray Leaf Spot/GrayLeafSpot1580.jpg,Gray Leaf Spot
/home/sivabharathi/Documents/FinalYearProject/CocoCare/ml/data/raw/mendeley/Stem Bleeding/StemBleeding195.jpg,Stem Bleeding
/home/sivabharathi/Documents/FinalYearProject/CocoCare/ml/data/raw/mendeley/Leaf Rot/LeafRot366.jpg,Leaf Rot
/home/sivabharathi/Documents/FinalYearProject/CocoCare/ml/data/raw/mendeley/Bud Rot/BudRot405.jpg,Bud Rot
/home/sivabharathi/Documents/FinalYearProject/CocoCare/ml/data/raw/mendeley/Leaf Rot/LeafRot460.jpg,Leaf Rot
/home/sivabharathi/Documents/FinalYearProject/CocoCare/ml/data/raw/mendeley/Bud Rot/BudRot142.jpg,Bud Rot
/home/sivabharathi/Documents/FinalYearProject/CocoCare/ml/data/raw/mendeley/Bud Root Dropping/BudRootDropping287.jpg,Bud Root Dropping
/home/sivabharathi/Documents/FinalYearProject/CocoCare/ml/data/raw/mendeley/Stem Bleeding/StemBleeding555.jpg,Stem Bleeding
/home/sivabharathi/Documents/FinalYearProject/CocoCare/ml/data/raw/mendeley/Gray Leaf Spot/GrayLeafSpot132.jpg,Gray Leaf Spot
/home/sivabharathi/Documents/FinalYearProject/CocoCare/ml/data/raw/mendeley/Leaf Rot/LeafRot055.jpg,Leaf Rot
/home/sivabharathi/Documents/FinalYearProject/CocoCare/ml/data/raw/mendeley/Leaf Rot/LeafRot1088.jpg,Leaf Rot
/home/sivabharathi/Documents/FinalYearProject/CocoCare/ml/data/raw/mendeley/Gray Leaf Spot/GrayLeafSpot1726.jpg,Gray Leaf Spot
/home/sivabharathi/Documents/FinalYearProject/CocoCare/ml/data/raw/mendeley/Bud Root Dropping/BudRootDropping511.jpg,Bud Root Dropping
/home/sivabharathi/Documents/FinalYearProject/CocoCare/ml/data/raw/mendeley/Stem Bleeding/StemBleeding075.jpg,Stem Bleeding
/home/sivabharathi/Documents/FinalYearProject/CocoCare/ml/data/raw/mendeley/Gray Leaf Spot/GrayLeafSpot029.jpg,Gray Leaf Spot
/home/sivabharathi/Documents/FinalYearProject/CocoCare/ml/data/raw/mendeley/Stem Bleeding/StemBleeding144.jpg,Stem Bleeding
/home/sivabharathi/Documents/FinalYearProject/CocoCare/ml/data/raw/mendeley/Stem Bleeding/StemBleeding329.jpg,Stem Bleeding
/home/sivabharathi/Documents/FinalYearProject/CocoCare/ml/data/raw/mendeley/Stem Bleeding/StemBleeding772.jpg,Stem Bleeding
/home/sivabharathi/Documents/FinalYearProject/CocoCare/ml/data/raw/mendeley/Stem Bleeding/StemBleeding670.jpg,Stem Bleeding
/home/sivabharathi/Documents/FinalYearProject/CocoCare/ml/data/raw/mendeley/Leaf Rot/LeafRot802.jpg,Leaf Rot
/home/sivabharathi/Documents/FinalYearProject/CocoCare/ml/data/raw/mendeley/Gray Leaf Spot/GrayLeafSpot627.jpg,Gray Leaf Spot
/home/sivabharathi/Documents/FinalYearProject/CocoCare/ml/data/raw/mendeley/Gray Leaf Spot/GrayLeafSpot1247.jpg,Gray Leaf Spot
/home/sivabharathi/Documents/FinalYearProject/CocoCare/ml/data/raw/mendeley/Bud Root Dropping/BudRootDropping040.jpg,Bud Root Dropping
/home/sivabharathi/Documents/FinalYearProject/CocoCare/ml/data/raw/mendeley/Leaf Rot/LeafRot584.jpg,Leaf Rot
/home/sivabharathi/Documents/FinalYearProject/CocoCare/ml/data/raw/mendeley/Leaf Rot/LeafRot1083.jpg,Leaf Rot
/home/sivabharathi/Documents/FinalYearProject/CocoCare/ml/data/raw/mendeley/Gray Leaf Spot/GrayLeafSpot089.jpg,Gray Leaf Spot
/home/sivabharathi/Documents/FinalYearProject/CocoCare/ml/data/raw/mendeley/Gray Leaf Spot/GrayLeafSpot358.jpg,Gray Leaf Spot
/home/sivabharathi/Documents/FinalYearProject/CocoCare/ml/data/raw/mendeley/Gray Leaf Spot/GrayLeafSpot1807.jpg,Gray Leaf Spot
/home/sivabharathi/Documents/FinalYearProject/CocoCare/ml/data/raw/mendeley/Leaf Rot/LeafRot740.jpg,Leaf Rot
/home/sivabharathi/Documents/FinalYearProject/CocoCare/ml/data/raw/mendeley/Gray Leaf Spot/GrayLeafSpot834.jpg,Gray Leaf Spot
/home/sivabharathi/Documents/FinalYearProject/CocoCare/ml/data/raw/mendeley/Gray Leaf Spot/GrayLeafSpot1218.jpg,Gray Leaf Spot
/home/sivabharathi/Documents/FinalYearProject/CocoCare/ml/data/raw/mendeley/Leaf Rot/LeafRot651.jpg,Leaf Rot
/home/sivabharathi/Documents/FinalYearProject/CocoCare/ml/data/raw/mendeley/Gray Leaf Spot/GrayLeafSpot1645.jpg,Gray Leaf Spot
/home/sivabharathi/Documents/FinalYearProject/CocoCare/ml/data/raw/mendeley/Gray Leaf Spot/GrayLeafSpot773.jpg,Gray Leaf Spot
/home/sivabharathi/Documents/FinalYearProject/CocoCare/ml/data/raw/mendeley/Stem Bleeding/StemBleeding751.jpg,Stem Bleeding
/home/sivabharathi/Documents/FinalYearProject/CocoCare/ml/data/raw/mendeley/Gray Leaf Spot/GrayLeafSpot084.jpg,Gray Leaf Spot
/home/sivabharathi/Documents/FinalYearProject/CocoCare/ml/data/raw/mendeley/Stem Bleeding/StemBleeding194.jpg,Stem Bleeding
/home/sivabharathi/Documents/FinalYearProject/CocoCare/ml/data/raw/mendeley/Gray Leaf Spot/GrayLeafSpot982.jpg,Gray Leaf Spot
/home/sivabharathi/Documents/FinalYearProject/CocoCare/ml/data/raw/mendeley/Leaf Rot/LeafRot873.jpg,Leaf Rot
/home/sivabharathi/Documents/FinalYearProject/CocoCare/ml/data/raw/mendeley/Stem Bleeding/StemBleeding378.jpg,Stem Bleeding
/home/sivabharathi/Documents/FinalYearProject/CocoCare/ml/data/raw/mendeley/Stem Bleeding/StemBleeding650.jpg,Stem Bleeding
/home/sivabharathi/Documents/FinalYearProject/CocoCare/ml/data/raw/mendeley/Stem Bleeding/StemBleeding320.jpg,Stem Bleeding
/home/sivabharathi/Documents/FinalYearProject/CocoCare/ml/data/raw/mendeley/Gray Leaf Spot/GrayLeafSpot1387.jpg,Gray Leaf Spot
/home/sivabharathi/Documents/FinalYearProject/CocoCare/ml/data/raw/mendeley/Stem Bleeding/StemBleeding313.jpg,Stem Bleeding
/home/sivabharathi/Documents/FinalYearProject/CocoCare/ml/data/raw/mendeley/Stem Bleeding/StemBleeding847.jpg,Stem Bleeding
/home/sivabharathi/Documents/FinalYearProject/CocoCare/ml/data/raw/mendeley/Gray Leaf Spot/GrayLeafSpot1176.jpg,Gray Leaf Spot
/home/sivabharathi/Documents/FinalYearProject/CocoCare/ml/data/raw/mendeley/Gray Leaf Spot/GrayLeafSpot1595.jpg,Gray Leaf Spot
/home/sivabharathi/Documents/FinalYearProject/CocoCare/ml/data/raw/mendeley/Gray Leaf Spot/GrayLeafSpot1420.jpg,Gray Leaf Spot
/home/sivabharathi/Documents/FinalYearProject/CocoCare/ml/data/raw/mendeley/Leaf Rot/LeafRot294.jpg,Leaf Rot
/home/sivabharathi/Documents/FinalYearProject/CocoCare/ml/data/raw/mendeley/Bud Root Dropping/BudRootDropping066.jpg,Bud Root Dropping
/home/sivabharathi/Documents/FinalYearProject/CocoCare/ml/data/raw/mendeley/Gray Leaf Spot/GrayLeafSpot082.jpg,Gray Leaf Spot
/home/sivabharathi/Documents/FinalYearProject/CocoCare/ml/data/raw/mendeley/Bud Root Dropping/BudRootDropping265.jpg,Bud Root Dropping
/home/sivabharathi/Documents/FinalYearProject/CocoCare/ml/data/raw/mendeley/Gray Leaf Spot/GrayLeafSpot414.jpg,Gray Leaf Spot
/home/sivabharathi/Documents/FinalYearProject/CocoCare/ml/data/raw/mendeley/Leaf Rot/LeafRot1096.jpg,Leaf Rot
/home/sivabharathi/Documents/FinalYearProject/CocoCare/ml/data/raw/mendeley/Gray Leaf Spot/GrayLeafSpot1971.jpg,Gray Leaf Spot
/home/sivabharathi/Documents/FinalYearProject/CocoCare/ml/data/raw/mendeley/Bud Root Dropping/BudRootDropping222.jpg,Bud Root Dropping
/home/sivabharathi/Documents/FinalYearProject/CocoCare/ml/data/raw/mendeley/Leaf Rot/LeafRot1003.jpg,Leaf Rot
/home/sivabharathi/Documents/FinalYearProject/CocoCare/ml/data/raw/mendeley/Gray Leaf Spot/GrayLeafSpot1935.jpg,Gray Leaf Spot
/home/sivabharathi/Documents/FinalYearProject/CocoCare/ml/data/raw/mendeley/Bud Root Dropping/BudRootDropping467.jpg,Bud Root Dropping
/home/sivabharathi/Documents/FinalYearProject/CocoCare/ml/data/raw/mendeley/Gray Leaf Spot/GrayLeafSpot1542.jpg,Gray Leaf Spot
/home/sivabharathi/Documents/FinalYearProject/CocoCare/ml/data/raw/mendeley/Leaf Rot/LeafRot1271.jpg,Leaf Rot
/home/sivabharathi/Documents/FinalYearProject/CocoCare/ml/data/raw/mendeley/Leaf Rot/LeafRot949.jpg,Leaf Rot
/home/sivabharathi/Documents/FinalYearProject/CocoCare/ml/data/raw/mendeley/Gray Leaf Spot/GrayLeafSpot2044.jpg,Gray Leaf Spot
/home/sivabharathi/Documents/FinalYearProject/CocoCare/ml/data/raw/mendeley/Leaf Rot/LeafRot285.jpg,Leaf Rot
/home/sivabharathi/Documents/FinalYearProject/CocoCare/ml/data/raw/mendeley/Gray Leaf Spot/GrayLeafSpot823.jpg,Gray Leaf Spot
/home/sivabharathi/Documents/FinalYearProject/CocoCare/ml/data/raw/mendeley/Gray Leaf Spot/GrayLeafSpot764.jpg,Gray Leaf Spot
/home/sivabharathi/Documents/FinalYearProject/CocoCare/ml/data/raw/mendeley/Stem Bleeding/StemBleeding935.jpg,Stem Bleeding
/home/sivabharathi/Documents/FinalYearProject/CocoCare/ml/data/raw/mendeley/Leaf Rot/LeafRot897.jpg,Leaf Rot
/home/sivabharathi/Documents/FinalYearProject/CocoCare/ml/data/raw/mendeley/Stem Bleeding/StemBleeding948.jpg,Stem Bleeding
/home/sivabharathi/Documents/FinalYearProject/CocoCare/ml/data/raw/mendeley/Stem Bleeding/StemBleeding044.jpg,Stem Bleeding
/home/sivabharathi/Documents/FinalYearProject/CocoCare/ml/data/raw/mendeley/Leaf Rot/LeafRot1303.jpg,Leaf Rot
/home/sivabharathi/Documents/FinalYearProject/CocoCare/ml/data/raw/mendeley/Leaf Rot/LeafRot146.jpg,Leaf Rot
/home/sivabharathi/Documents/FinalYearProject/CocoCare/ml/data/raw/mendeley/Stem Bleeding/StemBleeding174.jpg,Stem Bleeding
/home/sivabharathi/Documents/FinalYearProject/CocoCare/ml/data/raw/mendeley/Gray Leaf Spot/GrayLeafSpot1393.jpg,Gray Leaf Spot
/home/sivabharathi/Documents/FinalYearProject/CocoCare/ml/data/raw/mendeley/Gray Leaf Spot/GrayLeafSpot391.jpg,Gray Leaf Spot
/home/sivabharathi/Documents/FinalYearProject/CocoCare/ml/data/raw/mendeley/Gray Leaf Spot/GrayLeafSpot1475.jpg,Gray Leaf Spot
/home/sivabharathi/Documents/FinalYearProject/CocoCare/ml/data/raw/mendeley/Gray Leaf Spot/GrayLeafSpot1026.jpg,Gray Leaf Spot
/home/sivabharathi/Documents/FinalYearProject/CocoCare/ml/data/raw/mendeley/Bud Root Dropping/BudRootDropping124.jpg,Bud Root Dropping
/home/sivabharathi/Documents/FinalYearProject/CocoCare/ml/data/raw/mendeley/Gray Leaf Spot/GrayLeafSpot364.jpg,Gray Leaf Spot
/home/sivabharathi/Documents/FinalYearProject/CocoCare/ml/data/raw/mendeley/Gray Leaf Spot/GrayLeafSpot1212.jpg,Gray Leaf Spot
/home/sivabharathi/Documents/FinalYearProject/CocoCare/ml/data/raw/mendeley/Stem Bleeding/StemBleeding955.jpg,Stem Bleeding
/home/sivabharathi/Documents/FinalYearProject/CocoCare/ml/data/raw/mendeley/Leaf Rot/LeafRot763.jpg,Leaf Rot
/home/sivabharathi/Documents/FinalYearProject/CocoCare/ml/data/raw/mendeley/Gray Leaf Spot/GrayLeafSpot2080.jpg,Gray Leaf Spot
/home/sivabharathi/Documents/FinalYearProject/CocoCare/ml/data/raw/mendeley/Stem Bleeding/StemBleeding105.jpg,Stem Bleeding
/home/sivabharathi/Documents/FinalYearProject/CocoCare/ml/data/raw/mendeley/Bud Rot/BudRot232.jpg,Bud Rot
/home/sivabharathi/Documents/FinalYearProject/CocoCare/ml/data/raw/mendeley/Leaf Rot/LeafRot1539.jpg,Leaf Rot
/home/sivabharathi/Documents/FinalYearProject/CocoCare/ml/data/raw/mendeley/Gray Leaf Spot/GrayLeafSpot327.jpg,Gray Leaf Spot
/home/sivabharathi/Documents/FinalYearProject/CocoCare/ml/data/raw/mendeley/Gray Leaf Spot/GrayLeafSpot749.jpg,Gray Leaf Spot
/home/sivabharathi/Documents/FinalYearProject/CocoCare/ml/data/raw/mendeley/Stem Bleeding/StemBleeding356.jpg,Stem Bleeding
/home/sivabharathi/Documents/FinalYearProject/CocoCare/ml/data/raw/mendeley/Leaf Rot/LeafRot1579.jpg,Leaf Rot
/home/sivabharathi/Documents/FinalYearProject/CocoCare/ml/data/raw/mendeley/Stem Bleeding/StemBleeding729.jpg,Stem Bleeding
/home/sivabharathi/Documents/FinalYearProject/CocoCare/ml/data/raw/mendeley/Gray Leaf Spot/GrayLeafSpot074.jpg,Gray Leaf Spot
/home/sivabharathi/Documents/FinalYearProject/CocoCare/ml/data/raw/mendeley/Gray Leaf Spot/GrayLeafSpot1737.jpg,Gray Leaf Spot
/home/sivabharathi/Documents/FinalYearProject/CocoCare/ml/data/raw/mendeley/Gray Leaf Spot/GrayLeafSpot041.jpg,Gray Leaf Spot
/home/sivabharathi/Documents/FinalYearProject/CocoCare/ml/data/raw/mendeley/Bud Root Dropping/BudRootDropping428.jpg,Bud Root Dropping
/home/sivabharathi/Documents/FinalYearProject/CocoCare/ml/data/raw/mendeley/Stem Bleeding/StemBleeding796.jpg,Stem Bleeding
/home/sivabharathi/Documents/FinalYearProject/CocoCare/ml/data/raw/mendeley/Stem Bleeding/StemBleeding049.jpg,Stem Bleeding
/home/sivabharathi/Documents/FinalYearProject/CocoCare/ml/data/raw/mendeley/Gray Leaf Spot/GrayLeafSpot2052.jpg,Gray Leaf Spot
/home/sivabharathi/Documents/FinalYearProject/CocoCare/ml/data/raw/mendeley/Stem Bleeding/StemBleeding023.jpg,Stem Bleeding
/home/sivabharathi/Documents/FinalYearProject/CocoCare/ml/data/raw/mendeley/Leaf Rot/LeafRot524.jpg,Leaf Rot
/home/sivabharathi/Documents/FinalYearProject/CocoCare/ml/data/raw/mendeley/Leaf Rot/LeafRot996.jpg,Leaf Rot
/home/sivabharathi/Documents/FinalYearProject/CocoCare/ml/data/raw/mendeley/Leaf Rot/LeafRot1294.jpg,Leaf Rot
/home/sivabharathi/Documents/FinalYearProject/CocoCare/ml/data/raw/mendeley/Gray Leaf Spot/GrayLeafSpot587.jpg,Gray Leaf Spot
/home/sivabharathi/Documents/FinalYearProject/CocoCare/ml/data/raw/mendeley/Gray Leaf Spot/GrayLeafSpot1316.jpg,Gray Leaf Spot
/home/sivabharathi/Documents/FinalYearProject/CocoCare/ml/data/raw/mendeley/Leaf Rot/LeafRot838.jpg,Leaf Rot
/home/sivabharathi/Documents/FinalYearProject/CocoCare/ml/data/raw/mendeley/Gray Leaf Spot/GrayLeafSpot2005.jpg,Gray Leaf Spot
/home/sivabharathi/Documents/FinalYearProject/CocoCare/ml/data/raw/mendeley/Gray Leaf Spot/GrayLeafSpot763.jpg,Gray Leaf Spot
/home/sivabharathi/Documents/FinalYearProject/CocoCare/ml/data/raw/mendeley/Gray Leaf Spot/GrayLeafSpot1101.jpg,Gray Leaf Spot
/home/sivabharathi/Documents/FinalYearProject/CocoCare/ml/data/raw/mendeley/Leaf Rot/LeafRot727.jpg,Leaf Rot
/home/sivabharathi/Documents/FinalYearProject/CocoCare/ml/data/raw/mendeley/Gray Leaf Spot/GrayLeafSpot1323.jpg,Gray Leaf Spot
/home/sivabharathi/Documents/FinalYearProject/CocoCare/ml/data/raw/mendeley/Gray Leaf Spot/GrayLeafSpot1244.jpg,Gray Leaf Spot
/home/sivabharathi/Documents/FinalYearProject/CocoCare/ml/data/raw/mendeley/Gray Leaf Spot/GrayLeafSpot775.jpg,Gray Leaf Spot
/home/sivabharathi/Documents/FinalYearProject/CocoCare/ml/data/raw/mendeley/Bud Rot/BudRot216.jpg,Bud Rot
/home/sivabharathi/Documents/FinalYearProject/CocoCare/ml/data/raw/mendeley/Leaf Rot/LeafRot1668.jpg,Leaf Rot
/home/sivabharathi/Documents/FinalYearProject/CocoCare/ml/data/raw/mendeley/Leaf Rot/LeafRot103.jpg,Leaf Rot
/home/sivabharathi/Documents/FinalYearProject/CocoCare/ml/data/raw/mendeley/Stem Bleeding/StemBleeding005.jpg,Stem Bleeding
/home/sivabharathi/Documents/FinalYearProject/CocoCare/ml/data/raw/mendeley/Leaf Rot/LeafRot674.jpg,Leaf Rot
/home/sivabharathi/Documents/FinalYearProject/CocoCare/ml/data/raw/mendeley/Leaf Rot/LeafRot180.jpg,Leaf Rot
/home/sivabharathi/Documents/FinalYearProject/CocoCare/ml/data/raw/mendeley/Bud Root Dropping/BudRootDropping501.jpg,Bud Root Dropping
/home/sivabharathi/Documents/FinalYearProject/CocoCare/ml/data/raw/mendeley/Gray Leaf Spot/GrayLeafSpot1422.jpg,Gray Leaf Spot
/home/sivabharathi/Documents/FinalYearProject/CocoCare/ml/data/raw/mendeley/Leaf Rot/LeafRot1479.jpg,Leaf Rot
/home/sivabharathi/Documents/FinalYearProject/CocoCare/ml/data/raw/mendeley/Gray Leaf Spot/GrayLeafSpot1866.jpg,Gray Leaf Spot
/home/sivabharathi/Documents/FinalYearProject/CocoCare/ml/data/raw/mendeley/Leaf Rot/LeafRot1365.jpg,Leaf Rot
/home/sivabharathi/Documents/FinalYearProject/CocoCare/ml/data/raw/mendeley/Stem Bleeding/StemBleeding908.jpg,Stem Bleeding
/home/sivabharathi/Documents/FinalYearProject/CocoCare/ml/data/raw/mendeley/Stem Bleeding/StemBleeding565.jpg,Stem Bleeding
/home/sivabharathi/Documents/FinalYearProject/CocoCare/ml/data/raw/mendeley/Leaf Rot/LeafRot1225.jpg,Leaf Rot
/home/sivabharathi/Documents/FinalYearProject/CocoCare/ml/data/raw/mendeley/Stem Bleeding/StemBleeding297.jpg,Stem Bleeding
/home/sivabharathi/Documents/FinalYearProject/CocoCare/ml/data/raw/mendeley/Gray Leaf Spot/GrayLeafSpot856.jpg,Gray Leaf Spot
/home/sivabharathi/Documents/FinalYearProject/CocoCare/ml/data/raw/mendeley/Leaf Rot/LeafRot814.jpg,Leaf Rot
/home/sivabharathi/Documents/FinalYearProject/CocoCare/ml/data/raw/mendeley/Leaf Rot/LeafRot1244.jpg,Leaf Rot
/home/sivabharathi/Documents/FinalYearProject/CocoCare/ml/data/raw/mendeley/Bud Rot/BudRot381.jpg,Bud Rot
/home/sivabharathi/Documents/FinalYearProject/CocoCare/ml/data/raw/mendeley/Bud Rot/BudRot228.jpg,Bud Rot
/home/sivabharathi/Documents/FinalYearProject/CocoCare/ml/data/raw/mendeley/Gray Leaf Spot/GrayLeafSpot1970.jpg,Gray Leaf Spot
/home/sivabharathi/Documents/FinalYearProject/CocoCare/ml/data/raw/mendeley/Bud Rot/BudRot371.jpg,Bud Rot
/home/sivabharathi/Documents/FinalYearProject/CocoCare/ml/data/raw/mendeley/Leaf Rot/LeafRot1560.jpg,Leaf Rot
/home/sivabharathi/Documents/FinalYearProject/CocoCare/ml/data/raw/mendeley/Bud Rot/BudRot010.jpg,Bud Rot
/home/sivabharathi/Documents/FinalYearProject/CocoCare/ml/data/raw/mendeley/Gray Leaf Spot/GrayLeafSpot732.jpg,Gray Leaf Spot
/home/sivabharathi/Documents/FinalYearProject/CocoCare/ml/data/raw/mendeley/Gray Leaf Spot/GrayLeafSpot1786.jpg,Gray Leaf Spot
/home/sivabharathi/Documents/FinalYearProject/CocoCare/ml/data/raw/mendeley/Bud Rot/BudRot263.jpg,Bud Rot
/home/sivabharathi/Documents/FinalYearProject/CocoCare/ml/data/raw/mendeley/Gray Leaf Spot/GrayLeafSpot144.jpg,Gray Leaf Spot
/home/sivabharathi/Documents/FinalYearProject/CocoCare/ml/data/raw/mendeley/Leaf Rot/LeafRot1016.jpg,Leaf Rot
/home/sivabharathi/Documents/FinalYearProject/CocoCare/ml/data/raw/mendeley/Stem Bleeding/StemBleeding400.jpg,Stem Bleeding
/home/sivabharathi/Documents/FinalYearProject/CocoCare/ml/data/raw/mendeley/Leaf Rot/LeafRot403.jpg,Leaf Rot
/home/sivabharathi/Documents/FinalYearProject/CocoCare/ml/data/raw/mendeley/Leaf Rot/LeafRot645.jpg,Leaf Rot
/home/sivabharathi/Documents/FinalYearProject/CocoCare/ml/data/raw/mendeley/Bud Rot/BudRot407.jpg,Bud Rot
/home/sivabharathi/Documents/FinalYearProject/CocoCare/ml/data/raw/mendeley/Leaf Rot/LeafRot1409.jpg,Leaf Rot
/home/sivabharathi/Documents/FinalYearProject/CocoCare/ml/data/raw/mendeley/Bud Rot/BudRot470.jpg,Bud Rot
/home/sivabharathi/Documents/FinalYearProject/CocoCare/ml/data/raw/mendeley/Gray Leaf Spot/GrayLeafSpot109.jpg,Gray Leaf Spot
/home/sivabharathi/Documents/FinalYearProject/CocoCare/ml/data/raw/mendeley/Gray Leaf Spot/GrayLeafSpot1197.jpg,Gray Leaf Spot
/home/sivabharathi/Documents/FinalYearProject/CocoCare/ml/data/raw/mendeley/Gray Leaf Spot/GrayLeafSpot1540.jpg,Gray Leaf Spot
/home/sivabharathi/Documents/FinalYearProject/CocoCare/ml/data/raw/mendeley/Bud Rot/BudRot051.jpg,Bud Rot
/home/sivabharathi/Documents/FinalYearProject/CocoCare/ml/data/raw/mendeley/Gray Leaf Spot/GrayLeafSpot1566.jpg,Gray Leaf Spot
/home/sivabharathi/Documents/FinalYearProject/CocoCare/ml/data/raw/mendeley/Gray Leaf Spot/GrayLeafSpot1675.jpg,Gray Leaf Spot
/home/sivabharathi/Documents/FinalYearProject/CocoCare/ml/data/raw/mendeley/Stem Bleeding/StemBleeding901.jpg,Stem Bleeding
/home/sivabharathi/Documents/FinalYearProject/CocoCare/ml/data/raw/mendeley/Leaf Rot/LeafRot1130.jpg,Leaf Rot
/home/sivabharathi/Documents/FinalYearProject/CocoCare/ml/data/raw/mendeley/Leaf Rot/LeafRot1517.jpg,Leaf Rot
/home/sivabharathi/Documents/FinalYearProject/CocoCare/ml/data/raw/mendeley/Gray Leaf Spot/GrayLeafSpot596.jpg,Gray Leaf Spot
/home/sivabharathi/Documents/FinalYearProject/CocoCare/ml/data/raw/mendeley/Stem Bleeding/StemBleeding268.jpg,Stem Bleeding
/home/sivabharathi/Documents/FinalYearProject/CocoCare/ml/data/raw/mendeley/Stem Bleeding/StemBleeding516.jpg,Stem Bleeding
/home/sivabharathi/Documents/FinalYearProject/CocoCare/ml/data/raw/mendeley/Stem Bleeding/StemBleeding806.jpg,Stem Bleeding
/home/sivabharathi/Documents/FinalYearProject/CocoCare/ml/data/raw/mendeley/Gray Leaf Spot/GrayLeafSpot489.jpg,Gray Leaf Spot
/home/sivabharathi/Documents/FinalYearProject/CocoCare/ml/data/raw/mendeley/Gray Leaf Spot/GrayLeafSpot1357.jpg,Gray Leaf Spot
/home/sivabharathi/Documents/FinalYearProject/CocoCare/ml/data/raw/mendeley/Leaf Rot/LeafRot1384.jpg,Leaf Rot
/home/sivabharathi/Documents/FinalYearProject/CocoCare/ml/data/raw/mendeley/Gray Leaf Spot/GrayLeafSpot307.jpg,Gray Leaf Spot
/home/sivabharathi/Documents/FinalYearProject/CocoCare/ml/data/raw/mendeley/Gray Leaf Spot/GrayLeafSpot651.jpg,Gray Leaf Spot
/home/sivabharathi/Documents/FinalYearProject/CocoCare/ml/data/raw/mendeley/Gray Leaf Spot/GrayLeafSpot860.jpg,Gray Leaf Spot
/home/sivabharathi/Documents/FinalYearProject/CocoCare/ml/data/raw/mendeley/Gray Leaf Spot/GrayLeafSpot1745.jpg,Gray Leaf Spot
/home/sivabharathi/Documents/FinalYearProject/CocoCare/ml/data/raw/mendeley/Gray Leaf Spot/GrayLeafSpot1822.jpg,Gray Leaf Spot
/home/sivabharathi/Documents/FinalYearProject/CocoCare/ml/data/raw/mendeley/Bud Rot/BudRot254.jpg,Bud Rot
/home/sivabharathi/Documents/FinalYearProject/CocoCare/ml/data/raw/mendeley/Stem Bleeding/StemBleeding893.jpg,Stem Bleeding
/home/sivabharathi/Documents/FinalYearProject/CocoCare/ml/data/raw/mendeley/Stem Bleeding/StemBleeding453.jpg,Stem Bleeding
/home/sivabharathi/Documents/FinalYearProject/CocoCare/ml/data/raw/mendeley/Leaf Rot/LeafRot1346.jpg,Leaf Rot
/home/sivabharathi/Documents/FinalYearProject/CocoCare/ml/data/raw/mendeley/Gray Leaf Spot/GrayLeafSpot1395.jpg,Gray Leaf Spot
/home/sivabharathi/Documents/FinalYearProject/CocoCare/ml/data/raw/mendeley/Gray Leaf Spot/GrayLeafSpot441.jpg,Gray Leaf Spot
/home/sivabharathi/Documents/FinalYearProject/CocoCare/ml/data/raw/mendeley/Stem Bleeding/StemBleeding563.jpg,Stem Bleeding
/home/sivabharathi/Documents/FinalYearProject/CocoCare/ml/data/raw/mendeley/Stem Bleeding/StemBleeding933.jpg,Stem Bleeding
/home/sivabharathi/Documents/FinalYearProject/CocoCare/ml/data/raw/mendeley/Gray Leaf Spot/GrayLeafSpot1587.jpg,Gray Leaf Spot
/home/sivabharathi/Documents/FinalYearProject/CocoCare/ml/data/raw/mendeley/Leaf Rot/LeafRot231.jpg,Leaf Rot
/home/sivabharathi/Documents/FinalYearProject/CocoCare/ml/data/raw/mendeley/Bud Root Dropping/BudRootDropping490.jpg,Bud Root Dropping
/home/sivabharathi/Documents/FinalYearProject/CocoCare/ml/data/raw/mendeley/Gray Leaf Spot/GrayLeafSpot518.jpg,Gray Leaf Spot
/home/sivabharathi/Documents/FinalYearProject/CocoCare/ml/data/raw/mendeley/Gray Leaf Spot/GrayLeafSpot509.jpg,Gray Leaf Spot
/home/sivabharathi/Documents/FinalYearProject/CocoCare/ml/data/raw/mendeley/Bud Rot/BudRot239.jpg,Bud Rot
/home/sivabharathi/Documents/FinalYearProject/CocoCare/ml/data/raw/mendeley/Stem Bleeding/StemBleeding771.jpg,Stem Bleeding
/home/sivabharathi/Documents/FinalYearProject/CocoCare/ml/data/raw/mendeley/Gray Leaf Spot/GrayLeafSpot155.jpg,Gray Leaf Spot
/home/sivabharathi/Documents/FinalYearProject/CocoCare/ml/data/raw/mendeley/Bud Root Dropping/BudRootDropping196.jpg,Bud Root Dropping
/home/sivabharathi/Documents/FinalYearProject/CocoCare/ml/data/raw/mendeley/Leaf Rot/LeafRot1544.jpg,Leaf Rot
/home/sivabharathi/Documents/FinalYearProject/CocoCare/ml/data/raw/mendeley/Stem Bleeding/StemBleeding814.jpg,Stem Bleeding
/home/sivabharathi/Documents/FinalYearProject/CocoCare/ml/data/raw/mendeley/Gray Leaf Spot/GrayLeafSpot1125.jpg,Gray Leaf Spot
/home/sivabharathi/Documents/FinalYearProject/CocoCare/ml/data/raw/mendeley/Bud Rot/BudRot012.jpg,Bud Rot
/home/sivabharathi/Documents/FinalYearProject/CocoCare/ml/data/raw/mendeley/Leaf Rot/LeafRot1403.jpg,Leaf Rot
/home/sivabharathi/Documents/FinalYearProject/CocoCare/ml/data/raw/mendeley/Leaf Rot/LeafRot093.jpg,Leaf Rot
/home/sivabharathi/Documents/FinalYearProject/CocoCare/ml/data/raw/mendeley/Bud Rot/BudRot086.jpg,Bud Rot
/home/sivabharathi/Documents/FinalYearProject/CocoCare/ml/data/raw/mendeley/Leaf Rot/LeafRot182.jpg,Leaf Rot
/home/sivabharathi/Documents/FinalYearProject/CocoCare/ml/data/raw/mendeley/Leaf Rot/LeafRot1373.jpg,Leaf Rot
/home/sivabharathi/Documents/FinalYearProject/CocoCare/ml/data/raw/mendeley/Leaf Rot/LeafRot1521.jpg,Leaf Rot
/home/sivabharathi/Documents/FinalYearProject/CocoCare/ml/data/raw/mendeley/Stem Bleeding/StemBleeding188.jpg,Stem Bleeding
/home/sivabharathi/Documents/FinalYearProject/CocoCare/ml/data/raw/mendeley/Stem Bleeding/StemBleeding503.jpg,Stem Bleeding
/home/sivabharathi/Documents/FinalYearProject/CocoCare/ml/data/raw/mendeley/Gray Leaf Spot/GrayLeafSpot1673.jpg,Gray Leaf Spot
/home/sivabharathi/Documents/FinalYearProject/CocoCare/ml/data/raw/mendeley/Gray Leaf Spot/GrayLeafSpot548.jpg,Gray Leaf Spot
/home/sivabharathi/Documents/FinalYearProject/CocoCare/ml/data/raw/mendeley/Leaf Rot/LeafRot1406.jpg,Leaf Rot
/home/sivabharathi/Documents/FinalYearProject/CocoCare/ml/data/raw/mendeley/Bud Root Dropping/BudRootDropping506.jpg,Bud Root Dropping
/home/sivabharathi/Documents/FinalYearProject/CocoCare/ml/data/raw/mendeley/Gray Leaf Spot/GrayLeafSpot1267.jpg,Gray Leaf Spot
/home/sivabharathi/Documents/FinalYearProject/CocoCare/ml/data/raw/mendeley/Leaf Rot/LeafRot1157.jpg,Leaf Rot
/home/sivabharathi/Documents/FinalYearProject/CocoCare/ml/data/raw/mendeley/Leaf Rot/LeafRot409.jpg,Leaf Rot
/home/sivabharathi/Documents/FinalYearProject/CocoCare/ml/data/raw/mendeley/Gray Leaf Spot/GrayLeafSpot1874.jpg,Gray Leaf Spot
/home/sivabharathi/Documents/FinalYearProject/CocoCare/ml/data/raw/mendeley/Gray Leaf Spot/GrayLeafSpot1067.jpg,Gray Leaf Spot
/home/sivabharathi/Documents/FinalYearProject/CocoCare/ml/data/raw/mendeley/Gray Leaf Spot/GrayLeafSpot849.jpg,Gray Leaf Spot
/home/sivabharathi/Documents/FinalYearProject/CocoCare/ml/data/raw/mendeley/Stem Bleeding/StemBleeding874.jpg,Stem Bleeding
/home/sivabharathi/Documents/FinalYearProject/CocoCare/ml/data/raw/mendeley/Gray Leaf Spot/GrayLeafSpot181.jpg,Gray Leaf Spot
/home/sivabharathi/Documents/FinalYearProject/CocoCare/ml/data/raw/mendeley/Stem Bleeding/StemBleeding966.jpg,Stem Bleeding
/home/sivabharathi/Documents/FinalYearProject/CocoCare/ml/data/raw/mendeley/Bud Root Dropping/BudRootDropping487.jpg,Bud Root Dropping
/home/sivabharathi/Documents/FinalYearProject/CocoCare/ml/data/raw/mendeley/Leaf Rot/LeafRot381.jpg,Leaf Rot
/home/sivabharathi/Documents/FinalYearProject/CocoCare/ml/data/raw/mendeley/Gray Leaf Spot/GrayLeafSpot1816.jpg,Gray Leaf Spot
/home/sivabharathi/Documents/FinalYearProject/CocoCare/ml/data/raw/mendeley/Leaf Rot/LeafRot270.jpg,Leaf Rot
/home/sivabharathi/Documents/FinalYearProject/CocoCare/ml/data/raw/mendeley/Gray Leaf Spot/GrayLeafSpot513.jpg,Gray Leaf Spot
/home/sivabharathi/Documents/FinalYearProject/CocoCare/ml/data/raw/mendeley/Gray Leaf Spot/GrayLeafSpot1640.jpg,Gray Leaf Spot
/home/sivabharathi/Documents/FinalYearProject/CocoCare/ml/data/raw/mendeley/Gray Leaf Spot/GrayLeafSpot1994.jpg,Gray Leaf Spot
/home/sivabharathi/Documents/FinalYearProject/CocoCare/ml/data/raw/mendeley/Leaf Rot/LeafRot007.jpg,Leaf Rot
/home/sivabharathi/Documents/FinalYearProject/CocoCare/ml/data/raw/mendeley/Leaf Rot/LeafRot562.jpg,Leaf Rot
/home/sivabharathi/Documents/FinalYearProject/CocoCare/ml/data/raw/mendeley/Bud Rot/BudRot382.jpg,Bud Rot
/home/sivabharathi/Documents/FinalYearProject/CocoCare/ml/data/raw/mendeley/Leaf Rot/LeafRot1042.jpg,Leaf Rot
/home/sivabharathi/Documents/FinalYearProject/CocoCare/ml/data/raw/mendeley/Leaf Rot/LeafRot1129.jpg,Leaf Rot
/home/sivabharathi/Documents/FinalYearProject/CocoCare/ml/data/raw/mendeley/Gray Leaf Spot/GrayLeafSpot256.jpg,Gray Leaf Spot
/home/sivabharathi/Documents/FinalYearProject/CocoCare/ml/data/raw/mendeley/Gray Leaf Spot/GrayLeafSpot1287.jpg,Gray Leaf Spot
/home/sivabharathi/Documents/FinalYearProject/CocoCare/ml/data/raw/mendeley/Gray Leaf Spot/GrayLeafSpot1015.jpg,Gray Leaf Spot
/home/sivabharathi/Documents/FinalYearProject/CocoCare/ml/data/raw/mendeley/Gray Leaf Spot/GrayLeafSpot1156.jpg,Gray Leaf Spot
/home/sivabharathi/Documents/FinalYearProject/CocoCare/ml/data/raw/mendeley/Leaf Rot/LeafRot083.jpg,Leaf Rot
/home/sivabharathi/Documents/FinalYearProject/CocoCare/ml/data/raw/mendeley/Stem Bleeding/StemBleeding500.jpg,Stem Bleeding
/home/sivabharathi/Documents/FinalYearProject/CocoCare/ml/data/raw/mendeley/Bud Rot/BudRot155.jpg,Bud Rot
/home/sivabharathi/Documents/FinalYearProject/CocoCare/ml/data/raw/mendeley/Leaf Rot/LeafRot1121.jpg,Leaf Rot
/home/sivabharathi/Documents/FinalYearProject/CocoCare/ml/data/raw/mendeley/Stem Bleeding/StemBleeding977.jpg,Stem Bleeding
/home/sivabharathi/Documents/FinalYearProject/CocoCare/ml/data/raw/mendeley/Leaf Rot/LeafRot1250.jpg,Leaf Rot
/home/sivabharathi/Documents/FinalYearProject/CocoCare/ml/data/raw/mendeley/Stem Bleeding/StemBleeding858.jpg,Stem Bleeding
/home/sivabharathi/Documents/FinalYearProject/CocoCare/ml/data/raw/mendeley/Gray Leaf Spot/GrayLeafSpot1752.jpg,Gray Leaf Spot
/home/sivabharathi/Documents/FinalYearProject/CocoCare/ml/data/raw/mendeley/Leaf Rot/LeafRot796.jpg,Leaf Rot
/home/sivabharathi/Documents/FinalYearProject/CocoCare/ml/data/raw/mendeley/Leaf Rot/LeafRot1625.jpg,Leaf Rot
/home/sivabharathi/Documents/FinalYearProject/CocoCare/ml/data/raw/mendeley/Gray Leaf Spot/GrayLeafSpot1391.jpg,Gray Leaf Spot
/home/sivabharathi/Documents/FinalYearProject/CocoCare/ml/data/raw/mendeley/Gray Leaf Spot/GrayLeafSpot1570.jpg,Gray Leaf Spot
/home/sivabharathi/Documents/FinalYearProject/CocoCare/ml/data/raw/mendeley/Gray Leaf Spot/GrayLeafSpot087.jpg,Gray Leaf Spot
/home/sivabharathi/Documents/FinalYearProject/CocoCare/ml/data/raw/mendeley/Bud Rot/BudRot054.jpg,Bud Rot
/home/sivabharathi/Documents/FinalYearProject/CocoCare/ml/data/raw/mendeley/Gray Leaf Spot/GrayLeafSpot454.jpg,Gray Leaf Spot
/home/sivabharathi/Documents/FinalYearProject/CocoCare/ml/data/raw/mendeley/Stem Bleeding/StemBleeding576.jpg,Stem Bleeding
/home/sivabharathi/Documents/FinalYearProject/CocoCare/ml/data/raw/mendeley/Leaf Rot/LeafRot260.jpg,Leaf Rot
/home/sivabharathi/Documents/FinalYearProject/CocoCare/ml/data/raw/mendeley/Gray Leaf Spot/GrayLeafSpot795.jpg,Gray Leaf Spot
/home/sivabharathi/Documents/FinalYearProject/CocoCare/ml/data/raw/mendeley/Leaf Rot/LeafRot456.jpg,Leaf Rot
/home/sivabharathi/Documents/FinalYearProject/CocoCare/ml/data/raw/mendeley/Leaf Rot/LeafRot079.jpg,Leaf Rot
/home/sivabharathi/Documents/FinalYearProject/CocoCare/ml/data/raw/mendeley/Stem Bleeding/StemBleeding279.jpg,Stem Bleeding
/home/sivabharathi/Documents/FinalYearProject/CocoCare/ml/data/raw/mendeley/Gray Leaf Spot/GrayLeafSpot997.jpg,Gray Leaf Spot
/home/sivabharathi/Documents/FinalYearProject/CocoCare/ml/data/raw/mendeley/Gray Leaf Spot/GrayLeafSpot1436.jpg,Gray Leaf Spot
/home/sivabharathi/Documents/FinalYearProject/CocoCare/ml/data/raw/mendeley/Gray Leaf Spot/GrayLeafSpot027.jpg,Gray Leaf Spot
/home/sivabharathi/Documents/FinalYearProject/CocoCare/ml/data/raw/mendeley/Gray Leaf Spot/GrayLeafSpot705.jpg,Gray Leaf Spot
/home/sivabharathi/Documents/FinalYearProject/CocoCare/ml/data/raw/mendeley/Stem Bleeding/StemBleeding836.jpg,Stem Bleeding
/home/sivabharathi/Documents/FinalYearProject/CocoCare/ml/data/raw/mendeley/Bud Rot/BudRot132.jpg,Bud Rot
/home/sivabharathi/Documents/FinalYearProject/CocoCare/ml/data/raw/mendeley/Bud Root Dropping/BudRootDropping447.jpg,Bud Root Dropping
/home/sivabharathi/Documents/FinalYearProject/CocoCare/ml/data/raw/mendeley/Bud Rot/BudRot175.jpg,Bud Rot
/home/sivabharathi/Documents/FinalYearProject/CocoCare/ml/data/raw/mendeley/Gray Leaf Spot/GrayLeafSpot1884.jpg,Gray Leaf Spot
/home/sivabharathi/Documents/FinalYearProject/CocoCare/ml/data/raw/mendeley/Leaf Rot/LeafRot1134.jpg,Leaf Rot
/home/sivabharathi/Documents/FinalYearProject/CocoCare/ml/data/raw/mendeley/Gray Leaf Spot/GrayLeafSpot2105.jpg,Gray Leaf Spot
/home/sivabharathi/Documents/FinalYearProject/CocoCare/ml/data/raw/mendeley/Leaf Rot/LeafRot038.jpg,Leaf Rot
/home/sivabharathi/Documents/FinalYearProject/CocoCare/ml/data/raw/mendeley/Gray Leaf Spot/GrayLeafSpot1238.jpg,Gray Leaf Spot
/home/sivabharathi/Documents/FinalYearProject/CocoCare/ml/data/raw/mendeley/Leaf Rot/LeafRot1428.jpg,Leaf Rot
/home/sivabharathi/Documents/FinalYearProject/CocoCare/ml/data/raw/mendeley/Leaf Rot/LeafRot030.jpg,Leaf Rot
/home/sivabharathi/Documents/FinalYearProject/CocoCare/ml/data/raw/mendeley/Bud Rot/BudRot007.jpg,Bud Rot
/home/sivabharathi/Documents/FinalYearProject/CocoCare/ml/data/raw/mendeley/Gray Leaf Spot/GrayLeafSpot1339.jpg,Gray Leaf Spot
/home/sivabharathi/Documents/FinalYearProject/CocoCare/ml/data/raw/mendeley/Gray Leaf Spot/GrayLeafSpot1213.jpg,Gray Leaf Spot
/home/sivabharathi/Documents/FinalYearProject/CocoCare/ml/data/raw/mendeley/Gray Leaf Spot/GrayLeafSpot1682.jpg,Gray Leaf Spot
/home/sivabharathi/Documents/FinalYearProject/CocoCare/ml/data/raw/mendeley/Bud Root Dropping/BudRootDropping209.jpg,Bud Root Dropping
/home/sivabharathi/Documents/FinalYearProject/CocoCare/ml/data/raw/mendeley/Gray Leaf Spot/GrayLeafSpot1615.jpg,Gray Leaf Spot
/home/sivabharathi/Documents/FinalYearProject/CocoCare/ml/data/raw/mendeley/Gray Leaf Spot/GrayLeafSpot1043.jpg,Gray Leaf Spot
/home/sivabharathi/Documents/FinalYearProject/CocoCare/ml/data/raw/mendeley/Leaf Rot/LeafRot1588.jpg,Leaf Rot
/home/sivabharathi/Documents/FinalYearProject/CocoCare/ml/data/raw/mendeley/Leaf Rot/LeafRot559.jpg,Leaf Rot
/home/sivabharathi/Documents/FinalYearProject/CocoCare/ml/data/raw/mendeley/Bud Rot/BudRot278.jpg,Bud Rot
/home/sivabharathi/Documents/FinalYearProject/CocoCare/ml/data/raw/mendeley/Stem Bleeding/StemBleeding881.jpg,Stem Bleeding
/home/sivabharathi/Documents/FinalYearProject/CocoCare/ml/data/raw/mendeley/Bud Root Dropping/BudRootDropping394.jpg,Bud Root Dropping
/home/sivabharathi/Documents/FinalYearProject/CocoCare/ml/data/raw/mendeley/Gray Leaf Spot/GrayLeafSpot1761.jpg,Gray Leaf Spot
/home/sivabharathi/Documents/FinalYearProject/CocoCare/ml/data/raw/mendeley/Stem Bleeding/StemBleeding872.jpg,Stem Bleeding
/home/sivabharathi/Documents/FinalYearProject/CocoCare/ml/data/raw/mendeley/Leaf Rot/LeafRot1177.jpg,Leaf Rot
/home/sivabharathi/Documents/FinalYearProject/CocoCare/ml/data/raw/mendeley/Bud Root Dropping/BudRootDropping351.jpg,Bud Root Dropping
/home/sivabharathi/Documents/FinalYearProject/CocoCare/ml/data/raw/mendeley/Gray Leaf Spot/GrayLeafSpot589.jpg,Gray Leaf Spot
/home/sivabharathi/Documents/FinalYearProject/CocoCare/ml/data/raw/mendeley/Stem Bleeding/StemBleeding581.jpg,Stem Bleeding
/home/sivabharathi/Documents/FinalYearProject/CocoCare/ml/data/raw/mendeley/Bud Rot/BudRot172.jpg,Bud Rot
/home/sivabharathi/Documents/FinalYearProject/CocoCare/ml/data/raw/mendeley/Leaf Rot/LeafRot811.jpg,Leaf Rot
/home/sivabharathi/Documents/FinalYearProject/CocoCare/ml/data/raw/mendeley/Leaf Rot/LeafRot715.jpg,Leaf Rot
/home/sivabharathi/Documents/FinalYearProject/CocoCare/ml/data/raw/mendeley/Stem Bleeding/StemBleeding469.jpg,Stem Bleeding
/home/sivabharathi/Documents/FinalYearProject/CocoCare/ml/data/raw/mendeley/Gray Leaf Spot/GrayLeafSpot1024.jpg,Gray Leaf Spot
/home/sivabharathi/Documents/FinalYearProject/CocoCare/ml/data/raw/mendeley/Leaf Rot/LeafRot1337.jpg,Leaf Rot
/home/sivabharathi/Documents/FinalYearProject/CocoCare/ml/data/raw/mendeley/Gray Leaf Spot/GrayLeafSpot1604.jpg,Gray Leaf Spot
/home/sivabharathi/Documents/FinalYearProject/CocoCare/ml/data/raw/mendeley/Stem Bleeding/StemBleeding981.jpg,Stem Bleeding
/home/sivabharathi/Documents/FinalYearProject/CocoCare/ml/data/raw/mendeley/Gray Leaf Spot/GrayLeafSpot1087.jpg,Gray Leaf Spot
/home/sivabharathi/Documents/FinalYearProject/CocoCare/ml/data/raw/mendeley/Gray Leaf Spot/GrayLeafSpot2095.jpg,Gray Leaf Spot
/home/sivabharathi/Documents/FinalYearProject/CocoCare/ml/data/raw/mendeley/Bud Root Dropping/BudRootDropping195.jpg,Bud Root Dropping
/home/sivabharathi/Documents/FinalYearProject/CocoCare/ml/data/raw/mendeley/Stem Bleeding/StemBleeding452.jpg,Stem Bleeding
/home/sivabharathi/Documents/FinalYearProject/CocoCare/ml/data/raw/mendeley/Gray Leaf Spot/GrayLeafSpot192.jpg,Gray Leaf Spot
/home/sivabharathi/Documents/FinalYearProject/CocoCare/ml/data/raw/mendeley/Leaf Rot/LeafRot1094.jpg,Leaf Rot
/home/sivabharathi/Documents/FinalYearProject/CocoCare/ml/data/raw/mendeley/Leaf Rot/LeafRot589.jpg,Leaf Rot
/home/sivabharathi/Documents/FinalYearProject/CocoCare/ml/data/raw/mendeley/Leaf Rot/LeafRot1507.jpg,Leaf Rot
/home/sivabharathi/Documents/FinalYearProject/CocoCare/ml/data/raw/mendeley/Stem Bleeding/StemBleeding034.jpg,Stem Bleeding
/home/sivabharathi/Documents/FinalYearProject/CocoCare/ml/data/raw/mendeley/Stem Bleeding/StemBleeding293.jpg,Stem Bleeding
/home/sivabharathi/Documents/FinalYearProject/CocoCare/ml/data/raw/mendeley/Stem Bleeding/StemBleeding608.jpg,Stem Bleeding
/home/sivabharathi/Documents/FinalYearProject/CocoCare/ml/data/raw/mendeley/Gray Leaf Spot/GrayLeafSpot996.jpg,Gray Leaf Spot
/home/sivabharathi/Documents/FinalYearProject/CocoCare/ml/data/raw/mendeley/Leaf Rot/LeafRot1325.jpg,Leaf Rot
/home/sivabharathi/Documents/FinalYearProject/CocoCare/ml/data/raw/mendeley/Gray Leaf Spot/GrayLeafSpot1256.jpg,Gray Leaf Spot
/home/sivabharathi/Documents/FinalYearProject/CocoCare/ml/data/raw/mendeley/Gray Leaf Spot/GrayLeafSpot739.jpg,Gray Leaf Spot
/home/sivabharathi/Documents/FinalYearProject/CocoCare/ml/data/raw/mendeley/Stem Bleeding/StemBleeding355.jpg,Stem Bleeding
/home/sivabharathi/Documents/FinalYearProject/CocoCare/ml/data/raw/mendeley/Gray Leaf Spot/GrayLeafSpot147.jpg,Gray Leaf Spot
/home/sivabharathi/Documents/FinalYearProject/CocoCare/ml/data/raw/mendeley/Leaf Rot/LeafRot1254.jpg,Leaf Rot
/home/sivabharathi/Documents/FinalYearProject/CocoCare/ml/data/raw/mendeley/Gray Leaf Spot/GrayLeafSpot267.jpg,Gray Leaf Spot
/home/sivabharathi/Documents/FinalYearProject/CocoCare/ml/data/raw/mendeley/Gray Leaf Spot/GrayLeafSpot1139.jpg,Gray Leaf Spot
/home/sivabharathi/Documents/FinalYearProject/CocoCare/ml/data/raw/mendeley/Stem Bleeding/StemBleeding775.jpg,Stem Bleeding
/home/sivabharathi/Documents/FinalYearProject/CocoCare/ml/data/raw/mendeley/Stem Bleeding/StemBleeding505.jpg,Stem Bleeding
/home/sivabharathi/Documents/FinalYearProject/CocoCare/ml/data/raw/mendeley/Gray Leaf Spot/GrayLeafSpot1094.jpg,Gray Leaf Spot
/home/sivabharathi/Documents/FinalYearProject/CocoCare/ml/data/raw/mendeley/Gray Leaf Spot/GrayLeafSpot724.jpg,Gray Leaf Spot
/home/sivabharathi/Documents/FinalYearProject/CocoCare/ml/data/raw/mendeley/Leaf Rot/LeafRot1663.jpg,Leaf Rot
/home/sivabharathi/Documents/FinalYearProject/CocoCare/ml/data/raw/mendeley/Leaf Rot/LeafRot747.jpg,Leaf Rot
/home/sivabharathi/Documents/FinalYearProject/CocoCare/ml/data/raw/mendeley/Leaf Rot/LeafRot779.jpg,Leaf Rot
/home/sivabharathi/Documents/FinalYearProject/CocoCare/ml/data/raw/mendeley/Stem Bleeding/StemBleeding392.jpg,Stem Bleeding
/home/sivabharathi/Documents/FinalYearProject/CocoCare/ml/data/raw/mendeley/Leaf Rot/LeafRot499.jpg,Leaf Rot
/home/sivabharathi/Documents/FinalYearProject/CocoCare/ml/data/raw/mendeley/Leaf Rot/LeafRot1626.jpg,Leaf Rot
/home/sivabharathi/Documents/FinalYearProject/CocoCare/ml/data/raw/mendeley/Stem Bleeding/StemBleeding193.jpg,Stem Bleeding
/home/sivabharathi/Documents/FinalYearProject/CocoCare/ml/data/raw/mendeley/Gray Leaf Spot/GrayLeafSpot1431.jpg,Gray Leaf Spot
/home/sivabharathi/Documents/FinalYearProject/CocoCare/ml/data/raw/mendeley/Stem Bleeding/StemBleeding096.jpg,Stem Bleeding
/home/sivabharathi/Documents/FinalYearProject/CocoCare/ml/data/raw/mendeley/Leaf Rot/LeafRot130.jpg,Leaf Rot
/home/sivabharathi/Documents/FinalYearProject/CocoCare/ml/data/raw/mendeley/Bud Root Dropping/BudRootDropping149.jpg,Bud Root Dropping
/home/sivabharathi/Documents/FinalYearProject/CocoCare/ml/data/raw/mendeley/Leaf Rot/LeafRot733.jpg,Leaf Rot
/home/sivabharathi/Documents/FinalYearProject/CocoCare/ml/data/raw/mendeley/Leaf Rot/LeafRot136.jpg,Leaf Rot
/home/sivabharathi/Documents/FinalYearProject/CocoCare/ml/data/raw/mendeley/Leaf Rot/LeafRot927.jpg,Leaf Rot
/home/sivabharathi/Documents/FinalYearProject/CocoCare/ml/data/raw/mendeley/Stem Bleeding/StemBleeding434.jpg,Stem Bleeding
/home/sivabharathi/Documents/FinalYearProject/CocoCare/ml/data/raw/mendeley/Gray Leaf Spot/GrayLeafSpot1392.jpg,Gray Leaf Spot
/home/sivabharathi/Documents/FinalYearProject/CocoCare/ml/data/raw/mendeley/Stem Bleeding/StemBleeding662.jpg,Stem Bleeding
/home/sivabharathi/Documents/FinalYearProject/CocoCare/ml/data/raw/mendeley/Gray Leaf Spot/GrayLeafSpot1869.jpg,Gray Leaf Spot
/home/sivabharathi/Documents/FinalYearProject/CocoCare/ml/data/raw/mendeley/Gray Leaf Spot/GrayLeafSpot1184.jpg,Gray Leaf Spot
/home/sivabharathi/Documents/FinalYearProject/CocoCare/ml/data/raw/mendeley/Gray Leaf Spot/GrayLeafSpot710.jpg,Gray Leaf Spot
/home/sivabharathi/Documents/FinalYearProject/CocoCare/ml/data/raw/mendeley/Bud Rot/BudRot297.jpg,Bud Rot
/home/sivabharathi/Documents/FinalYearProject/CocoCare/ml/data/raw/mendeley/Leaf Rot/LeafRot1422.jpg,Leaf Rot
/home/sivabharathi/Documents/FinalYearProject/CocoCare/ml/data/raw/mendeley/Gray Leaf Spot/GrayLeafSpot1278.jpg,Gray Leaf Spot
/home/sivabharathi/Documents/FinalYearProject/CocoCare/ml/data/raw/mendeley/Bud Root Dropping/BudRootDropping474.jpg,Bud Root Dropping
/home/sivabharathi/Documents/FinalYearProject/CocoCare/ml/data/raw/mendeley/Stem Bleeding/StemBleeding667.jpg,Stem Bleeding
/home/sivabharathi/Documents/FinalYearProject/CocoCare/ml/data/raw/mendeley/Gray Leaf Spot/GrayLeafSpot031.jpg,Gray Leaf Spot
/home/sivabharathi/Documents/FinalYearProject/CocoCare/ml/data/raw/mendeley/Leaf Rot/LeafRot078.jpg,Leaf Rot
/home/sivabharathi/Documents/FinalYearProject/CocoCare/ml/data/raw/mendeley/Gray Leaf Spot/GrayLeafSpot174.jpg,Gray Leaf Spot
/home/sivabharathi/Documents/FinalYearProject/CocoCare/ml/data/raw/mendeley/Gray Leaf Spot/GrayLeafSpot2053.jpg,Gray Leaf Spot
/home/sivabharathi/Documents/FinalYearProject/CocoCare/ml/data/raw/mendeley/Bud Root Dropping/BudRootDropping235.jpg,Bud Root Dropping
/home/sivabharathi/Documents/FinalYearProject/CocoCare/ml/data/raw/mendeley/Leaf Rot/LeafRot1332.jpg,Leaf Rot
/home/sivabharathi/Documents/FinalYearProject/CocoCare/ml/data/raw/mendeley/Gray Leaf Spot/GrayLeafSpot1956.jpg,Gray Leaf Spot
/home/sivabharathi/Documents/FinalYearProject/CocoCare/ml/data/raw/mendeley/Gray Leaf Spot/GrayLeafSpot845.jpg,Gray Leaf Spot
/home/sivabharathi/Documents/FinalYearProject/CocoCare/ml/data/raw/mendeley/Bud Rot/BudRot210.jpg,Bud Rot
/home/sivabharathi/Documents/FinalYearProject/CocoCare/ml/data/raw/mendeley/Gray Leaf Spot/GrayLeafSpot1920.jpg,Gray Leaf Spot
/home/sivabharathi/Documents/FinalYearProject/CocoCare/ml/data/raw/mendeley/Gray Leaf Spot/GrayLeafSpot1353.jpg,Gray Leaf Spot
/home/sivabharathi/Documents/FinalYearProject/CocoCare/ml/data/raw/mendeley/Bud Rot/BudRot285.jpg,Bud Rot
/home/sivabharathi/Documents/FinalYearProject/CocoCare/ml/data/raw/mendeley/Bud Root Dropping/BudRootDropping224.jpg,Bud Root Dropping
/home/sivabharathi/Documents/FinalYearProject/CocoCare/ml/data/raw/mendeley/Leaf Rot/LeafRot1568.jpg,Leaf Rot
/home/sivabharathi/Documents/FinalYearProject/CocoCare/ml/data/raw/mendeley/Stem Bleeding/StemBleeding929.jpg,Stem Bleeding
/home/sivabharathi/Documents/FinalYearProject/CocoCare/ml/data/raw/mendeley/Gray Leaf Spot/GrayLeafSpot1896.jpg,Gray Leaf Spot
/home/sivabharathi/Documents/FinalYearProject/CocoCare/ml/data/raw/mendeley/Bud Root Dropping/BudRootDropping250.jpg,Bud Root Dropping
/home/sivabharathi/Documents/FinalYearProject/CocoCare/ml/data/raw/mendeley/Gray Leaf Spot/GrayLeafSpot1600.jpg,Gray Leaf Spot
/home/sivabharathi/Documents/FinalYearProject/CocoCare/ml/data/raw/mendeley/Stem Bleeding/StemBleeding093.jpg,Stem Bleeding
/home/sivabharathi/Documents/FinalYearProject/CocoCare/ml/data/raw/mendeley/Leaf Rot/LeafRot081.jpg,Leaf Rot
/home/sivabharathi/Documents/FinalYearProject/CocoCare/ml/data/raw/mendeley/Leaf Rot/LeafRot1396.jpg,Leaf Rot
/home/sivabharathi/Documents/FinalYearProject/CocoCare/ml/data/raw/mendeley/Stem Bleeding/StemBleeding610.jpg,Stem Bleeding
/home/sivabharathi/Documents/FinalYearProject/CocoCare/ml/data/raw/mendeley/Gray Leaf Spot/GrayLeafSpot1528.jpg,Gray Leaf Spot
/home/sivabharathi/Documents/FinalYearProject/CocoCare/ml/data/raw/mendeley/Gray Leaf Spot/GrayLeafSpot1471.jpg,Gray Leaf Spot
/home/sivabharathi/Documents/FinalYearProject/CocoCare/ml/data/raw/mendeley/Bud Rot/BudRot387.jpg,Bud Rot
/home/sivabharathi/Documents/FinalYearProject/CocoCare/ml/data/raw/mendeley/Leaf Rot/LeafRot1393.jpg,Leaf Rot
/home/sivabharathi/Documents/FinalYearProject/CocoCare/ml/data/raw/mendeley/Gray Leaf Spot/GrayLeafSpot046.jpg,Gray Leaf Spot
/home/sivabharathi/Documents/FinalYearProject/CocoCare/ml/data/raw/mendeley/Leaf Rot/LeafRot278.jpg,Leaf Rot
/home/sivabharathi/Documents/FinalYearProject/CocoCare/ml/data/raw/mendeley/Stem Bleeding/StemBleeding630.jpg,Stem Bleeding
/home/sivabharathi/Documents/FinalYearProject/CocoCare/ml/data/raw/mendeley/Stem Bleeding/StemBleeding937.jpg,Stem Bleeding
/home/sivabharathi/Documents/FinalYearProject/CocoCare/ml/data/raw/mendeley/Gray Leaf Spot/GrayLeafSpot434.jpg,Gray Leaf Spot
/home/sivabharathi/Documents/FinalYearProject/CocoCare/ml/data/raw/mendeley/Leaf Rot/LeafRot1386.jpg,Leaf Rot
/home/sivabharathi/Documents/FinalYearProject/CocoCare/ml/data/raw/mendeley/Gray Leaf Spot/GrayLeafSpot994.jpg,Gray Leaf Spot
/home/sivabharathi/Documents/FinalYearProject/CocoCare/ml/data/raw/mendeley/Stem Bleeding/StemBleeding842.jpg,Stem Bleeding
/home/sivabharathi/Documents/FinalYearProject/CocoCare/ml/data/raw/mendeley/Gray Leaf Spot/GrayLeafSpot1698.jpg,Gray Leaf Spot
/home/sivabharathi/Documents/FinalYearProject/CocoCare/ml/data/raw/mendeley/Leaf Rot/LeafRot1405.jpg,Leaf Rot
/home/sivabharathi/Documents/FinalYearProject/CocoCare/ml/data/raw/mendeley/Stem Bleeding/StemBleeding513.jpg,Stem Bleeding
/home/sivabharathi/Documents/FinalYearProject/CocoCare/ml/data/raw/mendeley/Leaf Rot/LeafRot806.jpg,Leaf Rot
/home/sivabharathi/Documents/FinalYearProject/CocoCare/ml/data/raw/mendeley/Stem Bleeding/StemBleeding067.jpg,Stem Bleeding
/home/sivabharathi/Documents/FinalYearProject/CocoCare/ml/data/raw/mendeley/Leaf Rot/LeafRot549.jpg,Leaf Rot
/home/sivabharathi/Documents/FinalYearProject/CocoCare/ml/data/raw/mendeley/Bud Rot/BudRot340.jpg,Bud Rot
/home/sivabharathi/Documents/FinalYearProject/CocoCare/ml/data/raw/mendeley/Leaf Rot/LeafRot840.jpg,Leaf Rot
/home/sivabharathi/Documents/FinalYearProject/CocoCare/ml/data/raw/mendeley/Stem Bleeding/StemBleeding726.jpg,Stem Bleeding
/home/sivabharathi/Documents/FinalYearProject/CocoCare/ml/data/raw/mendeley/Leaf Rot/LeafRot851.jpg,Leaf Rot
/home/sivabharathi/Documents/FinalYearProject/CocoCare/ml/data/raw/mendeley/Gray Leaf Spot/GrayLeafSpot1292.jpg,Gray Leaf Spot
/home/sivabharathi/Documents/FinalYearProject/CocoCare/ml/data/raw/mendeley/Bud Root Dropping/BudRootDropping019.jpg,Bud Root Dropping
/home/sivabharathi/Documents/FinalYearProject/CocoCare/ml/data/raw/mendeley/Leaf Rot/LeafRot1288.jpg,Leaf Rot
/home/sivabharathi/Documents/FinalYearProject/CocoCare/ml/data/raw/mendeley/Gray Leaf Spot/GrayLeafSpot614.jpg,Gray Leaf Spot
/home/sivabharathi/Documents/FinalYearProject/CocoCare/ml/data/raw/mendeley/Leaf Rot/LeafRot1223.jpg,Leaf Rot
/home/sivabharathi/Documents/FinalYearProject/CocoCare/ml/data/raw/mendeley/Bud Root Dropping/BudRootDropping326.jpg,Bud Root Dropping
/home/sivabharathi/Documents/FinalYearProject/CocoCare/ml/data/raw/mendeley/Leaf Rot/LeafRot048.jpg,Leaf Rot
/home/sivabharathi/Documents/FinalYearProject/CocoCare/ml/data/raw/mendeley/Stem Bleeding/StemBleeding895.jpg,Stem Bleeding
/home/sivabharathi/Documents/FinalYearProject/CocoCare/ml/data/raw/mendeley/Stem Bleeding/StemBleeding038.jpg,Stem Bleeding
/home/sivabharathi/Documents/FinalYearProject/CocoCare/ml/data/raw/mendeley/Leaf Rot/LeafRot1022.jpg,Leaf Rot
/home/sivabharathi/Documents/FinalYearProject/CocoCare/ml/data/raw/mendeley/Leaf Rot/LeafRot1299.jpg,Leaf Rot
/home/sivabharathi/Documents/FinalYearProject/CocoCare/ml/data/raw/mendeley/Leaf Rot/LeafRot300.jpg,Leaf Rot
/home/sivabharathi/Documents/FinalYearProject/CocoCare/ml/data/raw/mendeley/Gray Leaf Spot/GrayLeafSpot756.jpg,Gray Leaf Spot
/home/sivabharathi/Documents/FinalYearProject/CocoCare/ml/data/raw/mendeley/Gray Leaf Spot/GrayLeafSpot1116.jpg,Gray Leaf Spot
/home/sivabharathi/Documents/FinalYearProject/CocoCare/ml/data/raw/mendeley/Gray Leaf Spot/GrayLeafSpot1409.jpg,Gray Leaf Spot
/home/sivabharathi/Documents/FinalYearProject/CocoCare/ml/data/raw/mendeley/Gray Leaf Spot/GrayLeafSpot054.jpg,Gray Leaf Spot
/home/sivabharathi/Documents/FinalYearProject/CocoCare/ml/data/raw/mendeley/Bud Root Dropping/BudRootDropping441.jpg,Bud Root Dropping
/home/sivabharathi/Documents/FinalYearProject/CocoCare/ml/data/raw/mendeley/Leaf Rot/LeafRot029.jpg,Leaf Rot
/home/sivabharathi/Documents/FinalYearProject/CocoCare/ml/data/raw/mendeley/Gray Leaf Spot/GrayLeafSpot916.jpg,Gray Leaf Spot
/home/sivabharathi/Documents/FinalYearProject/CocoCare/ml/data/raw/mendeley/Leaf Rot/LeafRot836.jpg,Leaf Rot
/home/sivabharathi/Documents/FinalYearProject/CocoCare/ml/data/raw/mendeley/Gray Leaf Spot/GrayLeafSpot151.jpg,Gray Leaf Spot
/home/sivabharathi/Documents/FinalYearProject/CocoCare/ml/data/raw/mendeley/Leaf Rot/LeafRot673.jpg,Leaf Rot
/home/sivabharathi/Documents/FinalYearProject/CocoCare/ml/data/raw/mendeley/Leaf Rot/LeafRot477.jpg,Leaf Rot
/home/sivabharathi/Documents/FinalYearProject/CocoCare/ml/data/raw/mendeley/Stem Bleeding/StemBleeding854.jpg,Stem Bleeding
/home/sivabharathi/Documents/FinalYearProject/CocoCare/ml/data/raw/mendeley/Gray Leaf Spot/GrayLeafSpot2094.jpg,Gray Leaf Spot
/home/sivabharathi/Documents/FinalYearProject/CocoCare/ml/data/raw/mendeley/Gray Leaf Spot/GrayLeafSpot1598.jpg,Gray Leaf Spot
/home/sivabharathi/Documents/FinalYearProject/CocoCare/ml/data/raw/mendeley/Gray Leaf Spot/GrayLeafSpot2102.jpg,Gray Leaf Spot
/home/sivabharathi/Documents/FinalYearProject/CocoCare/ml/data/raw/mendeley/Gray Leaf Spot/GrayLeafSpot1654.jpg,Gray Leaf Spot
/home/sivabharathi/Documents/FinalYearProject/CocoCare/ml/data/raw/mendeley/Leaf Rot/LeafRot1490.jpg,Leaf Rot
/home/sivabharathi/Documents/FinalYearProject/CocoCare/ml/data/raw/mendeley/Gray Leaf Spot/GrayLeafSpot1469.jpg,Gray Leaf Spot
/home/sivabharathi/Documents/FinalYearProject/CocoCare/ml/data/raw/mendeley/Gray Leaf Spot/GrayLeafSpot831.jpg,Gray Leaf Spot
/home/sivabharathi/Documents/FinalYearProject/CocoCare/ml/data/raw/mendeley/Leaf Rot/LeafRot036.jpg,Leaf Rot
/home/sivabharathi/Documents/FinalYearProject/CocoCare/ml/data/raw/mendeley/Bud Root Dropping/BudRootDropping482.jpg,Bud Root Dropping
/home/sivabharathi/Documents/FinalYearProject/CocoCare/ml/data/raw/mendeley/Leaf Rot/LeafRot1075.jpg,Leaf Rot
/home/sivabharathi/Documents/FinalYearProject/CocoCare/ml/data/raw/mendeley/Gray Leaf Spot/GrayLeafSpot946.jpg,Gray Leaf Spot
/home/sivabharathi/Documents/FinalYearProject/CocoCare/ml/data/raw/mendeley/Stem Bleeding/StemBleeding946.jpg,Stem Bleeding
/home/sivabharathi/Documents/FinalYearProject/CocoCare/ml/data/raw/mendeley/Gray Leaf Spot/GrayLeafSpot1138.jpg,Gray Leaf Spot
/home/sivabharathi/Documents/FinalYearProject/CocoCare/ml/data/raw/mendeley/Leaf Rot/LeafRot979.jpg,Leaf Rot
/home/sivabharathi/Documents/FinalYearProject/CocoCare/ml/data/raw/mendeley/Stem Bleeding/StemBleeding1000.jpg,Stem Bleeding
/home/sivabharathi/Documents/FinalYearProject/CocoCare/ml/data/raw/mendeley/Stem Bleeding/StemBleeding149.jpg,Stem Bleeding
/home/sivabharathi/Documents/FinalYearProject/CocoCare/ml/data/raw/mendeley/Gray Leaf Spot/GrayLeafSpot1360.jpg,Gray Leaf Spot
/home/sivabharathi/Documents/FinalYearProject/CocoCare/ml/data/raw/mendeley/Stem Bleeding/StemBleeding648.jpg,Stem Bleeding
/home/sivabharathi/Documents/FinalYearProject/CocoCare/ml/data/raw/mendeley/Gray Leaf Spot/GrayLeafSpot1366.jpg,Gray Leaf Spot
/home/sivabharathi/Documents/FinalYearProject/CocoCare/ml/data/raw/mendeley/Stem Bleeding/StemBleeding961.jpg,Stem Bleeding
/home/sivabharathi/Documents/FinalYearProject/CocoCare/ml/data/raw/mendeley/Leaf Rot/LeafRot553.jpg,Leaf Rot
/home/sivabharathi/Documents/FinalYearProject/CocoCare/ml/data/raw/mendeley/Leaf Rot/LeafRot1161.jpg,Leaf Rot
/home/sivabharathi/Documents/FinalYearProject/CocoCare/ml/data/raw/mendeley/Gray Leaf Spot/GrayLeafSpot231.jpg,Gray Leaf Spot
/home/sivabharathi/Documents/FinalYearProject/CocoCare/ml/data/raw/mendeley/Leaf Rot/LeafRot502.jpg,Leaf Rot
/home/sivabharathi/Documents/FinalYearProject/CocoCare/ml/data/raw/mendeley/Gray Leaf Spot/GrayLeafSpot278.jpg,Gray Leaf Spot
/home/sivabharathi/Documents/FinalYearProject/CocoCare/ml/data/raw/mendeley/Leaf Rot/LeafRot1651.jpg,Leaf Rot
/home/sivabharathi/Documents/FinalYearProject/CocoCare/ml/data/raw/mendeley/Bud Root Dropping/BudRootDropping409.jpg,Bud Root Dropping
/home/sivabharathi/Documents/FinalYearProject/CocoCare/ml/data/raw/mendeley/Stem Bleeding/StemBleeding607.jpg,Stem Bleeding
/home/sivabharathi/Documents/FinalYearProject/CocoCare/ml/data/raw/mendeley/Leaf Rot/LeafRot1112.jpg,Leaf Rot
/home/sivabharathi/Documents/FinalYearProject/CocoCare/ml/data/raw/mendeley/Gray Leaf Spot/GrayLeafSpot980.jpg,Gray Leaf Spot
/home/sivabharathi/Documents/FinalYearProject/CocoCare/ml/data/raw/mendeley/Gray Leaf Spot/GrayLeafSpot1727.jpg,Gray Leaf Spot
/home/sivabharathi/Documents/FinalYearProject/CocoCare/ml/data/raw/mendeley/Gray Leaf Spot/GrayLeafSpot1251.jpg,Gray Leaf Spot
/home/sivabharathi/Documents/FinalYearProject/CocoCare/ml/data/raw/mendeley/Gray Leaf Spot/GrayLeafSpot1275.jpg,Gray Leaf Spot
/home/sivabharathi/Documents/FinalYearProject/CocoCare/ml/data/raw/mendeley/Gray Leaf Spot/GrayLeafSpot1265.jpg,Gray Leaf Spot
/home/sivabharathi/Documents/FinalYearProject/CocoCare/ml/data/raw/mendeley/Leaf Rot/LeafRot1647.jpg,Leaf Rot
/home/sivabharathi/Documents/FinalYearProject/CocoCare/ml/data/raw/mendeley/Stem Bleeding/StemBleeding390.jpg,Stem Bleeding
/home/sivabharathi/Documents/FinalYearProject/CocoCare/ml/data/raw/mendeley/Gray Leaf Spot/GrayLeafSpot1599.jpg,Gray Leaf Spot
/home/sivabharathi/Documents/FinalYearProject/CocoCare/ml/data/raw/mendeley/Stem Bleeding/StemBleeding526.jpg,Stem Bleeding
/home/sivabharathi/Documents/FinalYearProject/CocoCare/ml/data/raw/mendeley/Leaf Rot/LeafRot140.jpg,Leaf Rot
/home/sivabharathi/Documents/FinalYearProject/CocoCare/ml/data/raw/mendeley/Leaf Rot/LeafRot424.jpg,Leaf Rot
/home/sivabharathi/Documents/FinalYearProject/CocoCare/ml/data/raw/mendeley/Bud Rot/BudRot303.jpg,Bud Rot
/home/sivabharathi/Documents/FinalYearProject/CocoCare/ml/data/raw/mendeley/Bud Root Dropping/BudRootDropping205.jpg,Bud Root Dropping
/home/sivabharathi/Documents/FinalYearProject/CocoCare/ml/data/raw/mendeley/Bud Rot/BudRot024.jpg,Bud Rot
/home/sivabharathi/Documents/FinalYearProject/CocoCare/ml/data/raw/mendeley/Leaf Rot/LeafRot1597.jpg,Leaf Rot
/home/sivabharathi/Documents/FinalYearProject/CocoCare/ml/data/raw/mendeley/Gray Leaf Spot/GrayLeafSpot2036.jpg,Gray Leaf Spot
/home/sivabharathi/Documents/FinalYearProject/CocoCare/ml/data/raw/mendeley/Gray Leaf Spot/GrayLeafSpot1286.jpg,Gray Leaf Spot
/home/sivabharathi/Documents/FinalYearProject/CocoCare/ml/data/raw/mendeley/Leaf Rot/LeafRot1630.jpg,Leaf Rot
/home/sivabharathi/Documents/FinalYearProject/CocoCare/ml/data/raw/mendeley/Gray Leaf Spot/GrayLeafSpot1987.jpg,Gray Leaf Spot
/home/sivabharathi/Documents/FinalYearProject/CocoCare/ml/data/raw/mendeley/Leaf Rot/LeafRot1201.jpg,Leaf Rot
/home/sivabharathi/Documents/FinalYearProject/CocoCare/ml/data/raw/mendeley/Stem Bleeding/StemBleeding062.jpg,Stem Bleeding
/home/sivabharathi/Documents/FinalYearProject/CocoCare/ml/data/raw/mendeley/Bud Rot/BudRot298.jpg,Bud Rot
/home/sivabharathi/Documents/FinalYearProject/CocoCare/ml/data/raw/mendeley/Leaf Rot/LeafRot1082.jpg,Leaf Rot
/home/sivabharathi/Documents/FinalYearProject/CocoCare/ml/data/raw/mendeley/Gray Leaf Spot/GrayLeafSpot712.jpg,Gray Leaf Spot
/home/sivabharathi/Documents/FinalYearProject/CocoCare/ml/data/raw/mendeley/Gray Leaf Spot/GrayLeafSpot1611.jpg,Gray Leaf Spot
/home/sivabharathi/Documents/FinalYearProject/CocoCare/ml/data/raw/mendeley/Gray Leaf Spot/GrayLeafSpot1236.jpg,Gray Leaf Spot
/home/sivabharathi/Documents/FinalYearProject/CocoCare/ml/data/raw/mendeley/Gray Leaf Spot/GrayLeafSpot1508.jpg,Gray Leaf Spot
/home/sivabharathi/Documents/FinalYearProject/CocoCare/ml/data/raw/mendeley/Bud Root Dropping/BudRootDropping279.jpg,Bud Root Dropping
/home/sivabharathi/Documents/FinalYearProject/CocoCare/ml/data/raw/mendeley/Stem Bleeding/StemBleeding637.jpg,Stem Bleeding
/home/sivabharathi/Documents/FinalYearProject/CocoCare/ml/data/raw/mendeley/Gray Leaf Spot/GrayLeafSpot746.jpg,Gray Leaf Spot
/home/sivabharathi/Documents/FinalYearProject/CocoCare/ml/data/raw/mendeley/Gray Leaf Spot/GrayLeafSpot644.jpg,Gray Leaf Spot
/home/sivabharathi/Documents/FinalYearProject/CocoCare/ml/data/raw/mendeley/Gray Leaf Spot/GrayLeafSpot1553.jpg,Gray Leaf Spot
/home/sivabharathi/Documents/FinalYearProject/CocoCare/ml/data/raw/mendeley/Gray Leaf Spot/GrayLeafSpot1490.jpg,Gray Leaf Spot
/home/sivabharathi/Documents/FinalYearProject/CocoCare/ml/data/raw/mendeley/Leaf Rot/LeafRot349.jpg,Leaf Rot
/home/sivabharathi/Documents/FinalYearProject/CocoCare/ml/data/raw/mendeley/Gray Leaf Spot/GrayLeafSpot984.jpg,Gray Leaf Spot
/home/sivabharathi/Documents/FinalYearProject/CocoCare/ml/data/raw/mendeley/Stem Bleeding/StemBleeding325.jpg,Stem Bleeding
/home/sivabharathi/Documents/FinalYearProject/CocoCare/ml/data/raw/mendeley/Leaf Rot/LeafRot282.jpg,Leaf Rot
/home/sivabharathi/Documents/FinalYearProject/CocoCare/ml/data/raw/mendeley/Leaf Rot/LeafRot401.jpg,Leaf Rot
/home/sivabharathi/Documents/FinalYearProject/CocoCare/ml/data/raw/mendeley/Leaf Rot/LeafRot1164.jpg,Leaf Rot
/home/sivabharathi/Documents/FinalYearProject/CocoCare/ml/data/raw/mendeley/Leaf Rot/LeafRot580.jpg,Leaf Rot
/home/sivabharathi/Documents/FinalYearProject/CocoCare/ml/data/raw/mendeley/Leaf Rot/LeafRot221.jpg,Leaf Rot
/home/sivabharathi/Documents/FinalYearProject/CocoCare/ml/data/raw/mendeley/Bud Root Dropping/BudRootDropping161.jpg,Bud Root Dropping
/home/sivabharathi/Documents/FinalYearProject/CocoCare/ml/data/raw/mendeley/Gray Leaf Spot/GrayLeafSpot484.jpg,Gray Leaf Spot
/home/sivabharathi/Documents/FinalYearProject/CocoCare/ml/data/raw/mendeley/Stem Bleeding/StemBleeding965.jpg,Stem Bleeding
/home/sivabharathi/Documents/FinalYearProject/CocoCare/ml/data/raw/mendeley/Stem Bleeding/StemBleeding492.jpg,Stem Bleeding
/home/sivabharathi/Documents/FinalYearProject/CocoCare/ml/data/raw/mendeley/Gray Leaf Spot/GrayLeafSpot1921.jpg,Gray Leaf Spot
/home/sivabharathi/Documents/FinalYearProject/CocoCare/ml/data/raw/mendeley/Gray Leaf Spot/GrayLeafSpot914.jpg,Gray Leaf Spot
/home/sivabharathi/Documents/FinalYearProject/CocoCare/ml/data/raw/mendeley/Gray Leaf Spot/GrayLeafSpot1088.jpg,Gray Leaf Spot
/home/sivabharathi/Documents/FinalYearProject/CocoCare/ml/data/raw/mendeley/Gray Leaf Spot/GrayLeafSpot607.jpg,Gray Leaf Spot
/home/sivabharathi/Documents/FinalYearProject/CocoCare/ml/data/raw/mendeley/Leaf Rot/LeafRot1534.jpg,Leaf Rot
/home/sivabharathi/Documents/FinalYearProject/CocoCare/ml/data/raw/mendeley/Leaf Rot/LeafRot119.jpg,Leaf Rot
/home/sivabharathi/Documents/FinalYearProject/CocoCare/ml/data/raw/mendeley/Stem Bleeding/StemBleeding276.jpg,Stem Bleeding
/home/sivabharathi/Documents/FinalYearProject/CocoCare/ml/data/raw/mendeley/Leaf Rot/LeafRot1289.jpg,Leaf Rot
/home/sivabharathi/Documents/FinalYearProject/CocoCare/ml/data/raw/mendeley/Bud Root Dropping/BudRootDropping317.jpg,Bud Root Dropping
/home/sivabharathi/Documents/FinalYearProject/CocoCare/ml/data/raw/mendeley/Leaf Rot/LeafRot1455.jpg,Leaf Rot
/home/sivabharathi/Documents/FinalYearProject/CocoCare/ml/data/raw/mendeley/Stem Bleeding/StemBleeding099.jpg,Stem Bleeding
/home/sivabharathi/Documents/FinalYearProject/CocoCare/ml/data/raw/mendeley/Leaf Rot/LeafRot299.jpg,Leaf Rot
/home/sivabharathi/Documents/FinalYearProject/CocoCare/ml/data/raw/mendeley/Leaf Rot/LeafRot1168.jpg,Leaf Rot
/home/sivabharathi/Documents/FinalYearProject/CocoCare/ml/data/raw/mendeley/Stem Bleeding/StemBleeding330.jpg,Stem Bleeding
/home/sivabharathi/Documents/FinalYearProject/CocoCare/ml/data/raw/mendeley/Gray Leaf Spot/GrayLeafSpot1929.jpg,Gray Leaf Spot
/home/sivabharathi/Documents/FinalYearProject/CocoCare/ml/data/raw/mendeley/Gray Leaf Spot/GrayLeafSpot1414.jpg,Gray Leaf Spot
/home/sivabharathi/Documents/FinalYearProject/CocoCare/ml/data/raw/mendeley/Leaf Rot/LeafRot218.jpg,Leaf Rot
/home/sivabharathi/Documents/FinalYearProject/CocoCare/ml/data/raw/mendeley/Stem Bleeding/StemBleeding741.jpg,Stem Bleeding
/home/sivabharathi/Documents/FinalYearProject/CocoCare/ml/data/raw/mendeley/Leaf Rot/LeafRot1093.jpg,Leaf Rot
/home/sivabharathi/Documents/FinalYearProject/CocoCare/ml/data/raw/mendeley/Leaf Rot/LeafRot1242.jpg,Leaf Rot
/home/sivabharathi/Documents/FinalYearProject/CocoCare/ml/data/raw/mendeley/Bud Root Dropping/BudRootDropping464.jpg,Bud Root Dropping
/home/sivabharathi/Documents/FinalYearProject/CocoCare/ml/data/raw/mendeley/Bud Rot/BudRot309.jpg,Bud Rot
/home/sivabharathi/Documents/FinalYearProject/CocoCare/ml/data/raw/mendeley/Bud Rot/BudRot183.jpg,Bud Rot
/home/sivabharathi/Documents/FinalYearProject/CocoCare/ml/data/raw/mendeley/Stem Bleeding/StemBleeding312.jpg,Stem Bleeding
/home/sivabharathi/Documents/FinalYearProject/CocoCare/ml/data/raw/mendeley/Stem Bleeding/StemBleeding346.jpg,Stem Bleeding
/home/sivabharathi/Documents/FinalYearProject/CocoCare/ml/data/raw/mendeley/Leaf Rot/LeafRot813.jpg,Leaf Rot
/home/sivabharathi/Documents/FinalYearProject/CocoCare/ml/data/raw/mendeley/Gray Leaf Spot/GrayLeafSpot586.jpg,Gray Leaf Spot
/home/sivabharathi/Documents/FinalYearProject/CocoCare/ml/data/raw/mendeley/Bud Rot/BudRot240.jpg,Bud Rot
/home/sivabharathi/Documents/FinalYearProject/CocoCare/ml/data/raw/mendeley/Leaf Rot/LeafRot995.jpg,Leaf Rot
/home/sivabharathi/Documents/FinalYearProject/CocoCare/ml/data/raw/mendeley/Leaf Rot/LeafRot023.jpg,Leaf Rot
/home/sivabharathi/Documents/FinalYearProject/CocoCare/ml/data/raw/mendeley/Gray Leaf Spot/GrayLeafSpot1796.jpg,Gray Leaf Spot
/home/sivabharathi/Documents/FinalYearProject/CocoCare/ml/data/raw/mendeley/Bud Root Dropping/BudRootDropping274.jpg,Bud Root Dropping
/home/sivabharathi/Documents/FinalYearProject/CocoCare/ml/data/raw/mendeley/Gray Leaf Spot/GrayLeafSpot457.jpg,Gray Leaf Spot
/home/sivabharathi/Documents/FinalYearProject/CocoCare/ml/data/raw/mendeley/Stem Bleeding/StemBleeding994.jpg,Stem Bleeding
/home/sivabharathi/Documents/FinalYearProject/CocoCare/ml/data/raw/mendeley/Leaf Rot/LeafRot442.jpg,Leaf Rot
/home/sivabharathi/Documents/FinalYearProject/CocoCare/ml/data/raw/mendeley/Bud Root Dropping/BudRootDropping382.jpg,Bud Root Dropping
/home/sivabharathi/Documents/FinalYearProject/CocoCare/ml/data/raw/mendeley/Gray Leaf Spot/GrayLeafSpot2067.jpg,Gray Leaf Spot
/home/sivabharathi/Documents/FinalYearProject/CocoCare/ml/data/raw/mendeley/Bud Rot/BudRot282.jpg,Bud Rot
/home/sivabharathi/Documents/FinalYearProject/CocoCare/ml/data/raw/mendeley/Bud Root Dropping/BudRootDropping089.jpg,Bud Root Dropping
/home/sivabharathi/Documents/FinalYearProject/CocoCare/ml/data/raw/mendeley/Gray Leaf Spot/GrayLeafSpot1221.jpg,Gray Leaf Spot
/home/sivabharathi/Documents/FinalYearProject/CocoCare/ml/data/raw/mendeley/Stem Bleeding/StemBleeding898.jpg,Stem Bleeding
/home/sivabharathi/Documents/FinalYearProject/CocoCare/ml/data/raw/mendeley/Leaf Rot/LeafRot629.jpg,Leaf Rot
/home/sivabharathi/Documents/FinalYearProject/CocoCare/ml/data/raw/mendeley/Bud Root Dropping/BudRootDropping192.jpg,Bud Root Dropping
/home/sivabharathi/Documents/FinalYearProject/CocoCare/ml/data/raw/mendeley/Gray Leaf Spot/GrayLeafSpot431.jpg,Gray Leaf Spot
/home/sivabharathi/Documents/FinalYearProject/CocoCare/ml/data/raw/mendeley/Leaf Rot/LeafRot186.jpg,Leaf Rot
/home/sivabharathi/Documents/FinalYearProject/CocoCare/ml/data/raw/mendeley/Leaf Rot/LeafRot470.jpg,Leaf Rot
/home/sivabharathi/Documents/FinalYearProject/CocoCare/ml/data/raw/mendeley/Leaf Rot/LeafRot1338.jpg,Leaf Rot
/home/sivabharathi/Documents/FinalYearProject/CocoCare/ml/data/raw/mendeley/Stem Bleeding/StemBleeding537.jpg,Stem Bleeding
/home/sivabharathi/Documents/FinalYearProject/CocoCare/ml/data/raw/mendeley/Stem Bleeding/StemBleeding839.jpg,Stem Bleeding
/home/sivabharathi/Documents/FinalYearProject/CocoCare/ml/data/raw/mendeley/Bud Root Dropping/BudRootDropping385.jpg,Bud Root Dropping
/home/sivabharathi/Documents/FinalYearProject/CocoCare/ml/data/raw/mendeley/Bud Root Dropping/BudRootDropping281.jpg,Bud Root Dropping
/home/sivabharathi/Documents/FinalYearProject/CocoCare/ml/data/raw/mendeley/Bud Rot/BudRot419.jpg,Bud Rot
/home/sivabharathi/Documents/FinalYearProject/CocoCare/ml/data/raw/mendeley/Leaf Rot/LeafRot731.jpg,Leaf Rot
/home/sivabharathi/Documents/FinalYearProject/CocoCare/ml/data/raw/mendeley/Gray Leaf Spot/GrayLeafSpot512.jpg,Gray Leaf Spot
/home/sivabharathi/Documents/FinalYearProject/CocoCare/ml/data/raw/mendeley/Leaf Rot/LeafRot1612.jpg,Leaf Rot
/home/sivabharathi/Documents/FinalYearProject/CocoCare/ml/data/raw/mendeley/Stem Bleeding/StemBleeding349.jpg,Stem Bleeding
/home/sivabharathi/Documents/FinalYearProject/CocoCare/ml/data/raw/mendeley/Gray Leaf Spot/GrayLeafSpot146.jpg,Gray Leaf Spot
/home/sivabharathi/Documents/FinalYearProject/CocoCare/ml/data/raw/mendeley/Leaf Rot/LeafRot1330.jpg,Leaf Rot
/home/sivabharathi/Documents/FinalYearProject/CocoCare/ml/data/raw/mendeley/Gray Leaf Spot/GrayLeafSpot197.jpg,Gray Leaf Spot
/home/sivabharathi/Documents/FinalYearProject/CocoCare/ml/data/raw/mendeley/Gray Leaf Spot/GrayLeafSpot492.jpg,Gray Leaf Spot
/home/sivabharathi/Documents/FinalYearProject/CocoCare/ml/data/raw/mendeley/Leaf Rot/LeafRot1000.jpg,Leaf Rot
/home/sivabharathi/Documents/FinalYearProject/CocoCare/ml/data/raw/mendeley/Stem Bleeding/StemBleeding416.jpg,Stem Bleeding
/home/sivabharathi/Documents/FinalYearProject/CocoCare/ml/data/raw/mendeley/Gray Leaf Spot/GrayLeafSpot565.jpg,Gray Leaf Spot
/home/sivabharathi/Documents/FinalYearProject/CocoCare/ml/data/raw/mendeley/Leaf Rot/LeafRot535.jpg,Leaf Rot
/home/sivabharathi/Documents/FinalYearProject/CocoCare/ml/data/raw/mendeley/Gray Leaf Spot/GrayLeafSpot1291.jpg,Gray Leaf Spot
/home/sivabharathi/Documents/FinalYearProject/CocoCare/ml/data/raw/mendeley/Gray Leaf Spot/GrayLeafSpot1724.jpg,Gray Leaf Spot
/home/sivabharathi/Documents/FinalYearProject/CocoCare/ml/data/raw/mendeley/Leaf Rot/LeafRot058.jpg,Leaf Rot
/home/sivabharathi/Documents/FinalYearProject/CocoCare/ml/data/raw/mendeley/Leaf Rot/LeafRot922.jpg,Leaf Rot
/home/sivabharathi/Documents/FinalYearProject/CocoCare/ml/data/raw/mendeley/Stem Bleeding/StemBleeding680.jpg,Stem Bleeding
/home/sivabharathi/Documents/FinalYearProject/CocoCare/ml/data/raw/mendeley/Gray Leaf Spot/GrayLeafSpot959.jpg,Gray Leaf Spot
/home/sivabharathi/Documents/FinalYearProject/CocoCare/ml/data/raw/mendeley/Leaf Rot/LeafRot783.jpg,Leaf Rot
/home/sivabharathi/Documents/FinalYearProject/CocoCare/ml/data/raw/mendeley/Gray Leaf Spot/GrayLeafSpot917.jpg,Gray Leaf Spot
/home/sivabharathi/Documents/FinalYearProject/CocoCare/ml/data/raw/mendeley/Leaf Rot/LeafRot794.jpg,Leaf Rot
/home/sivabharathi/Documents/FinalYearProject/CocoCare/ml/data/raw/mendeley/Gray Leaf Spot/GrayLeafSpot2019.jpg,Gray Leaf Spot
/home/sivabharathi/Documents/FinalYearProject/CocoCare/ml/data/raw/mendeley/Gray Leaf Spot/GrayLeafSpot1145.jpg,Gray Leaf Spot
/home/sivabharathi/Documents/FinalYearProject/CocoCare/ml/data/raw/mendeley/Gray Leaf Spot/GrayLeafSpot972.jpg,Gray Leaf Spot
/home/sivabharathi/Documents/FinalYearProject/CocoCare/ml/data/raw/mendeley/Stem Bleeding/StemBleeding613.jpg,Stem Bleeding
/home/sivabharathi/Documents/FinalYearProject/CocoCare/ml/data/raw/mendeley/Gray Leaf Spot/GrayLeafSpot1597.jpg,Gray Leaf Spot
/home/sivabharathi/Documents/FinalYearProject/CocoCare/ml/data/raw/mendeley/Leaf Rot/LeafRot357.jpg,Leaf Rot
/home/sivabharathi/Documents/FinalYearProject/CocoCare/ml/data/raw/mendeley/Leaf Rot/LeafRot691.jpg,Leaf Rot
/home/sivabharathi/Documents/FinalYearProject/CocoCare/ml/data/raw/mendeley/Leaf Rot/LeafRot697.jpg,Leaf Rot
/home/sivabharathi/Documents/FinalYearProject/CocoCare/ml/data/raw/mendeley/Gray Leaf Spot/GrayLeafSpot608.jpg,Gray Leaf Spot
/home/sivabharathi/Documents/FinalYearProject/CocoCare/ml/data/raw/mendeley/Leaf Rot/LeafRot827.jpg,Leaf Rot
/home/sivabharathi/Documents/FinalYearProject/CocoCare/ml/data/raw/mendeley/Gray Leaf Spot/GrayLeafSpot1551.jpg,Gray Leaf Spot
/home/sivabharathi/Documents/FinalYearProject/CocoCare/ml/data/raw/mendeley/Stem Bleeding/StemBleeding951.jpg,Stem Bleeding
/home/sivabharathi/Documents/FinalYearProject/CocoCare/ml/data/raw/mendeley/Leaf Rot/LeafRot1295.jpg,Leaf Rot
/home/sivabharathi/Documents/FinalYearProject/CocoCare/ml/data/raw/mendeley/Leaf Rot/LeafRot825.jpg,Leaf Rot
/home/sivabharathi/Documents/FinalYearProject/CocoCare/ml/data/raw/mendeley/Gray Leaf Spot/GrayLeafSpot1511.jpg,Gray Leaf Spot
/home/sivabharathi/Documents/FinalYearProject/CocoCare/ml/data/raw/mendeley/Leaf Rot/LeafRot667.jpg,Leaf Rot
/home/sivabharathi/Documents/FinalYearProject/CocoCare/ml/data/raw/mendeley/Bud Rot/BudRot376.jpg,Bud Rot
/home/sivabharathi/Documents/FinalYearProject/CocoCare/ml/data/raw/mendeley/Gray Leaf Spot/GrayLeafSpot666.jpg,Gray Leaf Spot
/home/sivabharathi/Documents/FinalYearProject/CocoCare/ml/data/raw/mendeley/Gray Leaf Spot/GrayLeafSpot177.jpg,Gray Leaf Spot
/home/sivabharathi/Documents/FinalYearProject/CocoCare/ml/data/raw/mendeley/Gray Leaf Spot/GrayLeafSpot1229.jpg,Gray Leaf Spot
/home/sivabharathi/Documents/FinalYearProject/CocoCare/ml/data/raw/mendeley/Gray Leaf Spot/GrayLeafSpot1988.jpg,Gray Leaf Spot
/home/sivabharathi/Documents/FinalYearProject/CocoCare/ml/data/raw/mendeley/Bud Root Dropping/BudRootDropping028.jpg,Bud Root Dropping
/home/sivabharathi/Documents/FinalYearProject/CocoCare/ml/data/raw/mendeley/Gray Leaf Spot/GrayLeafSpot624.jpg,Gray Leaf Spot
/home/sivabharathi/Documents/FinalYearProject/CocoCare/ml/data/raw/mendeley/Leaf Rot/LeafRot958.jpg,Leaf Rot
/home/sivabharathi/Documents/FinalYearProject/CocoCare/ml/data/raw/mendeley/Gray Leaf Spot/GrayLeafSpot1905.jpg,Gray Leaf Spot
/home/sivabharathi/Documents/FinalYearProject/CocoCare/ml/data/raw/mendeley/Leaf Rot/LeafRot1296.jpg,Leaf Rot
/home/sivabharathi/Documents/FinalYearProject/CocoCare/ml/data/raw/mendeley/Stem Bleeding/StemBleeding273.jpg,Stem Bleeding
/home/sivabharathi/Documents/FinalYearProject/CocoCare/ml/data/raw/mendeley/Leaf Rot/LeafRot751.jpg,Leaf Rot
/home/sivabharathi/Documents/FinalYearProject/CocoCare/ml/data/raw/mendeley/Gray Leaf Spot/GrayLeafSpot718.jpg,Gray Leaf Spot
/home/sivabharathi/Documents/FinalYearProject/CocoCare/ml/data/raw/mendeley/Leaf Rot/LeafRot504.jpg,Leaf Rot
/home/sivabharathi/Documents/FinalYearProject/CocoCare/ml/data/raw/mendeley/Gray Leaf Spot/GrayLeafSpot306.jpg,Gray Leaf Spot
/home/sivabharathi/Documents/FinalYearProject/CocoCare/ml/data/raw/mendeley/Stem Bleeding/StemBleeding705.jpg,Stem Bleeding
/home/sivabharathi/Documents/FinalYearProject/CocoCare/ml/data/raw/mendeley/Leaf Rot/LeafRot101.jpg,Leaf Rot
/home/sivabharathi/Documents/FinalYearProject/CocoCare/ml/data/raw/mendeley/Bud Root Dropping/BudRootDropping357.jpg,Bud Root Dropping
/home/sivabharathi/Documents/FinalYearProject/CocoCare/ml/data/raw/mendeley/Leaf Rot/LeafRot408.jpg,Leaf Rot
/home/sivabharathi/Documents/FinalYearProject/CocoCare/ml/data/raw/mendeley/Leaf Rot/LeafRot1004.jpg,Leaf Rot
/home/sivabharathi/Documents/FinalYearProject/CocoCare/ml/data/raw/mendeley/Gray Leaf Spot/GrayLeafSpot1649.jpg,Gray Leaf Spot
/home/sivabharathi/Documents/FinalYearProject/CocoCare/ml/data/raw/mendeley/Bud Rot/BudRot056.jpg,Bud Rot
/home/sivabharathi/Documents/FinalYearProject/CocoCare/ml/data/raw/mendeley/Leaf Rot/LeafRot1135.jpg,Leaf Rot
/home/sivabharathi/Documents/FinalYearProject/CocoCare/ml/data/raw/mendeley/Stem Bleeding/StemBleeding857.jpg,Stem Bleeding
/home/sivabharathi/Documents/FinalYearProject/CocoCare/ml/data/raw/mendeley/Leaf Rot/LeafRot361.jpg,Leaf Rot
/home/sivabharathi/Documents/FinalYearProject/CocoCare/ml/data/raw/mendeley/Gray Leaf Spot/GrayLeafSpot1810.jpg,Gray Leaf Spot
/home/sivabharathi/Documents/FinalYearProject/CocoCare/ml/data/raw/mendeley/Stem Bleeding/StemBleeding318.jpg,Stem Bleeding
/home/sivabharathi/Documents/FinalYearProject/CocoCare/ml/data/raw/mendeley/Gray Leaf Spot/GrayLeafSpot1684.jpg,Gray Leaf Spot
/home/sivabharathi/Documents/FinalYearProject/CocoCare/ml/data/raw/mendeley/Leaf Rot/LeafRot1327.jpg,Leaf Rot
/home/sivabharathi/Documents/FinalYearProject/CocoCare/ml/data/raw/mendeley/Leaf Rot/LeafRot475.jpg,Leaf Rot
/home/sivabharathi/Documents/FinalYearProject/CocoCare/ml/data/raw/mendeley/Gray Leaf Spot/GrayLeafSpot1252.jpg,Gray Leaf Spot
/home/sivabharathi/Documents/FinalYearProject/CocoCare/ml/data/raw/mendeley/Gray Leaf Spot/GrayLeafSpot1887.jpg,Gray Leaf Spot
/home/sivabharathi/Documents/FinalYearProject/CocoCare/ml/data/raw/mendeley/Bud Rot/BudRot143.jpg,Bud Rot
/home/sivabharathi/Documents/FinalYearProject/CocoCare/ml/data/raw/mendeley/Leaf Rot/LeafRot912.jpg,Leaf Rot
/home/sivabharathi/Documents/FinalYearProject/CocoCare/ml/data/raw/mendeley/Gray Leaf Spot/GrayLeafSpot625.jpg,Gray Leaf Spot
/home/sivabharathi/Documents/FinalYearProject/CocoCare/ml/data/raw/mendeley/Gray Leaf Spot/GrayLeafSpot733.jpg,Gray Leaf Spot
/home/sivabharathi/Documents/FinalYearProject/CocoCare/ml/data/raw/mendeley/Gray Leaf Spot/GrayLeafSpot1178.jpg,Gray Leaf Spot
/home/sivabharathi/Documents/FinalYearProject/CocoCare/ml/data/raw/mendeley/Stem Bleeding/StemBleeding128.jpg,Stem Bleeding
/home/sivabharathi/Documents/FinalYearProject/CocoCare/ml/data/raw/mendeley/Bud Root Dropping/BudRootDropping246.jpg,Bud Root Dropping
/home/sivabharathi/Documents/FinalYearProject/CocoCare/ml/data/raw/mendeley/Bud Rot/BudRot324.jpg,Bud Rot
/home/sivabharathi/Documents/FinalYearProject/CocoCare/ml/data/raw/mendeley/Leaf Rot/LeafRot1231.jpg,Leaf Rot
/home/sivabharathi/Documents/FinalYearProject/CocoCare/ml/data/raw/mendeley/Gray Leaf Spot/GrayLeafSpot1820.jpg,Gray Leaf Spot
/home/sivabharathi/Documents/FinalYearProject/CocoCare/ml/data/raw/mendeley/Leaf Rot/LeafRot1090.jpg,Leaf Rot
/home/sivabharathi/Documents/FinalYearProject/CocoCare/ml/data/raw/mendeley/Stem Bleeding/StemBleeding829.jpg,Stem Bleeding
/home/sivabharathi/Documents/FinalYearProject/CocoCare/ml/data/raw/mendeley/Leaf Rot/LeafRot1501.jpg,Leaf Rot
/home/sivabharathi/Documents/FinalYearProject/CocoCare/ml/data/raw/mendeley/Bud Rot/BudRot145.jpg,Bud Rot
/home/sivabharathi/Documents/FinalYearProject/CocoCare/ml/data/raw/mendeley/Bud Rot/BudRot055.jpg,Bud Rot
/home/sivabharathi/Documents/FinalYearProject/CocoCare/ml/data/raw/mendeley/Leaf Rot/LeafRot710.jpg,Leaf Rot
/home/sivabharathi/Documents/FinalYearProject/CocoCare/ml/data/raw/mendeley/Bud Rot/BudRot044.jpg,Bud Rot
/home/sivabharathi/Documents/FinalYearProject/CocoCare/ml/data/raw/mendeley/Stem Bleeding/StemBleeding120.jpg,Stem Bleeding
/home/sivabharathi/Documents/FinalYearProject/CocoCare/ml/data/raw/mendeley/Bud Root Dropping/BudRootDropping022.jpg,Bud Root Dropping
/home/sivabharathi/Documents/FinalYearProject/CocoCare/ml/data/raw/mendeley/Gray Leaf Spot/GrayLeafSpot1463.jpg,Gray Leaf Spot
/home/sivabharathi/Documents/FinalYearProject/CocoCare/ml/data/raw/mendeley/Bud Rot/BudRot429.jpg,Bud Rot
/home/sivabharathi/Documents/FinalYearProject/CocoCare/ml/data/raw/mendeley/Leaf Rot/LeafRot017.jpg,Leaf Rot
/home/sivabharathi/Documents/FinalYearProject/CocoCare/ml/data/raw/mendeley/Gray Leaf Spot/GrayLeafSpot1977.jpg,Gray Leaf Spot
/home/sivabharathi/Documents/FinalYearProject/CocoCare/ml/data/raw/mendeley/Gray Leaf Spot/GrayLeafSpot1716.jpg,Gray Leaf Spot
/home/sivabharathi/Documents/FinalYearProject/CocoCare/ml/data/raw/mendeley/Bud Root Dropping/BudRootDropping377.jpg,Bud Root Dropping
/home/sivabharathi/Documents/FinalYearProject/CocoCare/ml/data/raw/mendeley/Bud Rot/BudRot092.jpg,Bud Rot
/home/sivabharathi/Documents/FinalYearProject/CocoCare/ml/data/raw/mendeley/Bud Rot/BudRot236.jpg,Bud Rot
/home/sivabharathi/Documents/FinalYearProject/CocoCare/ml/data/raw/mendeley/Gray Leaf Spot/GrayLeafSpot128.jpg,Gray Leaf Spot
/home/sivabharathi/Documents/FinalYearProject/CocoCare/ml/data/raw/mendeley/Gray Leaf Spot/GrayLeafSpot981.jpg,Gray Leaf Spot
/home/sivabharathi/Documents/FinalYearProject/CocoCare/ml/data/raw/mendeley/Bud Root Dropping/BudRootDropping500.jpg,Bud Root Dropping
/home/sivabharathi/Documents/FinalYearProject/CocoCare/ml/data/raw/mendeley/Stem Bleeding/StemBleeding886.jpg,Stem Bleeding
/home/sivabharathi/Documents/FinalYearProject/CocoCare/ml/data/raw/mendeley/Leaf Rot/LeafRot875.jpg,Leaf Rot
/home/sivabharathi/Documents/FinalYearProject/CocoCare/ml/data/raw/mendeley/Leaf Rot/LeafRot892.jpg,Leaf Rot
/home/sivabharathi/Documents/FinalYearProject/CocoCare/ml/data/raw/mendeley/Gray Leaf Spot/GrayLeafSpot1091.jpg,Gray Leaf Spot
/home/sivabharathi/Documents/FinalYearProject/CocoCare/ml/data/raw/mendeley/Leaf Rot/LeafRot012.jpg,Leaf Rot
/home/sivabharathi/Documents/FinalYearProject/CocoCare/ml/data/raw/mendeley/Stem Bleeding/StemBleeding736.jpg,Stem Bleeding
/home/sivabharathi/Documents/FinalYearProject/CocoCare/ml/data/raw/mendeley/Gray Leaf Spot/GrayLeafSpot605.jpg,Gray Leaf Spot
/home/sivabharathi/Documents/FinalYearProject/CocoCare/ml/data/raw/mendeley/Bud Rot/BudRot192.jpg,Bud Rot
/home/sivabharathi/Documents/FinalYearProject/CocoCare/ml/data/raw/mendeley/Leaf Rot/LeafRot906.jpg,Leaf Rot
/home/sivabharathi/Documents/FinalYearProject/CocoCare/ml/data/raw/mendeley/Leaf Rot/LeafRot429.jpg,Leaf Rot
/home/sivabharathi/Documents/FinalYearProject/CocoCare/ml/data/raw/mendeley/Stem Bleeding/StemBleeding064.jpg,Stem Bleeding
/home/sivabharathi/Documents/FinalYearProject/CocoCare/ml/data/raw/mendeley/Gray Leaf Spot/GrayLeafSpot101.jpg,Gray Leaf Spot
/home/sivabharathi/Documents/FinalYearProject/CocoCare/ml/data/raw/mendeley/Leaf Rot/LeafRot681.jpg,Leaf Rot
/home/sivabharathi/Documents/FinalYearProject/CocoCare/ml/data/raw/mendeley/Bud Rot/BudRot120.jpg,Bud Rot
/home/sivabharathi/Documents/FinalYearProject/CocoCare/ml/data/raw/mendeley/Leaf Rot/LeafRot037.jpg,Leaf Rot
/home/sivabharathi/Documents/FinalYearProject/CocoCare/ml/data/raw/mendeley/Gray Leaf Spot/GrayLeafSpot1526.jpg,Gray Leaf Spot
/home/sivabharathi/Documents/FinalYearProject/CocoCare/ml/data/raw/mendeley/Leaf Rot/LeafRot1218.jpg,Leaf Rot
/home/sivabharathi/Documents/FinalYearProject/CocoCare/ml/data/raw/mendeley/Bud Root Dropping/BudRootDropping383.jpg,Bud Root Dropping
/home/sivabharathi/Documents/FinalYearProject/CocoCare/ml/data/raw/mendeley/Leaf Rot/LeafRot929.jpg,Leaf Rot
/home/sivabharathi/Documents/FinalYearProject/CocoCare/ml/data/raw/mendeley/Gray Leaf Spot/GrayLeafSpot630.jpg,Gray Leaf Spot
/home/sivabharathi/Documents/FinalYearProject/CocoCare/ml/data/raw/mendeley/Gray Leaf Spot/GrayLeafSpot252.jpg,Gray Leaf Spot
/home/sivabharathi/Documents/FinalYearProject/CocoCare/ml/data/raw/mendeley/Leaf Rot/LeafRot1466.jpg,Leaf Rot
/home/sivabharathi/Documents/FinalYearProject/CocoCare/ml/data/raw/mendeley/Stem Bleeding/StemBleeding486.jpg,Stem Bleeding
/home/sivabharathi/Documents/FinalYearProject/CocoCare/ml/data/raw/mendeley/Gray Leaf Spot/GrayLeafSpot635.jpg,Gray Leaf Spot
/home/sivabharathi/Documents/FinalYearProject/CocoCare/ml/data/raw/mendeley/Bud Root Dropping/BudRootDropping051.jpg,Bud Root Dropping
/home/sivabharathi/Documents/FinalYearProject/CocoCare/ml/data/raw/mendeley/Bud Root Dropping/BudRootDropping285.jpg,Bud Root Dropping
/home/sivabharathi/Documents/FinalYearProject/CocoCare/ml/data/raw/mendeley/Leaf Rot/LeafRot732.jpg,Leaf Rot
/home/sivabharathi/Documents/FinalYearProject/CocoCare/ml/data/raw/mendeley/Leaf Rot/LeafRot1652.jpg,Leaf Rot
/home/sivabharathi/Documents/FinalYearProject/CocoCare/ml/data/raw/mendeley/Bud Rot/BudRot277.jpg,Bud Rot
/home/sivabharathi/Documents/FinalYearProject/CocoCare/ml/data/raw/mendeley/Gray Leaf Spot/GrayLeafSpot1841.jpg,Gray Leaf Spot
/home/sivabharathi/Documents/FinalYearProject/CocoCare/ml/data/raw/mendeley/Bud Root Dropping/BudRootDropping419.jpg,Bud Root Dropping
/home/sivabharathi/Documents/FinalYearProject/CocoCare/ml/data/raw/mendeley/Leaf Rot/LeafRot1034.jpg,Leaf Rot
/home/sivabharathi/Documents/FinalYearProject/CocoCare/ml/data/raw/mendeley/Gray Leaf Spot/GrayLeafSpot1610.jpg,Gray Leaf Spot
/home/sivabharathi/Documents/FinalYearProject/CocoCare/ml/data/raw/mendeley/Gray Leaf Spot/GrayLeafSpot621.jpg,Gray Leaf Spot
/home/sivabharathi/Documents/FinalYearProject/CocoCare/ml/data/raw/mendeley/Stem Bleeding/StemBleeding196.jpg,Stem Bleeding
/home/sivabharathi/Documents/FinalYearProject/CocoCare/ml/data/raw/mendeley/Leaf Rot/LeafRot194.jpg,Leaf Rot
/home/sivabharathi/Documents/FinalYearProject/CocoCare/ml/data/raw/mendeley/Gray Leaf Spot/GrayLeafSpot378.jpg,Gray Leaf Spot
/home/sivabharathi/Documents/FinalYearProject/CocoCare/ml/data/raw/mendeley/Stem Bleeding/StemBleeding489.jpg,Stem Bleeding
/home/sivabharathi/Documents/FinalYearProject/CocoCare/ml/data/raw/mendeley/Bud Root Dropping/BudRootDropping126.jpg,Bud Root Dropping
/home/sivabharathi/Documents/FinalYearProject/CocoCare/ml/data/raw/mendeley/Leaf Rot/LeafRot564.jpg,Leaf Rot
/home/sivabharathi/Documents/FinalYearProject/CocoCare/ml/data/raw/mendeley/Stem Bleeding/StemBleeding442.jpg,Stem Bleeding
/home/sivabharathi/Documents/FinalYearProject/CocoCare/ml/data/raw/mendeley/Bud Rot/BudRot074.jpg,Bud Rot
/home/sivabharathi/Documents/FinalYearProject/CocoCare/ml/data/raw/mendeley/Bud Rot/BudRot118.jpg,Bud Rot
/home/sivabharathi/Documents/FinalYearProject/CocoCare/ml/data/raw/mendeley/Leaf Rot/LeafRot418.jpg,Leaf Rot
/home/sivabharathi/Documents/FinalYearProject/CocoCare/ml/data/raw/mendeley/Leaf Rot/LeafRot183.jpg,Leaf Rot
/home/sivabharathi/Documents/FinalYearProject/CocoCare/ml/data/raw/mendeley/Bud Rot/BudRot465.jpg,Bud Rot
/home/sivabharathi/Documents/FinalYearProject/CocoCare/ml/data/raw/mendeley/Leaf Rot/LeafRot798.jpg,Leaf Rot
/home/sivabharathi/Documents/FinalYearProject/CocoCare/ml/data/raw/mendeley/Gray Leaf Spot/GrayLeafSpot606.jpg,Gray Leaf Spot
/home/sivabharathi/Documents/FinalYearProject/CocoCare/ml/data/raw/mendeley/Gray Leaf Spot/GrayLeafSpot1219.jpg,Gray Leaf Spot
/home/sivabharathi/Documents/FinalYearProject/CocoCare/ml/data/raw/mendeley/Gray Leaf Spot/GrayLeafSpot919.jpg,Gray Leaf Spot
/home/sivabharathi/Documents/FinalYearProject/CocoCare/ml/data/raw/mendeley/Bud Root Dropping/BudRootDropping242.jpg,Bud Root Dropping
/home/sivabharathi/Documents/FinalYearProject/CocoCare/ml/data/raw/mendeley/Bud Root Dropping/BudRootDropping036.jpg,Bud Root Dropping
/home/sivabharathi/Documents/FinalYearProject/CocoCare/ml/data/raw/mendeley/Gray Leaf Spot/GrayLeafSpot664.jpg,Gray Leaf Spot
/home/sivabharathi/Documents/FinalYearProject/CocoCare/ml/data/raw/mendeley/Gray Leaf Spot/GrayLeafSpot297.jpg,Gray Leaf Spot
/home/sivabharathi/Documents/FinalYearProject/CocoCare/ml/data/raw/mendeley/Bud Rot/BudRot151.jpg,Bud Rot
/home/sivabharathi/Documents/FinalYearProject/CocoCare/ml/data/raw/mendeley/Stem Bleeding/StemBleeding224.jpg,Stem Bleeding
/home/sivabharathi/Documents/FinalYearProject/CocoCare/ml/data/raw/mendeley/Stem Bleeding/StemBleeding306.jpg,Stem Bleeding
/home/sivabharathi/Documents/FinalYearProject/CocoCare/ml/data/raw/mendeley/Gray Leaf Spot/GrayLeafSpot1872.jpg,Gray Leaf Spot
/home/sivabharathi/Documents/FinalYearProject/CocoCare/ml/data/raw/mendeley/Leaf Rot/LeafRot1194.jpg,Leaf Rot
/home/sivabharathi/Documents/FinalYearProject/CocoCare/ml/data/raw/mendeley/Bud Root Dropping/BudRootDropping253.jpg,Bud Root Dropping
/home/sivabharathi/Documents/FinalYearProject/CocoCare/ml/data/raw/mendeley/Stem Bleeding/StemBleeding976.jpg,Stem Bleeding
/home/sivabharathi/Documents/FinalYearProject/CocoCare/ml/data/raw/mendeley/Stem Bleeding/StemBleeding834.jpg,Stem Bleeding
/home/sivabharathi/Documents/FinalYearProject/CocoCare/ml/data/raw/mendeley/Stem Bleeding/StemBleeding536.jpg,Stem Bleeding
/home/sivabharathi/Documents/FinalYearProject/CocoCare/ml/data/raw/mendeley/Gray Leaf Spot/GrayLeafSpot1863.jpg,Gray Leaf Spot
/home/sivabharathi/Documents/FinalYearProject/CocoCare/ml/data/raw/mendeley/Gray Leaf Spot/GrayLeafSpot1098.jpg,Gray Leaf Spot
/home/sivabharathi/Documents/FinalYearProject/CocoCare/ml/data/raw/mendeley/Bud Root Dropping/BudRootDropping074.jpg,Bud Root Dropping
/home/sivabharathi/Documents/FinalYearProject/CocoCare/ml/data/raw/mendeley/Gray Leaf Spot/GrayLeafSpot1917.jpg,Gray Leaf Spot
/home/sivabharathi/Documents/FinalYearProject/CocoCare/ml/data/raw/mendeley/Bud Rot/BudRot341.jpg,Bud Rot
/home/sivabharathi/Documents/FinalYearProject/CocoCare/ml/data/raw/mendeley/Bud Root Dropping/BudRootDropping110.jpg,Bud Root Dropping
/home/sivabharathi/Documents/FinalYearProject/CocoCare/ml/data/raw/mendeley/Leaf Rot/LeafRot110.jpg,Leaf Rot
/home/sivabharathi/Documents/FinalYearProject/CocoCare/ml/data/raw/mendeley/Gray Leaf Spot/GrayLeafSpot652.jpg,Gray Leaf Spot
/home/sivabharathi/Documents/FinalYearProject/CocoCare/ml/data/raw/mendeley/Gray Leaf Spot/GrayLeafSpot1564.jpg,Gray Leaf Spot
/home/sivabharathi/Documents/FinalYearProject/CocoCare/ml/data/raw/mendeley/Stem Bleeding/StemBleeding338.jpg,Stem Bleeding
/home/sivabharathi/Documents/FinalYearProject/CocoCare/ml/data/raw/mendeley/Stem Bleeding/StemBleeding483.jpg,Stem Bleeding
/home/sivabharathi/Documents/FinalYearProject/CocoCare/ml/data/raw/mendeley/Leaf Rot/LeafRot1374.jpg,Leaf Rot
/home/sivabharathi/Documents/FinalYearProject/CocoCare/ml/data/raw/mendeley/Gray Leaf Spot/GrayLeafSpot033.jpg,Gray Leaf Spot
/home/sivabharathi/Documents/FinalYearProject/CocoCare/ml/data/raw/mendeley/Leaf Rot/LeafRot1252.jpg,Leaf Rot
/home/sivabharathi/Documents/FinalYearProject/CocoCare/ml/data/raw/mendeley/Stem Bleeding/StemBleeding567.jpg,Stem Bleeding
/home/sivabharathi/Documents/FinalYearProject/CocoCare/ml/data/raw/mendeley/Gray Leaf Spot/GrayLeafSpot047.jpg,Gray Leaf Spot
/home/sivabharathi/Documents/FinalYearProject/CocoCare/ml/data/raw/mendeley/Leaf Rot/LeafRot1234.jpg,Leaf Rot
/home/sivabharathi/Documents/FinalYearProject/CocoCare/ml/data/raw/mendeley/Gray Leaf Spot/GrayLeafSpot677.jpg,Gray Leaf Spot
/home/sivabharathi/Documents/FinalYearProject/CocoCare/ml/data/raw/mendeley/Leaf Rot/LeafRot1483.jpg,Leaf Rot
/home/sivabharathi/Documents/FinalYearProject/CocoCare/ml/data/raw/mendeley/Gray Leaf Spot/GrayLeafSpot2099.jpg,Gray Leaf Spot
/home/sivabharathi/Documents/FinalYearProject/CocoCare/ml/data/raw/mendeley/Leaf Rot/LeafRot053.jpg,Leaf Rot
/home/sivabharathi/Documents/FinalYearProject/CocoCare/ml/data/raw/mendeley/Gray Leaf Spot/GrayLeafSpot1389.jpg,Gray Leaf Spot
/home/sivabharathi/Documents/FinalYearProject/CocoCare/ml/data/raw/mendeley/Bud Rot/BudRot270.jpg,Bud Rot
/home/sivabharathi/Documents/FinalYearProject/CocoCare/ml/data/raw/mendeley/Stem Bleeding/StemBleeding322.jpg,Stem Bleeding
/home/sivabharathi/Documents/FinalYearProject/CocoCare/ml/data/raw/mendeley/Leaf Rot/LeafRot1087.jpg,Leaf Rot
/home/sivabharathi/Documents/FinalYearProject/CocoCare/ml/data/raw/mendeley/Leaf Rot/LeafRot758.jpg,Leaf Rot
/home/sivabharathi/Documents/FinalYearProject/CocoCare/ml/data/raw/mendeley/Gray Leaf Spot/GrayLeafSpot789.jpg,Gray Leaf Spot
/home/sivabharathi/Documents/FinalYearProject/CocoCare/ml/data/raw/mendeley/Gray Leaf Spot/GrayLeafSpot1506.jpg,Gray Leaf Spot
/home/sivabharathi/Documents/FinalYearProject/CocoCare/ml/data/raw/mendeley/Leaf Rot/LeafRot273.jpg,Leaf Rot
/home/sivabharathi/Documents/FinalYearProject/CocoCare/ml/data/raw/mendeley/Gray Leaf Spot/GrayLeafSpot1257.jpg,Gray Leaf Spot
/home/sivabharathi/Documents/FinalYearProject/CocoCare/ml/data/raw/mendeley/Leaf Rot/LeafRot1214.jpg,Leaf Rot
/home/sivabharathi/Documents/FinalYearProject/CocoCare/ml/data/raw/mendeley/Stem Bleeding/StemBleeding423.jpg,Stem Bleeding
/home/sivabharathi/Documents/FinalYearProject/CocoCare/ml/data/raw/mendeley/Gray Leaf Spot/GrayLeafSpot975.jpg,Gray Leaf Spot
/home/sivabharathi/Documents/FinalYearProject/CocoCare/ml/data/raw/mendeley/Bud Rot/BudRot412.jpg,Bud Rot
/home/sivabharathi/Documents/FinalYearProject/CocoCare/ml/data/raw/mendeley/Gray Leaf Spot/GrayLeafSpot499.jpg,Gray Leaf Spot
/home/sivabharathi/Documents/FinalYearProject/CocoCare/ml/data/raw/mendeley/Gray Leaf Spot/GrayLeafSpot819.jpg,Gray Leaf Spot
/home/sivabharathi/Documents/FinalYearProject/CocoCare/ml/data/raw/mendeley/Bud Root Dropping/BudRootDropping426.jpg,Bud Root Dropping
/home/sivabharathi/Documents/FinalYearProject/CocoCare/ml/data/raw/mendeley/Stem Bleeding/StemBleeding335.jpg,Stem Bleeding
/home/sivabharathi/Documents/FinalYearProject/CocoCare/ml/data/raw/mendeley/Leaf Rot/LeafRot255.jpg,Leaf Rot
/home/sivabharathi/Documents/FinalYearProject/CocoCare/ml/data/raw/mendeley/Leaf Rot/LeafRot1268.jpg,Leaf Rot
/home/sivabharathi/Documents/FinalYearProject/CocoCare/ml/data/raw/mendeley/Leaf Rot/LeafRot076.jpg,Leaf Rot
/home/sivabharathi/Documents/FinalYearProject/CocoCare/ml/data/raw/mendeley/Gray Leaf Spot/GrayLeafSpot1719.jpg,Gray Leaf Spot
/home/sivabharathi/Documents/FinalYearProject/CocoCare/ml/data/raw/mendeley/Gray Leaf Spot/GrayLeafSpot350.jpg,Gray Leaf Spot
/home/sivabharathi/Documents/FinalYearProject/CocoCare/ml/data/raw/mendeley/Gray Leaf Spot/GrayLeafSpot1030.jpg,Gray Leaf Spot
/home/sivabharathi/Documents/FinalYearProject/CocoCare/ml/data/raw/mendeley/Leaf Rot/LeafRot134.jpg,Leaf Rot
/home/sivabharathi/Documents/FinalYearProject/CocoCare/ml/data/raw/mendeley/Gray Leaf Spot/GrayLeafSpot892.jpg,Gray Leaf Spot
/home/sivabharathi/Documents/FinalYearProject/CocoCare/ml/data/raw/mendeley/Stem Bleeding/StemBleeding249.jpg,Stem Bleeding
/home/sivabharathi/Documents/FinalYearProject/CocoCare/ml/data/raw/mendeley/Leaf Rot/LeafRot379.jpg,Leaf Rot
/home/sivabharathi/Documents/FinalYearProject/CocoCare/ml/data/raw/mendeley/Leaf Rot/LeafRot164.jpg,Leaf Rot
/home/sivabharathi/Documents/FinalYearProject/CocoCare/ml/data/raw/mendeley/Gray Leaf Spot/GrayLeafSpot186.jpg,Gray Leaf Spot
/home/sivabharathi/Documents/FinalYearProject/CocoCare/ml/data/raw/mendeley/Stem Bleeding/StemBleeding953.jpg,Stem Bleeding
/home/sivabharathi/Documents/FinalYearProject/CocoCare/ml/data/raw/mendeley/Bud Root Dropping/BudRootDropping461.jpg,Bud Root Dropping
/home/sivabharathi/Documents/FinalYearProject/CocoCare/ml/data/raw/mendeley/Leaf Rot/LeafRot439.jpg,Leaf Rot
/home/sivabharathi/Documents/FinalYearProject/CocoCare/ml/data/raw/mendeley/Gray Leaf Spot/GrayLeafSpot1348.jpg,Gray Leaf Spot
/home/sivabharathi/Documents/FinalYearProject/CocoCare/ml/data/raw/mendeley/Stem Bleeding/StemBleeding199.jpg,Stem Bleeding
/home/sivabharathi/Documents/FinalYearProject/CocoCare/ml/data/raw/mendeley/Bud Root Dropping/BudRootDropping438.jpg,Bud Root Dropping
/home/sivabharathi/Documents/FinalYearProject/CocoCare/ml/data/raw/mendeley/Leaf Rot/LeafRot712.jpg,Leaf Rot
/home/sivabharathi/Documents/FinalYearProject/CocoCare/ml/data/raw/mendeley/Gray Leaf Spot/GrayLeafSpot389.jpg,Gray Leaf Spot
/home/sivabharathi/Documents/FinalYearProject/CocoCare/ml/data/raw/mendeley/Gray Leaf Spot/GrayLeafSpot1802.jpg,Gray Leaf Spot
/home/sivabharathi/Documents/FinalYearProject/CocoCare/ml/data/raw/mendeley/Bud Rot/BudRot335.jpg,Bud Rot
/home/sivabharathi/Documents/FinalYearProject/CocoCare/ml/data/raw/mendeley/Gray Leaf Spot/GrayLeafSpot1743.jpg,Gray Leaf Spot
/home/sivabharathi/Documents/FinalYearProject/CocoCare/ml/data/raw/mendeley/Leaf Rot/LeafRot263.jpg,Leaf Rot
/home/sivabharathi/Documents/FinalYearProject/CocoCare/ml/data/raw/mendeley/Gray Leaf Spot/GrayLeafSpot740.jpg,Gray Leaf Spot
/home/sivabharathi/Documents/FinalYearProject/CocoCare/ml/data/raw/mendeley/Gray Leaf Spot/GrayLeafSpot008.jpg,Gray Leaf Spot
/home/sivabharathi/Documents/FinalYearProject/CocoCare/ml/data/raw/mendeley/Stem Bleeding/StemBleeding395.jpg,Stem Bleeding
/home/sivabharathi/Documents/FinalYearProject/CocoCare/ml/data/raw/mendeley/Bud Rot/BudRot156.jpg,Bud Rot
/home/sivabharathi/Documents/FinalYearProject/CocoCare/ml/data/raw/mendeley/Gray Leaf Spot/GrayLeafSpot615.jpg,Gray Leaf Spot
/home/sivabharathi/Documents/FinalYearProject/CocoCare/ml/data/raw/mendeley/Stem Bleeding/StemBleeding747.jpg,Stem Bleeding
/home/sivabharathi/Documents/FinalYearProject/CocoCare/ml/data/raw/mendeley/Stem Bleeding/StemBleeding244.jpg,Stem Bleeding
/home/sivabharathi/Documents/FinalYearProject/CocoCare/ml/data/raw/mendeley/Stem Bleeding/StemBleeding580.jpg,Stem Bleeding
/home/sivabharathi/Documents/FinalYearProject/CocoCare/ml/data/raw/mendeley/Leaf Rot/LeafRot373.jpg,Leaf Rot
/home/sivabharathi/Documents/FinalYearProject/CocoCare/ml/data/raw/mendeley/Stem Bleeding/StemBleeding407.jpg,Stem Bleeding
/home/sivabharathi/Documents/FinalYearProject/CocoCare/ml/data/raw/mendeley/Leaf Rot/LeafRot694.jpg,Leaf Rot
/home/sivabharathi/Documents/FinalYearProject/CocoCare/ml/data/raw/mendeley/Leaf Rot/LeafRot1238.jpg,Leaf Rot
/home/sivabharathi/Documents/FinalYearProject/CocoCare/ml/data/raw/mendeley/Leaf Rot/LeafRot443.jpg,Leaf Rot
/home/sivabharathi/Documents/FinalYearProject/CocoCare/ml/data/raw/mendeley/Stem Bleeding/StemBleeding649.jpg,Stem Bleeding
/home/sivabharathi/Documents/FinalYearProject/CocoCare/ml/data/raw/mendeley/Gray Leaf Spot/GrayLeafSpot1396.jpg,Gray Leaf Spot
/home/sivabharathi/Documents/FinalYearProject/CocoCare/ml/data/raw/mendeley/Gray Leaf Spot/GrayLeafSpot1782.jpg,Gray Leaf Spot
/home/sivabharathi/Documents/FinalYearProject/CocoCare/ml/data/raw/mendeley/Stem Bleeding/StemBleeding458.jpg,Stem Bleeding
/home/sivabharathi/Documents/FinalYearProject/CocoCare/ml/data/raw/mendeley/Leaf Rot/LeafRot232.jpg,Leaf Rot
/home/sivabharathi/Documents/FinalYearProject/CocoCare/ml/data/raw/mendeley/Stem Bleeding/StemBleeding402.jpg,Stem Bleeding
/home/sivabharathi/Documents/FinalYearProject/CocoCare/ml/data/raw/mendeley/Gray Leaf Spot/GrayLeafSpot839.jpg,Gray Leaf Spot
/home/sivabharathi/Documents/FinalYearProject/CocoCare/ml/data/raw/mendeley/Leaf Rot/LeafRot1230.jpg,Leaf Rot
/home/sivabharathi/Documents/FinalYearProject/CocoCare/ml/data/raw/mendeley/Gray Leaf Spot/GrayLeafSpot573.jpg,Gray Leaf Spot
/home/sivabharathi/Documents/FinalYearProject/CocoCare/ml/data/raw/mendeley/Gray Leaf Spot/GrayLeafSpot1232.jpg,Gray Leaf Spot
/home/sivabharathi/Documents/FinalYearProject/CocoCare/ml/data/raw/mendeley/Leaf Rot/LeafRot1257.jpg,Leaf Rot
/home/sivabharathi/Documents/FinalYearProject/CocoCare/ml/data/raw/mendeley/Bud Root Dropping/BudRootDropping407.jpg,Bud Root Dropping
/home/sivabharathi/Documents/FinalYearProject/CocoCare/ml/data/raw/mendeley/Bud Root Dropping/BudRootDropping210.jpg,Bud Root Dropping
/home/sivabharathi/Documents/FinalYearProject/CocoCare/ml/data/raw/mendeley/Gray Leaf Spot/GrayLeafSpot2117.jpg,Gray Leaf Spot
/home/sivabharathi/Documents/FinalYearProject/CocoCare/ml/data/raw/mendeley/Leaf Rot/LeafRot885.jpg,Leaf Rot
/home/sivabharathi/Documents/FinalYearProject/CocoCare/ml/data/raw/mendeley/Bud Root Dropping/BudRootDropping059.jpg,Bud Root Dropping
/home/sivabharathi/Documents/FinalYearProject/CocoCare/ml/data/raw/mendeley/Gray Leaf Spot/GrayLeafSpot345.jpg,Gray Leaf Spot
/home/sivabharathi/Documents/FinalYearProject/CocoCare/ml/data/raw/mendeley/Gray Leaf Spot/GrayLeafSpot1472.jpg,Gray Leaf Spot
/home/sivabharathi/Documents/FinalYearProject/CocoCare/ml/data/raw/mendeley/Stem Bleeding/StemBleeding684.jpg,Stem Bleeding
/home/sivabharathi/Documents/FinalYearProject/CocoCare/ml/data/raw/mendeley/Leaf Rot/LeafRot1642.jpg,Leaf Rot
/home/sivabharathi/Documents/FinalYearProject/CocoCare/ml/data/raw/mendeley/Leaf Rot/LeafRot240.jpg,Leaf Rot
/home/sivabharathi/Documents/FinalYearProject/CocoCare/ml/data/raw/mendeley/Gray Leaf Spot/GrayLeafSpot1338.jpg,Gray Leaf Spot
/home/sivabharathi/Documents/FinalYearProject/CocoCare/ml/data/raw/mendeley/Stem Bleeding/StemBleeding177.jpg,Stem Bleeding
/home/sivabharathi/Documents/FinalYearProject/CocoCare/ml/data/raw/mendeley/Leaf Rot/LeafRot881.jpg,Leaf Rot
/home/sivabharathi/Documents/FinalYearProject/CocoCare/ml/data/raw/mendeley/Stem Bleeding/StemBleeding151.jpg,Stem Bleeding
/home/sivabharathi/Documents/FinalYearProject/CocoCare/ml/data/raw/mendeley/Leaf Rot/LeafRot1628.jpg,Leaf Rot
/home/sivabharathi/Documents/FinalYearProject/CocoCare/ml/data/raw/mendeley/Leaf Rot/LeafRot1028.jpg,Leaf Rot
/home/sivabharathi/Documents/FinalYearProject/CocoCare/ml/data/raw/mendeley/Gray Leaf Spot/GrayLeafSpot613.jpg,Gray Leaf Spot
/home/sivabharathi/Documents/FinalYearProject/CocoCare/ml/data/raw/mendeley/Stem Bleeding/StemBleeding449.jpg,Stem Bleeding
/home/sivabharathi/Documents/FinalYearProject/CocoCare/ml/data/raw/mendeley/Bud Rot/BudRot110.jpg,Bud Rot
/home/sivabharathi/Documents/FinalYearProject/CocoCare/ml/data/raw/mendeley/Bud Rot/BudRot321.jpg,Bud Rot
/home/sivabharathi/Documents/FinalYearProject/CocoCare/ml/data/raw/mendeley/Gray Leaf Spot/GrayLeafSpot129.jpg,Gray Leaf Spot
/home/sivabharathi/Documents/FinalYearProject/CocoCare/ml/data/raw/mendeley/Gray Leaf Spot/GrayLeafSpot038.jpg,Gray Leaf Spot
/home/sivabharathi/Documents/FinalYearProject/CocoCare/ml/data/raw/mendeley/Gray Leaf Spot/GrayLeafSpot1381.jpg,Gray Leaf Spot
/home/sivabharathi/Documents/FinalYearProject/CocoCare/ml/data/raw/mendeley/Bud Root Dropping/BudRootDropping478.jpg,Bud Root Dropping
/home/sivabharathi/Documents/FinalYearProject/CocoCare/ml/data/raw/mendeley/Stem Bleeding/StemBleeding175.jpg,Stem Bleeding
/home/sivabharathi/Documents/FinalYearProject/CocoCare/ml/data/raw/mendeley/Stem Bleeding/StemBleeding654.jpg,Stem Bleeding
/home/sivabharathi/Documents/FinalYearProject/CocoCare/ml/data/raw/mendeley/Gray Leaf Spot/GrayLeafSpot162.jpg,Gray Leaf Spot
/home/sivabharathi/Documents/FinalYearProject/CocoCare/ml/data/raw/mendeley/Gray Leaf Spot/GrayLeafSpot962.jpg,Gray Leaf Spot
/home/sivabharathi/Documents/FinalYearProject/CocoCare/ml/data/raw/mendeley/Stem Bleeding/StemBleeding800.jpg,Stem Bleeding
/home/sivabharathi/Documents/FinalYearProject/CocoCare/ml/data/raw/mendeley/Leaf Rot/LeafRot831.jpg,Leaf Rot
/home/sivabharathi/Documents/FinalYearProject/CocoCare/ml/data/raw/mendeley/Stem Bleeding/StemBleeding980.jpg,Stem Bleeding
/home/sivabharathi/Documents/FinalYearProject/CocoCare/ml/data/raw/mendeley/Gray Leaf Spot/GrayLeafSpot1937.jpg,Gray Leaf Spot
/home/sivabharathi/Documents/FinalYearProject/CocoCare/ml/data/raw/mendeley/Bud Root Dropping/BudRootDropping065.jpg,Bud Root Dropping
/home/sivabharathi/Documents/FinalYearProject/CocoCare/ml/data/raw/mendeley/Leaf Rot/LeafRot1584.jpg,Leaf Rot
/home/sivabharathi/Documents/FinalYearProject/CocoCare/ml/data/raw/mendeley/Bud Rot/BudRot225.jpg,Bud Rot
/home/sivabharathi/Documents/FinalYearProject/CocoCare/ml/data/raw/mendeley/Gray Leaf Spot/GrayLeafSpot1109.jpg,Gray Leaf Spot
/home/sivabharathi/Documents/FinalYearProject/CocoCare/ml/data/raw/mendeley/Leaf Rot/LeafRot1316.jpg,Leaf Rot
/home/sivabharathi/Documents/FinalYearProject/CocoCare/ml/data/raw/mendeley/Gray Leaf Spot/GrayLeafSpot2020.jpg,Gray Leaf Spot
/home/sivabharathi/Documents/FinalYearProject/CocoCare/ml/data/raw/mendeley/Leaf Rot/LeafRot1063.jpg,Leaf Rot
/home/sivabharathi/Documents/FinalYearProject/CocoCare/ml/data/raw/mendeley/Leaf Rot/LeafRot858.jpg,Leaf Rot
/home/sivabharathi/Documents/FinalYearProject/CocoCare/ml/data/raw/mendeley/Bud Rot/BudRot218.jpg,Bud Rot
/home/sivabharathi/Documents/FinalYearProject/CocoCare/ml/data/raw/mendeley/Gray Leaf Spot/GrayLeafSpot1547.jpg,Gray Leaf Spot
/home/sivabharathi/Documents/FinalYearProject/CocoCare/ml/data/raw/mendeley/Leaf Rot/LeafRot449.jpg,Leaf Rot
/home/sivabharathi/Documents/FinalYearProject/CocoCare/ml/data/raw/mendeley/Gray Leaf Spot/GrayLeafSpot1915.jpg,Gray Leaf Spot
/home/sivabharathi/Documents/FinalYearProject/CocoCare/ml/data/raw/mendeley/Leaf Rot/LeafRot1380.jpg,Leaf Rot
/home/sivabharathi/Documents/FinalYearProject/CocoCare/ml/data/raw/mendeley/Gray Leaf Spot/GrayLeafSpot1194.jpg,Gray Leaf Spot
/home/sivabharathi/Documents/FinalYearProject/CocoCare/ml/data/raw/mendeley/Gray Leaf Spot/GrayLeafSpot1776.jpg,Gray Leaf Spot
/home/sivabharathi/Documents/FinalYearProject/CocoCare/ml/data/raw/mendeley/Gray Leaf Spot/GrayLeafSpot1482.jpg,Gray Leaf Spot
/home/sivabharathi/Documents/FinalYearProject/CocoCare/ml/data/raw/mendeley/Stem Bleeding/StemBleeding012.jpg,Stem Bleeding
/home/sivabharathi/Documents/FinalYearProject/CocoCare/ml/data/raw/mendeley/Gray Leaf Spot/GrayLeafSpot1779.jpg,Gray Leaf Spot
/home/sivabharathi/Documents/FinalYearProject/CocoCare/ml/data/raw/mendeley/Stem Bleeding/StemBleeding118.jpg,Stem Bleeding
/home/sivabharathi/Documents/FinalYearProject/CocoCare/ml/data/raw/mendeley/Stem Bleeding/StemBleeding115.jpg,Stem Bleeding
/home/sivabharathi/Documents/FinalYearProject/CocoCare/ml/data/raw/mendeley/Gray Leaf Spot/GrayLeafSpot1933.jpg,Gray Leaf Spot
/home/sivabharathi/Documents/FinalYearProject/CocoCare/ml/data/raw/mendeley/Gray Leaf Spot/GrayLeafSpot809.jpg,Gray Leaf Spot
/home/sivabharathi/Documents/FinalYearProject/CocoCare/ml/data/raw/mendeley/Bud Rot/BudRot042.jpg,Bud Rot
/home/sivabharathi/Documents/FinalYearProject/CocoCare/ml/data/raw/mendeley/Leaf Rot/LeafRot595.jpg,Leaf Rot
/home/sivabharathi/Documents/FinalYearProject/CocoCare/ml/data/raw/mendeley/Gray Leaf Spot/GrayLeafSpot328.jpg,Gray Leaf Spot
/home/sivabharathi/Documents/FinalYearProject/CocoCare/ml/data/raw/mendeley/Gray Leaf Spot/GrayLeafSpot619.jpg,Gray Leaf Spot
/home/sivabharathi/Documents/FinalYearProject/CocoCare/ml/data/raw/mendeley/Bud Rot/BudRot357.jpg,Bud Rot
/home/sivabharathi/Documents/FinalYearProject/CocoCare/ml/data/raw/mendeley/Gray Leaf Spot/GrayLeafSpot894.jpg,Gray Leaf Spot
/home/sivabharathi/Documents/FinalYearProject/CocoCare/ml/data/raw/mendeley/Stem Bleeding/StemBleeding290.jpg,Stem Bleeding
/home/sivabharathi/Documents/FinalYearProject/CocoCare/ml/data/raw/mendeley/Leaf Rot/LeafRot1541.jpg,Leaf Rot
/home/sivabharathi/Documents/FinalYearProject/CocoCare/ml/data/raw/mendeley/Gray Leaf Spot/GrayLeafSpot618.jpg,Gray Leaf Spot
/home/sivabharathi/Documents/FinalYearProject/CocoCare/ml/data/raw/mendeley/Leaf Rot/LeafRot768.jpg,Leaf Rot
/home/sivabharathi/Documents/FinalYearProject/CocoCare/ml/data/raw/mendeley/Gray Leaf Spot/GrayLeafSpot194.jpg,Gray Leaf Spot
/home/sivabharathi/Documents/FinalYearProject/CocoCare/ml/data/raw/mendeley/Bud Rot/BudRot177.jpg,Bud Rot
/home/sivabharathi/Documents/FinalYearProject/CocoCare/ml/data/raw/mendeley/Stem Bleeding/StemBleeding274.jpg,Stem Bleeding
/home/sivabharathi/Documents/FinalYearProject/CocoCare/ml/data/raw/mendeley/Leaf Rot/LeafRot1353.jpg,Leaf Rot
/home/sivabharathi/Documents/FinalYearProject/CocoCare/ml/data/raw/mendeley/Gray Leaf Spot/GrayLeafSpot1775.jpg,Gray Leaf Spot
/home/sivabharathi/Documents/FinalYearProject/CocoCare/ml/data/raw/mendeley/Leaf Rot/LeafRot1331.jpg,Leaf Rot
/home/sivabharathi/Documents/FinalYearProject/CocoCare/ml/data/raw/mendeley/Stem Bleeding/StemBleeding559.jpg,Stem Bleeding
/home/sivabharathi/Documents/FinalYearProject/CocoCare/ml/data/raw/mendeley/Leaf Rot/LeafRot1477.jpg,Leaf Rot
/home/sivabharathi/Documents/FinalYearProject/CocoCare/ml/data/raw/mendeley/Leaf Rot/LeafRot1030.jpg,Leaf Rot
/home/sivabharathi/Documents/FinalYearProject/CocoCare/ml/data/raw/mendeley/Leaf Rot/LeafRot959.jpg,Leaf Rot
/home/sivabharathi/Documents/FinalYearProject/CocoCare/ml/data/raw/mendeley/Gray Leaf Spot/GrayLeafSpot723.jpg,Gray Leaf Spot
/home/sivabharathi/Documents/FinalYearProject/CocoCare/ml/data/raw/mendeley/Leaf Rot/LeafRot001.jpg,Leaf Rot
/home/sivabharathi/Documents/FinalYearProject/CocoCare/ml/data/raw/mendeley/Stem Bleeding/StemBleeding740.jpg,Stem Bleeding
/home/sivabharathi/Documents/FinalYearProject/CocoCare/ml/data/raw/mendeley/Bud Root Dropping/BudRootDropping347.jpg,Bud Root Dropping
/home/sivabharathi/Documents/FinalYearProject/CocoCare/ml/data/raw/mendeley/Leaf Rot/LeafRot744.jpg,Leaf Rot
/home/sivabharathi/Documents/FinalYearProject/CocoCare/ml/data/raw/mendeley/Gray Leaf Spot/GrayLeafSpot812.jpg,Gray Leaf Spot
/home/sivabharathi/Documents/FinalYearProject/CocoCare/ml/data/raw/mendeley/Gray Leaf Spot/GrayLeafSpot184.jpg,Gray Leaf Spot
/home/sivabharathi/Documents/FinalYearProject/CocoCare/ml/data/raw/mendeley/Bud Rot/BudRot440.jpg,Bud Rot
/home/sivabharathi/Documents/FinalYearProject/CocoCare/ml/data/raw/mendeley/Gray Leaf Spot/GrayLeafSpot182.jpg,Gray Leaf Spot
/home/sivabharathi/Documents/FinalYearProject/CocoCare/ml/data/raw/mendeley/Leaf Rot/LeafRot127.jpg,Leaf Rot
/home/sivabharathi/Documents/FinalYearProject/CocoCare/ml/data/raw/mendeley/Gray Leaf Spot/GrayLeafSpot1572.jpg,Gray Leaf Spot
/home/sivabharathi/Documents/FinalYearProject/CocoCare/ml/data/raw/mendeley/Leaf Rot/LeafRot1038.jpg,Leaf Rot
/home/sivabharathi/Documents/FinalYearProject/CocoCare/ml/data/raw/mendeley/Stem Bleeding/StemBleeding830.jpg,Stem Bleeding
/home/sivabharathi/Documents/FinalYearProject/CocoCare/ml/data/raw/mendeley/Gray Leaf Spot/GrayLeafSpot821.jpg,Gray Leaf Spot
/home/sivabharathi/Documents/FinalYearProject/CocoCare/ml/data/raw/mendeley/Gray Leaf Spot/GrayLeafSpot631.jpg,Gray Leaf Spot
/home/sivabharathi/Documents/FinalYearProject/CocoCare/ml/data/raw/mendeley/Bud Rot/BudRot466.jpg,Bud Rot
/home/sivabharathi/Documents/FinalYearProject/CocoCare/ml/data/raw/mendeley/Gray Leaf Spot/GrayLeafSpot1324.jpg,Gray Leaf Spot
/home/sivabharathi/Documents/FinalYearProject/CocoCare/ml/data/raw/mendeley/Gray Leaf Spot/GrayLeafSpot013.jpg,Gray Leaf Spot
/home/sivabharathi/Documents/FinalYearProject/CocoCare/ml/data/raw/mendeley/Gray Leaf Spot/GrayLeafSpot1944.jpg,Gray Leaf Spot
/home/sivabharathi/Documents/FinalYearProject/CocoCare/ml/data/raw/mendeley/Leaf Rot/LeafRot1269.jpg,Leaf Rot
/home/sivabharathi/Documents/FinalYearProject/CocoCare/ml/data/raw/mendeley/Gray Leaf Spot/GrayLeafSpot567.jpg,Gray Leaf Spot
/home/sivabharathi/Documents/FinalYearProject/CocoCare/ml/data/raw/mendeley/Gray Leaf Spot/GrayLeafSpot672.jpg,Gray Leaf Spot
/home/sivabharathi/Documents/FinalYearProject/CocoCare/ml/data/raw/mendeley/Leaf Rot/LeafRot1389.jpg,Leaf Rot
/home/sivabharathi/Documents/FinalYearProject/CocoCare/ml/data/raw/mendeley/Gray Leaf Spot/GrayLeafSpot1442.jpg,Gray Leaf Spot
/home/sivabharathi/Documents/FinalYearProject/CocoCare/ml/data/raw/mendeley/Bud Rot/BudRot349.jpg,Bud Rot
/home/sivabharathi/Documents/FinalYearProject/CocoCare/ml/data/raw/mendeley/Leaf Rot/LeafRot616.jpg,Leaf Rot
/home/sivabharathi/Documents/FinalYearProject/CocoCare/ml/data/raw/mendeley/Leaf Rot/LeafRot1564.jpg,Leaf Rot
/home/sivabharathi/Documents/FinalYearProject/CocoCare/ml/data/raw/mendeley/Gray Leaf Spot/GrayLeafSpot280.jpg,Gray Leaf Spot
/home/sivabharathi/Documents/FinalYearProject/CocoCare/ml/data/raw/mendeley/Leaf Rot/LeafRot1193.jpg,Leaf Rot
/home/sivabharathi/Documents/FinalYearProject/CocoCare/ml/data/raw/mendeley/Stem Bleeding/StemBleeding379.jpg,Stem Bleeding
/home/sivabharathi/Documents/FinalYearProject/CocoCare/ml/data/raw/mendeley/Gray Leaf Spot/GrayLeafSpot1655.jpg,Gray Leaf Spot
/home/sivabharathi/Documents/FinalYearProject/CocoCare/ml/data/raw/mendeley/Gray Leaf Spot/GrayLeafSpot533.jpg,Gray Leaf Spot
/home/sivabharathi/Documents/FinalYearProject/CocoCare/ml/data/raw/mendeley/Stem Bleeding/StemBleeding692.jpg,Stem Bleeding
/home/sivabharathi/Documents/FinalYearProject/CocoCare/ml/data/raw/mendeley/Leaf Rot/LeafRot670.jpg,Leaf Rot
/home/sivabharathi/Documents/FinalYearProject/CocoCare/ml/data/raw/mendeley/Leaf Rot/LeafRot809.jpg,Leaf Rot
/home/sivabharathi/Documents/FinalYearProject/CocoCare/ml/data/raw/mendeley/Gray Leaf Spot/GrayLeafSpot2077.jpg,Gray Leaf Spot
/home/sivabharathi/Documents/FinalYearProject/CocoCare/ml/data/raw/mendeley/Bud Rot/BudRot076.jpg,Bud Rot
/home/sivabharathi/Documents/FinalYearProject/CocoCare/ml/data/raw/mendeley/Gray Leaf Spot/GrayLeafSpot703.jpg,Gray Leaf Spot
/home/sivabharathi/Documents/FinalYearProject/CocoCare/ml/data/raw/mendeley/Gray Leaf Spot/GrayLeafSpot1122.jpg,Gray Leaf Spot
/home/sivabharathi/Documents/FinalYearProject/CocoCare/ml/data/raw/mendeley/Gray Leaf Spot/GrayLeafSpot120.jpg,Gray Leaf Spot
/home/sivabharathi/Documents/FinalYearProject/CocoCare/ml/data/raw/mendeley/Bud Root Dropping/BudRootDropping215.jpg,Bud Root Dropping
/home/sivabharathi/Documents/FinalYearProject/CocoCare/ml/data/raw/mendeley/Leaf Rot/LeafRot663.jpg,Leaf Rot
/home/sivabharathi/Documents/FinalYearProject/CocoCare/ml/data/raw/mendeley/Leaf Rot/LeafRot404.jpg,Leaf Rot
/home/sivabharathi/Documents/FinalYearProject/CocoCare/ml/data/raw/mendeley/Bud Root Dropping/BudRootDropping292.jpg,Bud Root Dropping
/home/sivabharathi/Documents/FinalYearProject/CocoCare/ml/data/raw/mendeley/Bud Rot/BudRot360.jpg,Bud Rot
/home/sivabharathi/Documents/FinalYearProject/CocoCare/ml/data/raw/mendeley/Bud Rot/BudRot380.jpg,Bud Rot
/home/sivabharathi/Documents/FinalYearProject/CocoCare/ml/data/raw/mendeley/Bud Rot/BudRot241.jpg,Bud Rot
/home/sivabharathi/Documents/FinalYearProject/CocoCare/ml/data/raw/mendeley/Bud Rot/BudRot085.jpg,Bud Rot
/home/sivabharathi/Documents/FinalYearProject/CocoCare/ml/data/raw/mendeley/Leaf Rot/LeafRot318.jpg,Leaf Rot
/home/sivabharathi/Documents/FinalYearProject/CocoCare/ml/data/raw/mendeley/Gray Leaf Spot/GrayLeafSpot2134.jpg,Gray Leaf Spot
/home/sivabharathi/Documents/FinalYearProject/CocoCare/ml/data/raw/mendeley/Gray Leaf Spot/GrayLeafSpot1162.jpg,Gray Leaf Spot
/home/sivabharathi/Documents/FinalYearProject/CocoCare/ml/data/raw/mendeley/Gray Leaf Spot/GrayLeafSpot1049.jpg,Gray Leaf Spot
/home/sivabharathi/Documents/FinalYearProject/CocoCare/ml/data/raw/mendeley/Gray Leaf Spot/GrayLeafSpot1555.jpg,Gray Leaf Spot
/home/sivabharathi/Documents/FinalYearProject/CocoCare/ml/data/raw/mendeley/Gray Leaf Spot/GrayLeafSpot1771.jpg,Gray Leaf Spot
/home/sivabharathi/Documents/FinalYearProject/CocoCare/ml/data/raw/mendeley/Gray Leaf Spot/GrayLeafSpot1280.jpg,Gray Leaf Spot
/home/sivabharathi/Documents/FinalYearProject/CocoCare/ml/data/raw/mendeley/Leaf Rot/LeafRot1205.jpg,Leaf Rot
/home/sivabharathi/Documents/FinalYearProject/CocoCare/ml/data/raw/mendeley/Gray Leaf Spot/GrayLeafSpot2010.jpg,Gray Leaf Spot
/home/sivabharathi/Documents/FinalYearProject/CocoCare/ml/data/raw/mendeley/Leaf Rot/LeafRot666.jpg,Leaf Rot
/home/sivabharathi/Documents/FinalYearProject/CocoCare/ml/data/raw/mendeley/Gray Leaf Spot/GrayLeafSpot976.jpg,Gray Leaf Spot
/home/sivabharathi/Documents/FinalYearProject/CocoCare/ml/data/raw/mendeley/Stem Bleeding/StemBleeding050.jpg,Stem Bleeding
/home/sivabharathi/Documents/FinalYearProject/CocoCare/ml/data/raw/mendeley/Gray Leaf Spot/GrayLeafSpot1955.jpg,Gray Leaf Spot
/home/sivabharathi/Documents/FinalYearProject/CocoCare/ml/data/raw/mendeley/Leaf Rot/LeafRot090.jpg,Leaf Rot
/home/sivabharathi/Documents/FinalYearProject/CocoCare/ml/data/raw/mendeley/Leaf Rot/LeafRot507.jpg,Leaf Rot
/home/sivabharathi/Documents/FinalYearProject/CocoCare/ml/data/raw/mendeley/Gray Leaf Spot/GrayLeafSpot1517.jpg,Gray Leaf Spot
/home/sivabharathi/Documents/FinalYearProject/CocoCare/ml/data/raw/mendeley/Stem Bleeding/StemBleeding481.jpg,Stem Bleeding
/home/sivabharathi/Documents/FinalYearProject/CocoCare/ml/data/raw/mendeley/Gray Leaf Spot/GrayLeafSpot566.jpg,Gray Leaf Spot
/home/sivabharathi/Documents/FinalYearProject/CocoCare/ml/data/raw/mendeley/Gray Leaf Spot/GrayLeafSpot1683.jpg,Gray Leaf Spot
/home/sivabharathi/Documents/FinalYearProject/CocoCare/ml/data/raw/mendeley/Gray Leaf Spot/GrayLeafSpot1749.jpg,Gray Leaf Spot
/home/sivabharathi/Documents/FinalYearProject/CocoCare/ml/data/raw/mendeley/Bud Rot/BudRot188.jpg,Bud Rot
/home/sivabharathi/Documents/FinalYearProject/CocoCare/ml/data/raw/mendeley/Stem Bleeding/StemBleeding262.jpg,Stem Bleeding
/home/sivabharathi/Documents/FinalYearProject/CocoCare/ml/data/raw/mendeley/Stem Bleeding/StemBleeding975.jpg,Stem Bleeding
/home/sivabharathi/Documents/FinalYearProject/CocoCare/ml/data/raw/mendeley/Bud Root Dropping/BudRootDropping024.jpg,Bud Root Dropping
/home/sivabharathi/Documents/FinalYearProject/CocoCare/ml/data/raw/mendeley/Gray Leaf Spot/GrayLeafSpot804.jpg,Gray Leaf Spot
/home/sivabharathi/Documents/FinalYearProject/CocoCare/ml/data/raw/mendeley/Gray Leaf Spot/GrayLeafSpot1635.jpg,Gray Leaf Spot
/home/sivabharathi/Documents/FinalYearProject/CocoCare/ml/data/raw/mendeley/Bud Root Dropping/BudRootDropping252.jpg,Bud Root Dropping
/home/sivabharathi/Documents/FinalYearProject/CocoCare/ml/data/raw/mendeley/Leaf Rot/LeafRot989.jpg,Leaf Rot
/home/sivabharathi/Documents/FinalYearProject/CocoCare/ml/data/raw/mendeley/Bud Root Dropping/BudRootDropping257.jpg,Bud Root Dropping
/home/sivabharathi/Documents/FinalYearProject/CocoCare/ml/data/raw/mendeley/Stem Bleeding/StemBleeding797.jpg,Stem Bleeding
/home/sivabharathi/Documents/FinalYearProject/CocoCare/ml/data/raw/mendeley/Gray Leaf Spot/GrayLeafSpot1926.jpg,Gray Leaf Spot
/home/sivabharathi/Documents/FinalYearProject/CocoCare/ml/data/raw/mendeley/Stem Bleeding/StemBleeding383.jpg,Stem Bleeding
/home/sivabharathi/Documents/FinalYearProject/CocoCare/ml/data/raw/mendeley/Bud Rot/BudRot327.jpg,Bud Rot
/home/sivabharathi/Documents/FinalYearProject/CocoCare/ml/data/raw/mendeley/Bud Root Dropping/BudRootDropping049.jpg,Bud Root Dropping
/home/sivabharathi/Documents/FinalYearProject/CocoCare/ml/data/raw/mendeley/Bud Rot/BudRot329.jpg,Bud Rot
/home/sivabharathi/Documents/FinalYearProject/CocoCare/ml/data/raw/mendeley/Bud Rot/BudRot404.jpg,Bud Rot
/home/sivabharathi/Documents/FinalYearProject/CocoCare/ml/data/raw/mendeley/Leaf Rot/LeafRot471.jpg,Leaf Rot
/home/sivabharathi/Documents/FinalYearProject/CocoCare/ml/data/raw/mendeley/Gray Leaf Spot/GrayLeafSpot1054.jpg,Gray Leaf Spot
/home/sivabharathi/Documents/FinalYearProject/CocoCare/ml/data/raw/mendeley/Bud Rot/BudRot028.jpg,Bud Rot
/home/sivabharathi/Documents/FinalYearProject/CocoCare/ml/data/raw/mendeley/Leaf Rot/LeafRot1067.jpg,Leaf Rot
/home/sivabharathi/Documents/FinalYearProject/CocoCare/ml/data/raw/mendeley/Gray Leaf Spot/GrayLeafSpot729.jpg,Gray Leaf Spot
/home/sivabharathi/Documents/FinalYearProject/CocoCare/ml/data/raw/mendeley/Bud Rot/BudRot094.jpg,Bud Rot
/home/sivabharathi/Documents/FinalYearProject/CocoCare/ml/data/raw/mendeley/Gray Leaf Spot/GrayLeafSpot1437.jpg,Gray Leaf Spot
/home/sivabharathi/Documents/FinalYearProject/CocoCare/ml/data/raw/mendeley/Gray Leaf Spot/GrayLeafSpot1034.jpg,Gray Leaf Spot
/home/sivabharathi/Documents/FinalYearProject/CocoCare/ml/data/raw/mendeley/Bud Root Dropping/BudRootDropping502.jpg,Bud Root Dropping
/home/sivabharathi/Documents/FinalYearProject/CocoCare/ml/data/raw/mendeley/Stem Bleeding/StemBleeding674.jpg,Stem Bleeding
/home/sivabharathi/Documents/FinalYearProject/CocoCare/ml/data/raw/mendeley/Gray Leaf Spot/GrayLeafSpot656.jpg,Gray Leaf Spot
/home/sivabharathi/Documents/FinalYearProject/CocoCare/ml/data/raw/mendeley/Stem Bleeding/StemBleeding963.jpg,Stem Bleeding
/home/sivabharathi/Documents/FinalYearProject/CocoCare/ml/data/raw/mendeley/Leaf Rot/LeafRot613.jpg,Leaf Rot
/home/sivabharathi/Documents/FinalYearProject/CocoCare/ml/data/raw/mendeley/Leaf Rot/LeafRot876.jpg,Leaf Rot
/home/sivabharathi/Documents/FinalYearProject/CocoCare/ml/data/raw/mendeley/Leaf Rot/LeafRot1311.jpg,Leaf Rot
/home/sivabharathi/Documents/FinalYearProject/CocoCare/ml/data/raw/mendeley/Leaf Rot/LeafRot126.jpg,Leaf Rot
/home/sivabharathi/Documents/FinalYearProject/CocoCare/ml/data/raw/mendeley/Bud Root Dropping/BudRootDropping002.jpg,Bud Root Dropping
/home/sivabharathi/Documents/FinalYearProject/CocoCare/ml/data/raw/mendeley/Stem Bleeding/StemBleeding755.jpg,Stem Bleeding
/home/sivabharathi/Documents/FinalYearProject/CocoCare/ml/data/raw/mendeley/Leaf Rot/LeafRot1006.jpg,Leaf Rot
/home/sivabharathi/Documents/FinalYearProject/CocoCare/ml/data/raw/mendeley/Bud Root Dropping/BudRootDropping041.jpg,Bud Root Dropping
/home/sivabharathi/Documents/FinalYearProject/CocoCare/ml/data/raw/mendeley/Gray Leaf Spot/GrayLeafSpot090.jpg,Gray Leaf Spot
/home/sivabharathi/Documents/FinalYearProject/CocoCare/ml/data/raw/mendeley/Leaf Rot/LeafRot1489.jpg,Leaf Rot
/home/sivabharathi/Documents/FinalYearProject/CocoCare/ml/data/raw/mendeley/Gray Leaf Spot/GrayLeafSpot785.jpg,Gray Leaf Spot
/home/sivabharathi/Documents/FinalYearProject/CocoCare/ml/data/raw/mendeley/Bud Root Dropping/BudRootDropping248.jpg,Bud Root Dropping
/home/sivabharathi/Documents/FinalYearProject/CocoCare/ml/data/raw/mendeley/Gray Leaf Spot/GrayLeafSpot398.jpg,Gray Leaf Spot
/home/sivabharathi/Documents/FinalYearProject/CocoCare/ml/data/raw/mendeley/Gray Leaf Spot/GrayLeafSpot2041.jpg,Gray Leaf Spot
/home/sivabharathi/Documents/FinalYearProject/CocoCare/ml/data/raw/mendeley/Stem Bleeding/StemBleeding638.jpg,Stem Bleeding
/home/sivabharathi/Documents/FinalYearProject/CocoCare/ml/data/raw/mendeley/Gray Leaf Spot/GrayLeafSpot2059.jpg,Gray Leaf Spot
/home/sivabharathi/Documents/FinalYearProject/CocoCare/ml/data/raw/mendeley/Gray Leaf Spot/GrayLeafSpot022.jpg,Gray Leaf Spot
/home/sivabharathi/Documents/FinalYearProject/CocoCare/ml/data/raw/mendeley/Bud Rot/BudRot036.jpg,Bud Rot
/home/sivabharathi/Documents/FinalYearProject/CocoCare/ml/data/raw/mendeley/Leaf Rot/LeafRot1475.jpg,Leaf Rot
/home/sivabharathi/Documents/FinalYearProject/CocoCare/ml/data/raw/mendeley/Stem Bleeding/StemBleeding465.jpg,Stem Bleeding
/home/sivabharathi/Documents/FinalYearProject/CocoCare/ml/data/raw/mendeley/Leaf Rot/LeafRot1170.jpg,Leaf Rot
/home/sivabharathi/Documents/FinalYearProject/CocoCare/ml/data/raw/mendeley/Gray Leaf Spot/GrayLeafSpot226.jpg,Gray Leaf Spot
/home/sivabharathi/Documents/FinalYearProject/CocoCare/ml/data/raw/mendeley/Gray Leaf Spot/GrayLeafSpot1100.jpg,Gray Leaf Spot
/home/sivabharathi/Documents/FinalYearProject/CocoCare/ml/data/raw/mendeley/Stem Bleeding/StemBleeding865.jpg,Stem Bleeding
/home/sivabharathi/Documents/FinalYearProject/CocoCare/ml/data/raw/mendeley/Bud Root Dropping/BudRootDropping400.jpg,Bud Root Dropping
/home/sivabharathi/Documents/FinalYearProject/CocoCare/ml/data/raw/mendeley/Leaf Rot/LeafRot1307.jpg,Leaf Rot
/home/sivabharathi/Documents/FinalYearProject/CocoCare/ml/data/raw/mendeley/Gray Leaf Spot/GrayLeafSpot693.jpg,Gray Leaf Spot
/home/sivabharathi/Documents/FinalYearProject/CocoCare/ml/data/raw/mendeley/Gray Leaf Spot/GrayLeafSpot655.jpg,Gray Leaf Spot
/home/sivabharathi/Documents/FinalYearProject/CocoCare/ml/data/raw/mendeley/Leaf Rot/LeafRot1524.jpg,Leaf Rot
/home/sivabharathi/Documents/FinalYearProject/CocoCare/ml/data/raw/mendeley/Leaf Rot/LeafRot1044.jpg,Leaf Rot
/home/sivabharathi/Documents/FinalYearProject/CocoCare/ml/data/raw/mendeley/Bud Root Dropping/BudRootDropping100.jpg,Bud Root Dropping
/home/sivabharathi/Documents/FinalYearProject/CocoCare/ml/data/raw/mendeley/Gray Leaf Spot/GrayLeafSpot1762.jpg,Gray Leaf Spot
/home/sivabharathi/Documents/FinalYearProject/CocoCare/ml/data/raw/mendeley/Leaf Rot/LeafRot483.jpg,Leaf Rot
/home/sivabharathi/Documents/FinalYearProject/CocoCare/ml/data/raw/mendeley/Gray Leaf Spot/GrayLeafSpot1548.jpg,Gray Leaf Spot
/home/sivabharathi/Documents/FinalYearProject/CocoCare/ml/data/raw/mendeley/Leaf Rot/LeafRot412.jpg,Leaf Rot
/home/sivabharathi/Documents/FinalYearProject/CocoCare/ml/data/raw/mendeley/Leaf Rot/LeafRot461.jpg,Leaf Rot
/home/sivabharathi/Documents/FinalYearProject/CocoCare/ml/data/raw/mendeley/Leaf Rot/LeafRot1653.jpg,Leaf Rot
/home/sivabharathi/Documents/FinalYearProject/CocoCare/ml/data/raw/mendeley/Gray Leaf Spot/GrayLeafSpot272.jpg,Gray Leaf Spot
/home/sivabharathi/Documents/FinalYearProject/CocoCare/ml/data/raw/mendeley/Gray Leaf Spot/GrayLeafSpot767.jpg,Gray Leaf Spot
/home/sivabharathi/Documents/FinalYearProject/CocoCare/ml/data/raw/mendeley/Stem Bleeding/StemBleeding327.jpg,Stem Bleeding
/home/sivabharathi/Documents/FinalYearProject/CocoCare/ml/data/raw/mendeley/Stem Bleeding/StemBleeding463.jpg,Stem Bleeding
/home/sivabharathi/Documents/FinalYearProject/CocoCare/ml/data/raw/mendeley/Stem Bleeding/StemBleeding617.jpg,Stem Bleeding
/home/sivabharathi/Documents/FinalYearProject/CocoCare/ml/data/raw/mendeley/Bud Rot/BudRot464.jpg,Bud Rot
/home/sivabharathi/Documents/FinalYearProject/CocoCare/ml/data/raw/mendeley/Leaf Rot/LeafRot268.jpg,Leaf Rot
/home/sivabharathi/Documents/FinalYearProject/CocoCare/ml/data/raw/mendeley/Leaf Rot/LeafRot1671.jpg,Leaf Rot
/home/sivabharathi/Documents/FinalYearProject/CocoCare/ml/data/raw/mendeley/Bud Root Dropping/BudRootDropping140.jpg,Bud Root Dropping
/home/sivabharathi/Documents/FinalYearProject/CocoCare/ml/data/raw/mendeley/Gray Leaf Spot/GrayLeafSpot1668.jpg,Gray Leaf Spot
/home/sivabharathi/Documents/FinalYearProject/CocoCare/ml/data/raw/mendeley/Leaf Rot/LeafRot531.jpg,Leaf Rot
/home/sivabharathi/Documents/FinalYearProject/CocoCare/ml/data/raw/mendeley/Bud Root Dropping/BudRootDropping090.jpg,Bud Root Dropping
/home/sivabharathi/Documents/FinalYearProject/CocoCare/ml/data/raw/mendeley/Leaf Rot/LeafRot1435.jpg,Leaf Rot
/home/sivabharathi/Documents/FinalYearProject/CocoCare/ml/data/raw/mendeley/Gray Leaf Spot/GrayLeafSpot061.jpg,Gray Leaf Spot
/home/sivabharathi/Documents/FinalYearProject/CocoCare/ml/data/raw/mendeley/Leaf Rot/LeafRot1270.jpg,Leaf Rot
/home/sivabharathi/Documents/FinalYearProject/CocoCare/ml/data/raw/mendeley/Gray Leaf Spot/GrayLeafSpot947.jpg,Gray Leaf Spot
/home/sivabharathi/Documents/FinalYearProject/CocoCare/ml/data/raw/mendeley/Bud Rot/BudRot209.jpg,Bud Rot
/home/sivabharathi/Documents/FinalYearProject/CocoCare/ml/data/raw/mendeley/Gray Leaf Spot/GrayLeafSpot1421.jpg,Gray Leaf Spot
/home/sivabharathi/Documents/FinalYearProject/CocoCare/ml/data/raw/mendeley/Gray Leaf Spot/GrayLeafSpot1801.jpg,Gray Leaf Spot
/home/sivabharathi/Documents/FinalYearProject/CocoCare/ml/data/raw/mendeley/Stem Bleeding/StemBleeding564.jpg,Stem Bleeding
/home/sivabharathi/Documents/FinalYearProject/CocoCare/ml/data/raw/mendeley/Leaf Rot/LeafRot1079.jpg,Leaf Rot
/home/sivabharathi/Documents/FinalYearProject/CocoCare/ml/data/raw/mendeley/Bud Root Dropping/BudRootDropping094.jpg,Bud Root Dropping
/home/sivabharathi/Documents/FinalYearProject/CocoCare/ml/data/raw/mendeley/Bud Root Dropping/BudRootDropping230.jpg,Bud Root Dropping
/home/sivabharathi/Documents/FinalYearProject/CocoCare/ml/data/raw/mendeley/Gray Leaf Spot/GrayLeafSpot692.jpg,Gray Leaf Spot
/home/sivabharathi/Documents/FinalYearProject/CocoCare/ml/data/raw/mendeley/Leaf Rot/LeafRot1267.jpg,Leaf Rot
/home/sivabharathi/Documents/FinalYearProject/CocoCare/ml/data/raw/mendeley/Leaf Rot/LeafRot1516.jpg,Leaf Rot
/home/sivabharathi/Documents/FinalYearProject/CocoCare/ml/data/raw/mendeley/Leaf Rot/LeafRot749.jpg,Leaf Rot
/home/sivabharathi/Documents/FinalYearProject/CocoCare/ml/data/raw/mendeley/Gray Leaf Spot/GrayLeafSpot1231.jpg,Gray Leaf Spot
/home/sivabharathi/Documents/FinalYearProject/CocoCare/ml/data/raw/mendeley/Stem Bleeding/StemBleeding962.jpg,Stem Bleeding
/home/sivabharathi/Documents/FinalYearProject/CocoCare/ml/data/raw/mendeley/Bud Root Dropping/BudRootDropping427.jpg,Bud Root Dropping
/home/sivabharathi/Documents/FinalYearProject/CocoCare/ml/data/raw/mendeley/Leaf Rot/LeafRot1487.jpg,Leaf Rot
/home/sivabharathi/Documents/FinalYearProject/CocoCare/ml/data/raw/mendeley/Bud Rot/BudRot204.jpg,Bud Rot
/home/sivabharathi/Documents/FinalYearProject/CocoCare/ml/data/raw/mendeley/Stem Bleeding/StemBleeding514.jpg,Stem Bleeding
/home/sivabharathi/Documents/FinalYearProject/CocoCare/ml/data/raw/mendeley/Bud Rot/BudRot109.jpg,Bud Rot
/home/sivabharathi/Documents/FinalYearProject/CocoCare/ml/data/raw/mendeley/Gray Leaf Spot/GrayLeafSpot1628.jpg,Gray Leaf Spot
/home/sivabharathi/Documents/FinalYearProject/CocoCare/ml/data/raw/mendeley/Stem Bleeding/StemBleeding719.jpg,Stem Bleeding
/home/sivabharathi/Documents/FinalYearProject/CocoCare/ml/data/raw/mendeley/Leaf Rot/LeafRot468.jpg,Leaf Rot
/home/sivabharathi/Documents/FinalYearProject/CocoCare/ml/data/raw/mendeley/Gray Leaf Spot/GrayLeafSpot400.jpg,Gray Leaf Spot
/home/sivabharathi/Documents/FinalYearProject/CocoCare/ml/data/raw/mendeley/Stem Bleeding/StemBleeding725.jpg,Stem Bleeding
/home/sivabharathi/Documents/FinalYearProject/CocoCare/ml/data/raw/mendeley/Bud Root Dropping/BudRootDropping380.jpg,Bud Root Dropping
/home/sivabharathi/Documents/FinalYearProject/CocoCare/ml/data/raw/mendeley/Gray Leaf Spot/GrayLeafSpot755.jpg,Gray Leaf Spot
/home/sivabharathi/Documents/FinalYearProject/CocoCare/ml/data/raw/mendeley/Gray Leaf Spot/GrayLeafSpot341.jpg,Gray Leaf Spot
/home/sivabharathi/Documents/FinalYearProject/CocoCare/ml/data/raw/mendeley/Leaf Rot/LeafRot1027.jpg,Leaf Rot
/home/sivabharathi/Documents/FinalYearProject/CocoCare/ml/data/raw/mendeley/Bud Rot/BudRot047.jpg,Bud Rot
/home/sivabharathi/Documents/FinalYearProject/CocoCare/ml/data/raw/mendeley/Gray Leaf Spot/GrayLeafSpot156.jpg,Gray Leaf Spot
/home/sivabharathi/Documents/FinalYearProject/CocoCare/ml/data/raw/mendeley/Leaf Rot/LeafRot628.jpg,Leaf Rot
/home/sivabharathi/Documents/FinalYearProject/CocoCare/ml/data/raw/mendeley/Gray Leaf Spot/GrayLeafSpot423.jpg,Gray Leaf Spot
/home/sivabharathi/Documents/FinalYearProject/CocoCare/ml/data/raw/mendeley/Leaf Rot/LeafRot1469.jpg,Leaf Rot
/home/sivabharathi/Documents/FinalYearProject/CocoCare/ml/data/raw/mendeley/Gray Leaf Spot/GrayLeafSpot889.jpg,Gray Leaf Spot
/home/sivabharathi/Documents/FinalYearProject/CocoCare/ml/data/raw/mendeley/Bud Root Dropping/BudRootDropping422.jpg,Bud Root Dropping
/home/sivabharathi/Documents/FinalYearProject/CocoCare/ml/data/raw/mendeley/Leaf Rot/LeafRot592.jpg,Leaf Rot
/home/sivabharathi/Documents/FinalYearProject/CocoCare/ml/data/raw/mendeley/Leaf Rot/LeafRot1276.jpg,Leaf Rot
/home/sivabharathi/Documents/FinalYearProject/CocoCare/ml/data/raw/mendeley/Gray Leaf Spot/GrayLeafSpot609.jpg,Gray Leaf Spot
/home/sivabharathi/Documents/FinalYearProject/CocoCare/ml/data/raw/mendeley/Stem Bleeding/StemBleeding691.jpg,Stem Bleeding
/home/sivabharathi/Documents/FinalYearProject/CocoCare/ml/data/raw/mendeley/Stem Bleeding/StemBleeding117.jpg,Stem Bleeding
/home/sivabharathi/Documents/FinalYearProject/CocoCare/ml/data/raw/mendeley/Bud Root Dropping/BudRootDropping456.jpg,Bud Root Dropping
/home/sivabharathi/Documents/FinalYearProject/CocoCare/ml/data/raw/mendeley/Gray Leaf Spot/GrayLeafSpot1161.jpg,Gray Leaf Spot
/home/sivabharathi/Documents/FinalYearProject/CocoCare/ml/data/raw/mendeley/Stem Bleeding/StemBleeding319.jpg,Stem Bleeding
/home/sivabharathi/Documents/FinalYearProject/CocoCare/ml/data/raw/mendeley/Stem Bleeding/StemBleeding124.jpg,Stem Bleeding
/home/sivabharathi/Documents/FinalYearProject/CocoCare/ml/data/raw/mendeley/Stem Bleeding/StemBleeding152.jpg,Stem Bleeding
/home/sivabharathi/Documents/FinalYearProject/CocoCare/ml/data/raw/mendeley/Stem Bleeding/StemBleeding491.jpg,Stem Bleeding
/home/sivabharathi/Documents/FinalYearProject/CocoCare/ml/data/raw/mendeley/Gray Leaf Spot/GrayLeafSpot298.jpg,Gray Leaf Spot
/home/sivabharathi/Documents/FinalYearProject/CocoCare/ml/data/raw/mendeley/Leaf Rot/LeafRot776.jpg,Leaf Rot
/home/sivabharathi/Documents/FinalYearProject/CocoCare/ml/data/raw/mendeley/Stem Bleeding/StemBleeding651.jpg,Stem Bleeding
/home/sivabharathi/Documents/FinalYearProject/CocoCare/ml/data/raw/mendeley/Gray Leaf Spot/GrayLeafSpot897.jpg,Gray Leaf Spot
/home/sivabharathi/Documents/FinalYearProject/CocoCare/ml/data/raw/mendeley/Leaf Rot/LeafRot291.jpg,Leaf Rot
/home/sivabharathi/Documents/FinalYearProject/CocoCare/ml/data/raw/mendeley/Gray Leaf Spot/GrayLeafSpot130.jpg,Gray Leaf Spot
/home/sivabharathi/Documents/FinalYearProject/CocoCare/ml/data/raw/mendeley/Stem Bleeding/StemBleeding386.jpg,Stem Bleeding
/home/sivabharathi/Documents/FinalYearProject/CocoCare/ml/data/raw/mendeley/Leaf Rot/LeafRot1522.jpg,Leaf Rot
/home/sivabharathi/Documents/FinalYearProject/CocoCare/ml/data/raw/mendeley/Bud Root Dropping/BudRootDropping295.jpg,Bud Root Dropping
/home/sivabharathi/Documents/FinalYearProject/CocoCare/ml/data/raw/mendeley/Gray Leaf Spot/GrayLeafSpot900.jpg,Gray Leaf Spot
/home/sivabharathi/Documents/FinalYearProject/CocoCare/ml/data/raw/mendeley/Gray Leaf Spot/GrayLeafSpot1057.jpg,Gray Leaf Spot
/home/sivabharathi/Documents/FinalYearProject/CocoCare/ml/data/raw/mendeley/Stem Bleeding/StemBleeding148.jpg,Stem Bleeding
/home/sivabharathi/Documents/FinalYearProject/CocoCare/ml/data/raw/mendeley/Bud Root Dropping/BudRootDropping103.jpg,Bud Root Dropping
/home/sivabharathi/Documents/FinalYearProject/CocoCare/ml/data/raw/mendeley/Bud Rot/BudRot265.jpg,Bud Rot
/home/sivabharathi/Documents/FinalYearProject/CocoCare/ml/data/raw/mendeley/Leaf Rot/LeafRot1045.jpg,Leaf Rot
/home/sivabharathi/Documents/FinalYearProject/CocoCare/ml/data/raw/mendeley/Stem Bleeding/StemBleeding043.jpg,Stem Bleeding
/home/sivabharathi/Documents/FinalYearProject/CocoCare/ml/data/raw/mendeley/Gray Leaf Spot/GrayLeafSpot240.jpg,Gray Leaf Spot
/home/sivabharathi/Documents/FinalYearProject/CocoCare/ml/data/raw/mendeley/Gray Leaf Spot/GrayLeafSpot069.jpg,Gray Leaf Spot
/home/sivabharathi/Documents/FinalYearProject/CocoCare/ml/data/raw/mendeley/Leaf Rot/LeafRot954.jpg,Leaf Rot
/home/sivabharathi/Documents/FinalYearProject/CocoCare/ml/data/raw/mendeley/Gray Leaf Spot/GrayLeafSpot937.jpg,Gray Leaf Spot
/home/sivabharathi/Documents/FinalYearProject/CocoCare/ml/data/raw/mendeley/Bud Rot/BudRot146.jpg,Bud Rot
/home/sivabharathi/Documents/FinalYearProject/CocoCare/ml/data/raw/mendeley/Leaf Rot/LeafRot202.jpg,Leaf Rot
/home/sivabharathi/Documents/FinalYearProject/CocoCare/ml/data/raw/mendeley/Leaf Rot/LeafRot565.jpg,Leaf Rot
/home/sivabharathi/Documents/FinalYearProject/CocoCare/ml/data/raw/mendeley/Gray Leaf Spot/GrayLeafSpot1637.jpg,Gray Leaf Spot
/home/sivabharathi/Documents/FinalYearProject/CocoCare/ml/data/raw/mendeley/Bud Rot/BudRot386.jpg,Bud Rot
/home/sivabharathi/Documents/FinalYearProject/CocoCare/ml/data/raw/mendeley/Stem Bleeding/StemBleeding653.jpg,Stem Bleeding
/home/sivabharathi/Documents/FinalYearProject/CocoCare/ml/data/raw/mendeley/Leaf Rot/LeafRot1341.jpg,Leaf Rot
/home/sivabharathi/Documents/FinalYearProject/CocoCare/ml/data/raw/mendeley/Leaf Rot/LeafRot623.jpg,Leaf Rot
/home/sivabharathi/Documents/FinalYearProject/CocoCare/ml/data/raw/mendeley/Bud Root Dropping/BudRootDropping378.jpg,Bud Root Dropping
/home/sivabharathi/Documents/FinalYearProject/CocoCare/ml/data/raw/mendeley/Gray Leaf Spot/GrayLeafSpot1085.jpg,Gray Leaf Spot
/home/sivabharathi/Documents/FinalYearProject/CocoCare/ml/data/raw/mendeley/Gray Leaf Spot/GrayLeafSpot1950.jpg,Gray Leaf Spot
/home/sivabharathi/Documents/FinalYearProject/CocoCare/ml/data/raw/mendeley/Stem Bleeding/StemBleeding774.jpg,Stem Bleeding
/home/sivabharathi/Documents/FinalYearProject/CocoCare/ml/data/raw/mendeley/Gray Leaf Spot/GrayLeafSpot446.jpg,Gray Leaf Spot
/home/sivabharathi/Documents/FinalYearProject/CocoCare/ml/data/raw/mendeley/Leaf Rot/LeafRot237.jpg,Leaf Rot
/home/sivabharathi/Documents/FinalYearProject/CocoCare/ml/data/raw/mendeley/Leaf Rot/LeafRot1364.jpg,Leaf Rot
/home/sivabharathi/Documents/FinalYearProject/CocoCare/ml/data/raw/mendeley/Stem Bleeding/StemBleeding696.jpg,Stem Bleeding
/home/sivabharathi/Documents/FinalYearProject/CocoCare/ml/data/raw/mendeley/Bud Root Dropping/BudRootDropping495.jpg,Bud Root Dropping
/home/sivabharathi/Documents/FinalYearProject/CocoCare/ml/data/raw/mendeley/Gray Leaf Spot/GrayLeafSpot444.jpg,Gray Leaf Spot
/home/sivabharathi/Documents/FinalYearProject/CocoCare/ml/data/raw/mendeley/Bud Root Dropping/BudRootDropping231.jpg,Bud Root Dropping
/home/sivabharathi/Documents/FinalYearProject/CocoCare/ml/data/raw/mendeley/Bud Root Dropping/BudRootDropping095.jpg,Bud Root Dropping
/home/sivabharathi/Documents/FinalYearProject/CocoCare/ml/data/raw/mendeley/Gray Leaf Spot/GrayLeafSpot071.jpg,Gray Leaf Spot
/home/sivabharathi/Documents/FinalYearProject/CocoCare/ml/data/raw/mendeley/Stem Bleeding/StemBleeding894.jpg,Stem Bleeding
/home/sivabharathi/Documents/FinalYearProject/CocoCare/ml/data/raw/mendeley/Gray Leaf Spot/GrayLeafSpot415.jpg,Gray Leaf Spot
/home/sivabharathi/Documents/FinalYearProject/CocoCare/ml/data/raw/mendeley/Gray Leaf Spot/GrayLeafSpot1641.jpg,Gray Leaf Spot
/home/sivabharathi/Documents/FinalYearProject/CocoCare/ml/data/raw/mendeley/Leaf Rot/LeafRot974.jpg,Leaf Rot
/home/sivabharathi/Documents/FinalYearProject/CocoCare/ml/data/raw/mendeley/Gray Leaf Spot/GrayLeafSpot759.jpg,Gray Leaf Spot
/home/sivabharathi/Documents/FinalYearProject/CocoCare/ml/data/raw/mendeley/Gray Leaf Spot/GrayLeafSpot523.jpg,Gray Leaf Spot
/home/sivabharathi/Documents/FinalYearProject/CocoCare/ml/data/raw/mendeley/Gray Leaf Spot/GrayLeafSpot1754.jpg,Gray Leaf Spot
/home/sivabharathi/Documents/FinalYearProject/CocoCare/ml/data/raw/mendeley/Gray Leaf Spot/GrayLeafSpot397.jpg,Gray Leaf Spot
/home/sivabharathi/Documents/FinalYearProject/CocoCare/ml/data/raw/mendeley/Stem Bleeding/StemBleeding942.jpg,Stem Bleeding
/home/sivabharathi/Documents/FinalYearProject/CocoCare/ml/data/raw/mendeley/Gray Leaf Spot/GrayLeafSpot702.jpg,Gray Leaf Spot
/home/sivabharathi/Documents/FinalYearProject/CocoCare/ml/data/raw/mendeley/Leaf Rot/LeafRot980.jpg,Leaf Rot
/home/sivabharathi/Documents/FinalYearProject/CocoCare/ml/data/raw/mendeley/Leaf Rot/LeafRot1433.jpg,Leaf Rot
/home/sivabharathi/Documents/FinalYearProject/CocoCare/ml/data/raw/mendeley/Gray Leaf Spot/GrayLeafSpot665.jpg,Gray Leaf Spot
/home/sivabharathi/Documents/FinalYearProject/CocoCare/ml/data/raw/mendeley/Gray Leaf Spot/GrayLeafSpot1318.jpg,Gray Leaf Spot
/home/sivabharathi/Documents/FinalYearProject/CocoCare/ml/data/raw/mendeley/Stem Bleeding/StemBleeding917.jpg,Stem Bleeding
/home/sivabharathi/Documents/FinalYearProject/CocoCare/ml/data/raw/mendeley/Stem Bleeding/StemBleeding200.jpg,Stem Bleeding
/home/sivabharathi/Documents/FinalYearProject/CocoCare/ml/data/raw/mendeley/Gray Leaf Spot/GrayLeafSpot1854.jpg,Gray Leaf Spot
/home/sivabharathi/Documents/FinalYearProject/CocoCare/ml/data/raw/mendeley/Gray Leaf Spot/GrayLeafSpot541.jpg,Gray Leaf Spot
/home/sivabharathi/Documents/FinalYearProject/CocoCare/ml/data/raw/mendeley/Gray Leaf Spot/GrayLeafSpot1750.jpg,Gray Leaf Spot
/home/sivabharathi/Documents/FinalYearProject/CocoCare/ml/data/raw/mendeley/Leaf Rot/LeafRot521.jpg,Leaf Rot
/home/sivabharathi/Documents/FinalYearProject/CocoCare/ml/data/raw/mendeley/Stem Bleeding/StemBleeding970.jpg,Stem Bleeding
/home/sivabharathi/Documents/FinalYearProject/CocoCare/ml/data/raw/mendeley/Gray Leaf Spot/GrayLeafSpot908.jpg,Gray Leaf Spot
/home/sivabharathi/Documents/FinalYearProject/CocoCare/ml/data/raw/mendeley/Stem Bleeding/StemBleeding333.jpg,Stem Bleeding
/home/sivabharathi/Documents/FinalYearProject/CocoCare/ml/data/raw/mendeley/Stem Bleeding/StemBleeding824.jpg,Stem Bleeding
/home/sivabharathi/Documents/FinalYearProject/CocoCare/ml/data/raw/mendeley/Gray Leaf Spot/GrayLeafSpot2001.jpg,Gray Leaf Spot
/home/sivabharathi/Documents/FinalYearProject/CocoCare/ml/data/raw/mendeley/Gray Leaf Spot/GrayLeafSpot1364.jpg,Gray Leaf Spot
/home/sivabharathi/Documents/FinalYearProject/CocoCare/ml/data/raw/mendeley/Stem Bleeding/StemBleeding181.jpg,Stem Bleeding
/home/sivabharathi/Documents/FinalYearProject/CocoCare/ml/data/raw/mendeley/Bud Rot/BudRot402.jpg,Bud Rot
/home/sivabharathi/Documents/FinalYearProject/CocoCare/ml/data/raw/mendeley/Bud Rot/BudRot394.jpg,Bud Rot
/home/sivabharathi/Documents/FinalYearProject/CocoCare/ml/data/raw/mendeley/Gray Leaf Spot/GrayLeafSpot771.jpg,Gray Leaf Spot
/home/sivabharathi/Documents/FinalYearProject/CocoCare/ml/data/raw/mendeley/Gray Leaf Spot/GrayLeafSpot148.jpg,Gray Leaf Spot
/home/sivabharathi/Documents/FinalYearProject/CocoCare/ml/data/raw/mendeley/Bud Root Dropping/BudRootDropping372.jpg,Bud Root Dropping
/home/sivabharathi/Documents/FinalYearProject/CocoCare/ml/data/raw/mendeley/Bud Rot/BudRot415.jpg,Bud Rot
/home/sivabharathi/Documents/FinalYearProject/CocoCare/ml/data/raw/mendeley/Gray Leaf Spot/GrayLeafSpot1531.jpg,Gray Leaf Spot
/home/sivabharathi/Documents/FinalYearProject/CocoCare/ml/data/raw/mendeley/Gray Leaf Spot/GrayLeafSpot1003.jpg,Gray Leaf Spot
/home/sivabharathi/Documents/FinalYearProject/CocoCare/ml/data/raw/mendeley/Gray Leaf Spot/GrayLeafSpot1931.jpg,Gray Leaf Spot
/home/sivabharathi/Documents/FinalYearProject/CocoCare/ml/data/raw/mendeley/Gray Leaf Spot/GrayLeafSpot1476.jpg,Gray Leaf Spot
/home/sivabharathi/Documents/FinalYearProject/CocoCare/ml/data/raw/mendeley/Leaf Rot/LeafRot391.jpg,Leaf Rot
/home/sivabharathi/Documents/FinalYearProject/CocoCare/ml/data/raw/mendeley/Leaf Rot/LeafRot325.jpg,Leaf Rot
/home/sivabharathi/Documents/FinalYearProject/CocoCare/ml/data/raw/mendeley/Gray Leaf Spot/GrayLeafSpot1653.jpg,Gray Leaf Spot
/home/sivabharathi/Documents/FinalYearProject/CocoCare/ml/data/raw/mendeley/Gray Leaf Spot/GrayLeafSpot1925.jpg,Gray Leaf Spot
/home/sivabharathi/Documents/FinalYearProject/CocoCare/ml/data/raw/mendeley/Gray Leaf Spot/GrayLeafSpot269.jpg,Gray Leaf Spot
/home/sivabharathi/Documents/FinalYearProject/CocoCare/ml/data/raw/mendeley/Stem Bleeding/StemBleeding061.jpg,Stem Bleeding
/home/sivabharathi/Documents/FinalYearProject/CocoCare/ml/data/raw/mendeley/Leaf Rot/LeafRot1308.jpg,Leaf Rot
/home/sivabharathi/Documents/FinalYearProject/CocoCare/ml/data/raw/mendeley/Bud Root Dropping/BudRootDropping153.jpg,Bud Root Dropping
/home/sivabharathi/Documents/FinalYearProject/CocoCare/ml/data/raw/mendeley/Gray Leaf Spot/GrayLeafSpot725.jpg,Gray Leaf Spot
/home/sivabharathi/Documents/FinalYearProject/CocoCare/ml/data/raw/mendeley/Gray Leaf Spot/GrayLeafSpot1362.jpg,Gray Leaf Spot
/home/sivabharathi/Documents/FinalYearProject/CocoCare/ml/data/raw/mendeley/Leaf Rot/LeafRot722.jpg,Leaf Rot
/home/sivabharathi/Documents/FinalYearProject/CocoCare/ml/data/raw/mendeley/Leaf Rot/LeafRot759.jpg,Leaf Rot
/home/sivabharathi/Documents/FinalYearProject/CocoCare/ml/data/raw/mendeley/Gray Leaf Spot/GrayLeafSpot827.jpg,Gray Leaf Spot
/home/sivabharathi/Documents/FinalYearProject/CocoCare/ml/data/raw/mendeley/Leaf Rot/LeafRot792.jpg,Leaf Rot
/home/sivabharathi/Documents/FinalYearProject/CocoCare/ml/data/raw/mendeley/Bud Root Dropping/BudRootDropping067.jpg,Bud Root Dropping
/home/sivabharathi/Documents/FinalYearProject/CocoCare/ml/data/raw/mendeley/Leaf Rot/LeafRot1221.jpg,Leaf Rot
/home/sivabharathi/Documents/FinalYearProject/CocoCare/ml/data/raw/mendeley/Leaf Rot/LeafRot677.jpg,Leaf Rot
/home/sivabharathi/Documents/FinalYearProject/CocoCare/ml/data/raw/mendeley/Leaf Rot/LeafRot706.jpg,Leaf Rot
/home/sivabharathi/Documents/FinalYearProject/CocoCare/ml/data/raw/mendeley/Bud Root Dropping/BudRootDropping129.jpg,Bud Root Dropping
/home/sivabharathi/Documents/FinalYearProject/CocoCare/ml/data/raw/mendeley/Stem Bleeding/StemBleeding471.jpg,Stem Bleeding
/home/sivabharathi/Documents/FinalYearProject/CocoCare/ml/data/raw/mendeley/Stem Bleeding/StemBleeding799.jpg,Stem Bleeding
/home/sivabharathi/Documents/FinalYearProject/CocoCare/ml/data/raw/mendeley/Stem Bleeding/StemBleeding596.jpg,Stem Bleeding
/home/sivabharathi/Documents/FinalYearProject/CocoCare/ml/data/raw/mendeley/Leaf Rot/LeafRot399.jpg,Leaf Rot
/home/sivabharathi/Documents/FinalYearProject/CocoCare/ml/data/raw/mendeley/Leaf Rot/LeafRot254.jpg,Leaf Rot
/home/sivabharathi/Documents/FinalYearProject/CocoCare/ml/data/raw/mendeley/Stem Bleeding/StemBleeding094.jpg,Stem Bleeding
/home/sivabharathi/Documents/FinalYearProject/CocoCare/ml/data/raw/mendeley/Gray Leaf Spot/GrayLeafSpot1543.jpg,Gray Leaf Spot
/home/sivabharathi/Documents/FinalYearProject/CocoCare/ml/data/raw/mendeley/Stem Bleeding/StemBleeding083.jpg,Stem Bleeding
/home/sivabharathi/Documents/FinalYearProject/CocoCare/ml/data/raw/mendeley/Bud Rot/BudRot226.jpg,Bud Rot
/home/sivabharathi/Documents/FinalYearProject/CocoCare/ml/data/raw/mendeley/Leaf Rot/LeafRot351.jpg,Leaf Rot
/home/sivabharathi/Documents/FinalYearProject/CocoCare/ml/data/raw/mendeley/Bud Root Dropping/BudRootDropping332.jpg,Bud Root Dropping
/home/sivabharathi/Documents/FinalYearProject/CocoCare/ml/data/raw/mendeley/Leaf Rot/LeafRot1203.jpg,Leaf Rot
/home/sivabharathi/Documents/FinalYearProject/CocoCare/ml/data/raw/mendeley/Stem Bleeding/StemBleeding041.jpg,Stem Bleeding
/home/sivabharathi/Documents/FinalYearProject/CocoCare/ml/data/raw/mendeley/Gray Leaf Spot/GrayLeafSpot396.jpg,Gray Leaf Spot
/home/sivabharathi/Documents/FinalYearProject/CocoCare/ml/data/raw/mendeley/Bud Root Dropping/BudRootDropping356.jpg,Bud Root Dropping
/home/sivabharathi/Documents/FinalYearProject/CocoCare/ml/data/raw/mendeley/Stem Bleeding/StemBleeding114.jpg,Stem Bleeding
/home/sivabharathi/Documents/FinalYearProject/CocoCare/ml/data/raw/mendeley/Gray Leaf Spot/GrayLeafSpot2101.jpg,Gray Leaf Spot
/home/sivabharathi/Documents/FinalYearProject/CocoCare/ml/data/raw/mendeley/Leaf Rot/LeafRot096.jpg,Leaf Rot
/home/sivabharathi/Documents/FinalYearProject/CocoCare/ml/data/raw/mendeley/Stem Bleeding/StemBleeding716.jpg,Stem Bleeding
/home/sivabharathi/Documents/FinalYearProject/CocoCare/ml/data/raw/mendeley/Gray Leaf Spot/GrayLeafSpot212.jpg,Gray Leaf Spot
/home/sivabharathi/Documents/FinalYearProject/CocoCare/ml/data/raw/mendeley/Stem Bleeding/StemBleeding753.jpg,Stem Bleeding
/home/sivabharathi/Documents/FinalYearProject/CocoCare/ml/data/raw/mendeley/Gray Leaf Spot/GrayLeafSpot1751.jpg,Gray Leaf Spot
/home/sivabharathi/Documents/FinalYearProject/CocoCare/ml/data/raw/mendeley/Leaf Rot/LeafRot1155.jpg,Leaf Rot
/home/sivabharathi/Documents/FinalYearProject/CocoCare/ml/data/raw/mendeley/Gray Leaf Spot/GrayLeafSpot949.jpg,Gray Leaf Spot
/home/sivabharathi/Documents/FinalYearProject/CocoCare/ml/data/raw/mendeley/Leaf Rot/LeafRot1047.jpg,Leaf Rot
/home/sivabharathi/Documents/FinalYearProject/CocoCare/ml/data/raw/mendeley/Gray Leaf Spot/GrayLeafSpot878.jpg,Gray Leaf Spot
/home/sivabharathi/Documents/FinalYearProject/CocoCare/ml/data/raw/mendeley/Stem Bleeding/StemBleeding186.jpg,Stem Bleeding
/home/sivabharathi/Documents/FinalYearProject/CocoCare/ml/data/raw/mendeley/Leaf Rot/LeafRot292.jpg,Leaf Rot
/home/sivabharathi/Documents/FinalYearProject/CocoCare/ml/data/raw/mendeley/Bud Rot/BudRot200.jpg,Bud Rot
/home/sivabharathi/Documents/FinalYearProject/CocoCare/ml/data/raw/mendeley/Leaf Rot/LeafRot281.jpg,Leaf Rot
/home/sivabharathi/Documents/FinalYearProject/CocoCare/ml/data/raw/mendeley/Bud Rot/BudRot390.jpg,Bud Rot
/home/sivabharathi/Documents/FinalYearProject/CocoCare/ml/data/raw/mendeley/Gray Leaf Spot/GrayLeafSpot1569.jpg,Gray Leaf Spot
/home/sivabharathi/Documents/FinalYearProject/CocoCare/ml/data/raw/mendeley/Bud Root Dropping/BudRootDropping236.jpg,Bud Root Dropping
/home/sivabharathi/Documents/FinalYearProject/CocoCare/ml/data/raw/mendeley/Stem Bleeding/StemBleeding413.jpg,Stem Bleeding
/home/sivabharathi/Documents/FinalYearProject/CocoCare/ml/data/raw/mendeley/Gray Leaf Spot/GrayLeafSpot371.jpg,Gray Leaf Spot
/home/sivabharathi/Documents/FinalYearProject/CocoCare/ml/data/raw/mendeley/Stem Bleeding/StemBleeding823.jpg,Stem Bleeding
/home/sivabharathi/Documents/FinalYearProject/CocoCare/ml/data/raw/mendeley/Gray Leaf Spot/GrayLeafSpot813.jpg,Gray Leaf Spot
/home/sivabharathi/Documents/FinalYearProject/CocoCare/ml/data/raw/mendeley/Bud Rot/BudRot035.jpg,Bud Rot
/home/sivabharathi/Documents/FinalYearProject/CocoCare/ml/data/raw/mendeley/Bud Root Dropping/BudRootDropping011.jpg,Bud Root Dropping
/home/sivabharathi/Documents/FinalYearProject/CocoCare/ml/data/raw/mendeley/Leaf Rot/LeafRot764.jpg,Leaf Rot
/home/sivabharathi/Documents/FinalYearProject/CocoCare/ml/data/raw/mendeley/Stem Bleeding/StemBleeding101.jpg,Stem Bleeding
/home/sivabharathi/Documents/FinalYearProject/CocoCare/ml/data/raw/mendeley/Bud Root Dropping/BudRootDropping076.jpg,Bud Root Dropping
/home/sivabharathi/Documents/FinalYearProject/CocoCare/ml/data/raw/mendeley/Gray Leaf Spot/GrayLeafSpot500.jpg,Gray Leaf Spot
/home/sivabharathi/Documents/FinalYearProject/CocoCare/ml/data/raw/mendeley/Bud Rot/BudRot426.jpg,Bud Rot
/home/sivabharathi/Documents/FinalYearProject/CocoCare/ml/data/raw/mendeley/Leaf Rot/LeafRot568.jpg,Leaf Rot
/home/sivabharathi/Documents/FinalYearProject/CocoCare/ml/data/raw/mendeley/Gray Leaf Spot/GrayLeafSpot1494.jpg,Gray Leaf Spot
/home/sivabharathi/Documents/FinalYearProject/CocoCare/ml/data/raw/mendeley/Leaf Rot/LeafRot644.jpg,Leaf Rot
/home/sivabharathi/Documents/FinalYearProject/CocoCare/ml/data/raw/mendeley/Bud Root Dropping/BudRootDropping313.jpg,Bud Root Dropping
/home/sivabharathi/Documents/FinalYearProject/CocoCare/ml/data/raw/mendeley/Gray Leaf Spot/GrayLeafSpot1375.jpg,Gray Leaf Spot
/home/sivabharathi/Documents/FinalYearProject/CocoCare/ml/data/raw/mendeley/Gray Leaf Spot/GrayLeafSpot1297.jpg,Gray Leaf Spot
/home/sivabharathi/Documents/FinalYearProject/CocoCare/ml/data/raw/mendeley/Leaf Rot/LeafRot1563.jpg,Leaf Rot
/home/sivabharathi/Documents/FinalYearProject/CocoCare/ml/data/raw/mendeley/Stem Bleeding/StemBleeding978.jpg,Stem Bleeding
/home/sivabharathi/Documents/FinalYearProject/CocoCare/ml/data/raw/mendeley/Leaf Rot/LeafRot1195.jpg,Leaf Rot
/home/sivabharathi/Documents/FinalYearProject/CocoCare/ml/data/raw/mendeley/Gray Leaf Spot/GrayLeafSpot193.jpg,Gray Leaf Spot
/home/sivabharathi/Documents/FinalYearProject/CocoCare/ml/data/raw/mendeley/Leaf Rot/LeafRot1600.jpg,Leaf Rot
/home/sivabharathi/Documents/FinalYearProject/CocoCare/ml/data/raw/mendeley/Bud Root Dropping/BudRootDropping386.jpg,Bud Root Dropping
/home/sivabharathi/Documents/FinalYearProject/CocoCare/ml/data/raw/mendeley/Gray Leaf Spot/GrayLeafSpot1904.jpg,Gray Leaf Spot
/home/sivabharathi/Documents/FinalYearProject/CocoCare/ml/data/raw/mendeley/Gray Leaf Spot/GrayLeafSpot437.jpg,Gray Leaf Spot
/home/sivabharathi/Documents/FinalYearProject/CocoCare/ml/data/raw/mendeley/Gray Leaf Spot/GrayLeafSpot1875.jpg,Gray Leaf Spot
/home/sivabharathi/Documents/FinalYearProject/CocoCare/ml/data/raw/mendeley/Stem Bleeding/StemBleeding435.jpg,Stem Bleeding
/home/sivabharathi/Documents/FinalYearProject/CocoCare/ml/data/raw/mendeley/Leaf Rot/LeafRot1184.jpg,Leaf Rot
/home/sivabharathi/Documents/FinalYearProject/CocoCare/ml/data/raw/mendeley/Bud Root Dropping/BudRootDropping186.jpg,Bud Root Dropping
/home/sivabharathi/Documents/FinalYearProject/CocoCare/ml/data/raw/mendeley/Leaf Rot/LeafRot1172.jpg,Leaf Rot
/home/sivabharathi/Documents/FinalYearProject/CocoCare/ml/data/raw/mendeley/Gray Leaf Spot/GrayLeafSpot1203.jpg,Gray Leaf Spot
/home/sivabharathi/Documents/FinalYearProject/CocoCare/ml/data/raw/mendeley/Bud Rot/BudRot372.jpg,Bud Rot
/home/sivabharathi/Documents/FinalYearProject/CocoCare/ml/data/raw/mendeley/Stem Bleeding/StemBleeding015.jpg,Stem Bleeding
/home/sivabharathi/Documents/FinalYearProject/CocoCare/ml/data/raw/mendeley/Leaf Rot/LeafRot152.jpg,Leaf Rot
/home/sivabharathi/Documents/FinalYearProject/CocoCare/ml/data/raw/mendeley/Leaf Rot/LeafRot708.jpg,Leaf Rot
/home/sivabharathi/Documents/FinalYearProject/CocoCare/ml/data/raw/mendeley/Gray Leaf Spot/GrayLeafSpot1967.jpg,Gray Leaf Spot
/home/sivabharathi/Documents/FinalYearProject/CocoCare/ml/data/raw/mendeley/Gray Leaf Spot/GrayLeafSpot1276.jpg,Gray Leaf Spot
/home/sivabharathi/Documents/FinalYearProject/CocoCare/ml/data/raw/mendeley/Leaf Rot/LeafRot1481.jpg,Leaf Rot
/home/sivabharathi/Documents/FinalYearProject/CocoCare/ml/data/raw/mendeley/Gray Leaf Spot/GrayLeafSpot1076.jpg,Gray Leaf Spot
/home/sivabharathi/Documents/FinalYearProject/CocoCare/ml/data/raw/mendeley/Gray Leaf Spot/GrayLeafSpot2122.jpg,Gray Leaf Spot
/home/sivabharathi/Documents/FinalYearProject/CocoCare/ml/data/raw/mendeley/Gray Leaf Spot/GrayLeafSpot1941.jpg,Gray Leaf Spot
/home/sivabharathi/Documents/FinalYearProject/CocoCare/ml/data/raw/mendeley/Gray Leaf Spot/GrayLeafSpot1435.jpg,Gray Leaf Spot
/home/sivabharathi/Documents/FinalYearProject/CocoCare/ml/data/raw/mendeley/Gray Leaf Spot/GrayLeafSpot642.jpg,Gray Leaf Spot
/home/sivabharathi/Documents/FinalYearProject/CocoCare/ml/data/raw/mendeley/Leaf Rot/LeafRot1464.jpg,Leaf Rot
/home/sivabharathi/Documents/FinalYearProject/CocoCare/ml/data/raw/mendeley/Gray Leaf Spot/GrayLeafSpot579.jpg,Gray Leaf Spot
/home/sivabharathi/Documents/FinalYearProject/CocoCare/ml/data/raw/mendeley/Gray Leaf Spot/GrayLeafSpot073.jpg,Gray Leaf Spot
/home/sivabharathi/Documents/FinalYearProject/CocoCare/ml/data/raw/mendeley/Gray Leaf Spot/GrayLeafSpot110.jpg,Gray Leaf Spot
/home/sivabharathi/Documents/FinalYearProject/CocoCare/ml/data/raw/mendeley/Gray Leaf Spot/GrayLeafSpot1586.jpg,Gray Leaf Spot
/home/sivabharathi/Documents/FinalYearProject/CocoCare/ml/data/raw/mendeley/Gray Leaf Spot/GrayLeafSpot363.jpg,Gray Leaf Spot
/home/sivabharathi/Documents/FinalYearProject/CocoCare/ml/data/raw/mendeley/Leaf Rot/LeafRot1265.jpg,Leaf Rot
/home/sivabharathi/Documents/FinalYearProject/CocoCare/ml/data/raw/mendeley/Leaf Rot/LeafRot728.jpg,Leaf Rot
/home/sivabharathi/Documents/FinalYearProject/CocoCare/ml/data/raw/mendeley/Gray Leaf Spot/GrayLeafSpot791.jpg,Gray Leaf Spot
/home/sivabharathi/Documents/FinalYearProject/CocoCare/ml/data/raw/mendeley/Bud Rot/BudRot141.jpg,Bud Rot
/home/sivabharathi/Documents/FinalYearProject/CocoCare/ml/data/raw/mendeley/Leaf Rot/LeafRot1344.jpg,Leaf Rot
/home/sivabharathi/Documents/FinalYearProject/CocoCare/ml/data/raw/mendeley/Gray Leaf Spot/GrayLeafSpot1321.jpg,Gray Leaf Spot
/home/sivabharathi/Documents/FinalYearProject/CocoCare/ml/data/raw/mendeley/Gray Leaf Spot/GrayLeafSpot249.jpg,Gray Leaf Spot
/home/sivabharathi/Documents/FinalYearProject/CocoCare/ml/data/raw/mendeley/Bud Root Dropping/BudRootDropping228.jpg,Bud Root Dropping
/home/sivabharathi/Documents/FinalYearProject/CocoCare/ml/data/raw/mendeley/Gray Leaf Spot/GrayLeafSpot412.jpg,Gray Leaf Spot
/home/sivabharathi/Documents/FinalYearProject/CocoCare/ml/data/raw/mendeley/Stem Bleeding/StemBleeding848.jpg,Stem Bleeding
/home/sivabharathi/Documents/FinalYearProject/CocoCare/ml/data/raw/mendeley/Leaf Rot/LeafRot1137.jpg,Leaf Rot
/home/sivabharathi/Documents/FinalYearProject/CocoCare/ml/data/raw/mendeley/Gray Leaf Spot/GrayLeafSpot528.jpg,Gray Leaf Spot
/home/sivabharathi/Documents/FinalYearProject/CocoCare/ml/data/raw/mendeley/Leaf Rot/LeafRot572.jpg,Leaf Rot
/home/sivabharathi/Documents/FinalYearProject/CocoCare/ml/data/raw/mendeley/Leaf Rot/LeafRot316.jpg,Leaf Rot
/home/sivabharathi/Documents/FinalYearProject/CocoCare/ml/data/raw/mendeley/Gray Leaf Spot/GrayLeafSpot219.jpg,Gray Leaf Spot
/home/sivabharathi/Documents/FinalYearProject/CocoCare/ml/data/raw/mendeley/Leaf Rot/LeafRot1508.jpg,Leaf Rot
/home/sivabharathi/Documents/FinalYearProject/CocoCare/ml/data/raw/mendeley/Leaf Rot/LeafRot784.jpg,Leaf Rot
/home/sivabharathi/Documents/FinalYearProject/CocoCare/ml/data/raw/mendeley/Stem Bleeding/StemBleeding510.jpg,Stem Bleeding
/home/sivabharathi/Documents/FinalYearProject/CocoCare/ml/data/raw/mendeley/Gray Leaf Spot/GrayLeafSpot2123.jpg,Gray Leaf Spot
/home/sivabharathi/Documents/FinalYearProject/CocoCare/ml/data/raw/mendeley/Stem Bleeding/StemBleeding982.jpg,Stem Bleeding
/home/sivabharathi/Documents/FinalYearProject/CocoCare/ml/data/raw/mendeley/Leaf Rot/LeafRot239.jpg,Leaf Rot
/home/sivabharathi/Documents/FinalYearProject/CocoCare/ml/data/raw/mendeley/Gray Leaf Spot/GrayLeafSpot1878.jpg,Gray Leaf Spot
/home/sivabharathi/Documents/FinalYearProject/CocoCare/ml/data/raw/mendeley/Gray Leaf Spot/GrayLeafSpot862.jpg,Gray Leaf Spot
/home/sivabharathi/Documents/FinalYearProject/CocoCare/ml/data/raw/mendeley/Stem Bleeding/StemBleeding570.jpg,Stem Bleeding
/home/sivabharathi/Documents/FinalYearProject/CocoCare/ml/data/raw/mendeley/Leaf Rot/LeafRot997.jpg,Leaf Rot
/home/sivabharathi/Documents/FinalYearProject/CocoCare/ml/data/raw/mendeley/Leaf Rot/LeafRot682.jpg,Leaf Rot
/home/sivabharathi/Documents/FinalYearProject/CocoCare/ml/data/raw/mendeley/Leaf Rot/LeafRot388.jpg,Leaf Rot
/home/sivabharathi/Documents/FinalYearProject/CocoCare/ml/data/raw/mendeley/Stem Bleeding/StemBleeding125.jpg,Stem Bleeding
/home/sivabharathi/Documents/FinalYearProject/CocoCare/ml/data/raw/mendeley/Bud Rot/BudRot301.jpg,Bud Rot
/home/sivabharathi/Documents/FinalYearProject/CocoCare/ml/data/raw/mendeley/Gray Leaf Spot/GrayLeafSpot486.jpg,Gray Leaf Spot
/home/sivabharathi/Documents/FinalYearProject/CocoCare/ml/data/raw/mendeley/Stem Bleeding/StemBleeding673.jpg,Stem Bleeding
/home/sivabharathi/Documents/FinalYearProject/CocoCare/ml/data/raw/mendeley/Leaf Rot/LeafRot951.jpg,Leaf Rot
/home/sivabharathi/Documents/FinalYearProject/CocoCare/ml/data/raw/mendeley/Leaf Rot/LeafRot1578.jpg,Leaf Rot
/home/sivabharathi/Documents/FinalYearProject/CocoCare/ml/data/raw/mendeley/Leaf Rot/LeafRot930.jpg,Leaf Rot
/home/sivabharathi/Documents/FinalYearProject/CocoCare/ml/data/raw/mendeley/Gray Leaf Spot/GrayLeafSpot140.jpg,Gray Leaf Spot
/home/sivabharathi/Documents/FinalYearProject/CocoCare/ml/data/raw/mendeley/Bud Root Dropping/BudRootDropping077.jpg,Bud Root Dropping
/home/sivabharathi/Documents/FinalYearProject/CocoCare/ml/data/raw/mendeley/Gray Leaf Spot/GrayLeafSpot145.jpg,Gray Leaf Spot
/home/sivabharathi/Documents/FinalYearProject/CocoCare/ml/data/raw/mendeley/Leaf Rot/LeafRot619.jpg,Leaf Rot
/home/sivabharathi/Documents/FinalYearProject/CocoCare/ml/data/raw/mendeley/Gray Leaf Spot/GrayLeafSpot466.jpg,Gray Leaf Spot
/home/sivabharathi/Documents/FinalYearProject/CocoCare/ml/data/raw/mendeley/Bud Root Dropping/BudRootDropping086.jpg,Bud Root Dropping
/home/sivabharathi/Documents/FinalYearProject/CocoCare/ml/data/raw/mendeley/Gray Leaf Spot/GrayLeafSpot133.jpg,Gray Leaf Spot
/home/sivabharathi/Documents/FinalYearProject/CocoCare/ml/data/raw/mendeley/Leaf Rot/LeafRot1664.jpg,Leaf Rot
/home/sivabharathi/Documents/FinalYearProject/CocoCare/ml/data/raw/mendeley/Stem Bleeding/StemBleeding494.jpg,Stem Bleeding
/home/sivabharathi/Documents/FinalYearProject/CocoCare/ml/data/raw/mendeley/Leaf Rot/LeafRot1333.jpg,Leaf Rot
/home/sivabharathi/Documents/FinalYearProject/CocoCare/ml/data/raw/mendeley/Gray Leaf Spot/GrayLeafSpot1071.jpg,Gray Leaf Spot
/home/sivabharathi/Documents/FinalYearProject/CocoCare/ml/data/raw/mendeley/Gray Leaf Spot/GrayLeafSpot1263.jpg,Gray Leaf Spot
/home/sivabharathi/Documents/FinalYearProject/CocoCare/ml/data/raw/mendeley/Stem Bleeding/StemBleeding761.jpg,Stem Bleeding
/home/sivabharathi/Documents/FinalYearProject/CocoCare/ml/data/raw/mendeley/Bud Rot/BudRot040.jpg,Bud Rot
/home/sivabharathi/Documents/FinalYearProject/CocoCare/ml/data/raw/mendeley/Leaf Rot/LeafRot1109.jpg,Leaf Rot
/home/sivabharathi/Documents/FinalYearProject/CocoCare/ml/data/raw/mendeley/Gray Leaf Spot/GrayLeafSpot451.jpg,Gray Leaf Spot
/home/sivabharathi/Documents/FinalYearProject/CocoCare/ml/data/raw/mendeley/Leaf Rot/LeafRot1574.jpg,Leaf Rot
/home/sivabharathi/Documents/FinalYearProject/CocoCare/ml/data/raw/mendeley/Bud Rot/BudRot229.jpg,Bud Rot
/home/sivabharathi/Documents/FinalYearProject/CocoCare/ml/data/raw/mendeley/Bud Root Dropping/BudRootDropping446.jpg,Bud Root Dropping
/home/sivabharathi/Documents/FinalYearProject/CocoCare/ml/data/raw/mendeley/Bud Root Dropping/BudRootDropping298.jpg,Bud Root Dropping
/home/sivabharathi/Documents/FinalYearProject/CocoCare/ml/data/raw/mendeley/Gray Leaf Spot/GrayLeafSpot334.jpg,Gray Leaf Spot
/home/sivabharathi/Documents/FinalYearProject/CocoCare/ml/data/raw/mendeley/Bud Root Dropping/BudRootDropping299.jpg,Bud Root Dropping
/home/sivabharathi/Documents/FinalYearProject/CocoCare/ml/data/raw/mendeley/Gray Leaf Spot/GrayLeafSpot2113.jpg,Gray Leaf Spot
/home/sivabharathi/Documents/FinalYearProject/CocoCare/ml/data/raw/mendeley/Gray Leaf Spot/GrayLeafSpot354.jpg,Gray Leaf Spot
/home/sivabharathi/Documents/FinalYearProject/CocoCare/ml/data/raw/mendeley/Bud Rot/BudRot088.jpg,Bud Rot
/home/sivabharathi/Documents/FinalYearProject/CocoCare/ml/data/raw/mendeley/Gray Leaf Spot/GrayLeafSpot1928.jpg,Gray Leaf Spot
/home/sivabharathi/Documents/FinalYearProject/CocoCare/ml/data/raw/mendeley/Gray Leaf Spot/GrayLeafSpot237.jpg,Gray Leaf Spot
/home/sivabharathi/Documents/FinalYearProject/CocoCare/ml/data/raw/mendeley/Leaf Rot/LeafRot347.jpg,Leaf Rot
/home/sivabharathi/Documents/FinalYearProject/CocoCare/ml/data/raw/mendeley/Gray Leaf Spot/GrayLeafSpot1958.jpg,Gray Leaf Spot
/home/sivabharathi/Documents/FinalYearProject/CocoCare/ml/data/raw/mendeley/Bud Rot/BudRot117.jpg,Bud Rot
/home/sivabharathi/Documents/FinalYearProject/CocoCare/ml/data/raw/mendeley/Gray Leaf Spot/GrayLeafSpot682.jpg,Gray Leaf Spot
/home/sivabharathi/Documents/FinalYearProject/CocoCare/ml/data/raw/mendeley/Leaf Rot/LeafRot011.jpg,Leaf Rot
/home/sivabharathi/Documents/FinalYearProject/CocoCare/ml/data/raw/mendeley/Gray Leaf Spot/GrayLeafSpot207.jpg,Gray Leaf Spot
/home/sivabharathi/Documents/FinalYearProject/CocoCare/ml/data/raw/mendeley/Stem Bleeding/StemBleeding362.jpg,Stem Bleeding
/home/sivabharathi/Documents/FinalYearProject/CocoCare/ml/data/raw/mendeley/Leaf Rot/LeafRot501.jpg,Leaf Rot
/home/sivabharathi/Documents/FinalYearProject/CocoCare/ml/data/raw/mendeley/Stem Bleeding/StemBleeding528.jpg,Stem Bleeding
/home/sivabharathi/Documents/FinalYearProject/CocoCare/ml/data/raw/mendeley/Stem Bleeding/StemBleeding849.jpg,Stem Bleeding
/home/sivabharathi/Documents/FinalYearProject/CocoCare/ml/data/raw/mendeley/Gray Leaf Spot/GrayLeafSpot554.jpg,Gray Leaf Spot
/home/sivabharathi/Documents/FinalYearProject/CocoCare/ml/data/raw/mendeley/Gray Leaf Spot/GrayLeafSpot2000.jpg,Gray Leaf Spot
/home/sivabharathi/Documents/FinalYearProject/CocoCare/ml/data/raw/mendeley/Gray Leaf Spot/GrayLeafSpot117.jpg,Gray Leaf Spot
/home/sivabharathi/Documents/FinalYearProject/CocoCare/ml/data/raw/mendeley/Bud Root Dropping/BudRootDropping104.jpg,Bud Root Dropping
/home/sivabharathi/Documents/FinalYearProject/CocoCare/ml/data/raw/mendeley/Stem Bleeding/StemBleeding367.jpg,Stem Bleeding
/home/sivabharathi/Documents/FinalYearProject/CocoCare/ml/data/raw/mendeley/Gray Leaf Spot/GrayLeafSpot482.jpg,Gray Leaf Spot
/home/sivabharathi/Documents/FinalYearProject/CocoCare/ml/data/raw/mendeley/Bud Rot/BudRot123.jpg,Bud Rot
/home/sivabharathi/Documents/FinalYearProject/CocoCare/ml/data/raw/mendeley/Gray Leaf Spot/GrayLeafSpot091.jpg,Gray Leaf Spot
/home/sivabharathi/Documents/FinalYearProject/CocoCare/ml/data/raw/mendeley/Bud Root Dropping/BudRootDropping301.jpg,Bud Root Dropping
/home/sivabharathi/Documents/FinalYearProject/CocoCare/ml/data/raw/mendeley/Leaf Rot/LeafRot043.jpg,Leaf Rot
/home/sivabharathi/Documents/FinalYearProject/CocoCare/ml/data/raw/mendeley/Leaf Rot/LeafRot1441.jpg,Leaf Rot
/home/sivabharathi/Documents/FinalYearProject/CocoCare/ml/data/raw/mendeley/Leaf Rot/LeafRot1128.jpg,Leaf Rot
/home/sivabharathi/Documents/FinalYearProject/CocoCare/ml/data/raw/mendeley/Stem Bleeding/StemBleeding558.jpg,Stem Bleeding
/home/sivabharathi/Documents/FinalYearProject/CocoCare/ml/data/raw/mendeley/Gray Leaf Spot/GrayLeafSpot808.jpg,Gray Leaf Spot
/home/sivabharathi/Documents/FinalYearProject/CocoCare/ml/data/raw/mendeley/Gray Leaf Spot/GrayLeafSpot183.jpg,Gray Leaf Spot
/home/sivabharathi/Documents/FinalYearProject/CocoCare/ml/data/raw/mendeley/Gray Leaf Spot/GrayLeafSpot1216.jpg,Gray Leaf Spot
/home/sivabharathi/Documents/FinalYearProject/CocoCare/ml/data/raw/mendeley/Stem Bleeding/StemBleeding984.jpg,Stem Bleeding
/home/sivabharathi/Documents/FinalYearProject/CocoCare/ml/data/raw/mendeley/Stem Bleeding/StemBleeding487.jpg,Stem Bleeding
/home/sivabharathi/Documents/FinalYearProject/CocoCare/ml/data/raw/mendeley/Gray Leaf Spot/GrayLeafSpot1998.jpg,Gray Leaf Spot
/home/sivabharathi/Documents/FinalYearProject/CocoCare/ml/data/raw/mendeley/Bud Root Dropping/BudRootDropping020.jpg,Bud Root Dropping
/home/sivabharathi/Documents/FinalYearProject/CocoCare/ml/data/raw/mendeley/Leaf Rot/LeafRot1069.jpg,Leaf Rot
/home/sivabharathi/Documents/FinalYearProject/CocoCare/ml/data/raw/mendeley/Gray Leaf Spot/GrayLeafSpot1630.jpg,Gray Leaf Spot
/home/sivabharathi/Documents/FinalYearProject/CocoCare/ml/data/raw/mendeley/Gray Leaf Spot/GrayLeafSpot296.jpg,Gray Leaf Spot
/home/sivabharathi/Documents/FinalYearProject/CocoCare/ml/data/raw/mendeley/Gray Leaf Spot/GrayLeafSpot2114.jpg,Gray Leaf Spot
/home/sivabharathi/Documents/FinalYearProject/CocoCare/ml/data/raw/mendeley/Stem Bleeding/StemBleeding668.jpg,Stem Bleeding
/home/sivabharathi/Documents/FinalYearProject/CocoCare/ml/data/raw/mendeley/Bud Root Dropping/BudRootDropping151.jpg,Bud Root Dropping
/home/sivabharathi/Documents/FinalYearProject/CocoCare/ml/data/raw/mendeley/Stem Bleeding/StemBleeding058.jpg,Stem Bleeding
/home/sivabharathi/Documents/FinalYearProject/CocoCare/ml/data/raw/mendeley/Leaf Rot/LeafRot936.jpg,Leaf Rot
/home/sivabharathi/Documents/FinalYearProject/CocoCare/ml/data/raw/mendeley/Gray Leaf Spot/GrayLeafSpot2037.jpg,Gray Leaf Spot
/home/sivabharathi/Documents/FinalYearProject/CocoCare/ml/data/raw/mendeley/Leaf Rot/LeafRot405.jpg,Leaf Rot
/home/sivabharathi/Documents/FinalYearProject/CocoCare/ml/data/raw/mendeley/Leaf Rot/LeafRot1154.jpg,Leaf Rot
/home/sivabharathi/Documents/FinalYearProject/CocoCare/ml/data/raw/mendeley/Leaf Rot/LeafRot1631.jpg,Leaf Rot
/home/sivabharathi/Documents/FinalYearProject/CocoCare/ml/data/raw/mendeley/Gray Leaf Spot/GrayLeafSpot542.jpg,Gray Leaf Spot
/home/sivabharathi/Documents/FinalYearProject/CocoCare/ml/data/raw/mendeley/Bud Root Dropping/BudRootDropping342.jpg,Bud Root Dropping
/home/sivabharathi/Documents/FinalYearProject/CocoCare/ml/data/raw/mendeley/Gray Leaf Spot/GrayLeafSpot1722.jpg,Gray Leaf Spot
/home/sivabharathi/Documents/FinalYearProject/CocoCare/ml/data/raw/mendeley/Gray Leaf Spot/GrayLeafSpot1170.jpg,Gray Leaf Spot
/home/sivabharathi/Documents/FinalYearProject/CocoCare/ml/data/raw/mendeley/Leaf Rot/LeafRot441.jpg,Leaf Rot
/home/sivabharathi/Documents/FinalYearProject/CocoCare/ml/data/raw/mendeley/Bud Rot/BudRot338.jpg,Bud Rot
/home/sivabharathi/Documents/FinalYearProject/CocoCare/ml/data/raw/mendeley/Gray Leaf Spot/GrayLeafSpot1174.jpg,Gray Leaf Spot
/home/sivabharathi/Documents/FinalYearProject/CocoCare/ml/data/raw/mendeley/Leaf Rot/LeafRot1054.jpg,Leaf Rot
/home/sivabharathi/Documents/FinalYearProject/CocoCare/ml/data/raw/mendeley/Leaf Rot/LeafRot1248.jpg,Leaf Rot
/home/sivabharathi/Documents/FinalYearProject/CocoCare/ml/data/raw/mendeley/Leaf Rot/LeafRot877.jpg,Leaf Rot
/home/sivabharathi/Documents/FinalYearProject/CocoCare/ml/data/raw/mendeley/Gray Leaf Spot/GrayLeafSpot068.jpg,Gray Leaf Spot
/home/sivabharathi/Documents/FinalYearProject/CocoCare/ml/data/raw/mendeley/Bud Root Dropping/BudRootDropping008.jpg,Bud Root Dropping
/home/sivabharathi/Documents/FinalYearProject/CocoCare/ml/data/raw/mendeley/Gray Leaf Spot/GrayLeafSpot1691.jpg,Gray Leaf Spot
/home/sivabharathi/Documents/FinalYearProject/CocoCare/ml/data/raw/mendeley/Bud Root Dropping/BudRootDropping147.jpg,Bud Root Dropping
/home/sivabharathi/Documents/FinalYearProject/CocoCare/ml/data/raw/mendeley/Gray Leaf Spot/GrayLeafSpot1329.jpg,Gray Leaf Spot
/home/sivabharathi/Documents/FinalYearProject/CocoCare/ml/data/raw/mendeley/Stem Bleeding/StemBleeding569.jpg,Stem Bleeding
/home/sivabharathi/Documents/FinalYearProject/CocoCare/ml/data/raw/mendeley/Stem Bleeding/StemBleeding632.jpg,Stem Bleeding
/home/sivabharathi/Documents/FinalYearProject/CocoCare/ml/data/raw/mendeley/Gray Leaf Spot/GrayLeafSpot416.jpg,Gray Leaf Spot
/home/sivabharathi/Documents/FinalYearProject/CocoCare/ml/data/raw/mendeley/Stem Bleeding/StemBleeding310.jpg,Stem Bleeding
/home/sivabharathi/Documents/FinalYearProject/CocoCare/ml/data/raw/mendeley/Gray Leaf Spot/GrayLeafSpot032.jpg,Gray Leaf Spot
/home/sivabharathi/Documents/FinalYearProject/CocoCare/ml/data/raw/mendeley/Gray Leaf Spot/GrayLeafSpot1007.jpg,Gray Leaf Spot
/home/sivabharathi/Documents/FinalYearProject/CocoCare/ml/data/raw/mendeley/Leaf Rot/LeafRot1638.jpg,Leaf Rot
/home/sivabharathi/Documents/FinalYearProject/CocoCare/ml/data/raw/mendeley/Bud Rot/BudRot427.jpg,Bud Rot
/home/sivabharathi/Documents/FinalYearProject/CocoCare/ml/data/raw/mendeley/Bud Root Dropping/BudRootDropping329.jpg,Bud Root Dropping
/home/sivabharathi/Documents/FinalYearProject/CocoCare/ml/data/raw/mendeley/Gray Leaf Spot/GrayLeafSpot830.jpg,Gray Leaf Spot
/home/sivabharathi/Documents/FinalYearProject/CocoCare/ml/data/raw/mendeley/Bud Root Dropping/BudRootDropping493.jpg,Bud Root Dropping
/home/sivabharathi/Documents/FinalYearProject/CocoCare/ml/data/raw/mendeley/Stem Bleeding/StemBleeding995.jpg,Stem Bleeding
/home/sivabharathi/Documents/FinalYearProject/CocoCare/ml/data/raw/mendeley/Bud Root Dropping/BudRootDropping481.jpg,Bud Root Dropping
/home/sivabharathi/Documents/FinalYearProject/CocoCare/ml/data/raw/mendeley/Gray Leaf Spot/GrayLeafSpot308.jpg,Gray Leaf Spot
/home/sivabharathi/Documents/FinalYearProject/CocoCare/ml/data/raw/mendeley/Leaf Rot/LeafRot312.jpg,Leaf Rot
/home/sivabharathi/Documents/FinalYearProject/CocoCare/ml/data/raw/mendeley/Stem Bleeding/StemBleeding750.jpg,Stem Bleeding
/home/sivabharathi/Documents/FinalYearProject/CocoCare/ml/data/raw/mendeley/Leaf Rot/LeafRot494.jpg,Leaf Rot
/home/sivabharathi/Documents/FinalYearProject/CocoCare/ml/data/raw/mendeley/Bud Rot/BudRot170.jpg,Bud Rot
/home/sivabharathi/Documents/FinalYearProject/CocoCare/ml/data/raw/mendeley/Leaf Rot/LeafRot1370.jpg,Leaf Rot
/home/sivabharathi/Documents/FinalYearProject/CocoCare/ml/data/raw/mendeley/Gray Leaf Spot/GrayLeafSpot973.jpg,Gray Leaf Spot
/home/sivabharathi/Documents/FinalYearProject/CocoCare/ml/data/raw/mendeley/Gray Leaf Spot/GrayLeafSpot1545.jpg,Gray Leaf Spot
/home/sivabharathi/Documents/FinalYearProject/CocoCare/ml/data/raw/mendeley/Bud Root Dropping/BudRootDropping043.jpg,Bud Root Dropping
/home/sivabharathi/Documents/FinalYearProject/CocoCare/ml/data/raw/mendeley/Stem Bleeding/StemBleeding209.jpg,Stem Bleeding
/home/sivabharathi/Documents/FinalYearProject/CocoCare/ml/data/raw/mendeley/Leaf Rot/LeafRot832.jpg,Leaf Rot
/home/sivabharathi/Documents/FinalYearProject/CocoCare/ml/data/raw/mendeley/Bud Rot/BudRot207.jpg,Bud Rot
/home/sivabharathi/Documents/FinalYearProject/CocoCare/ml/data/raw/mendeley/Bud Rot/BudRot291.jpg,Bud Rot
/home/sivabharathi/Documents/FinalYearProject/CocoCare/ml/data/raw/mendeley/Bud Root Dropping/BudRootDropping130.jpg,Bud Root Dropping
/home/sivabharathi/Documents/FinalYearProject/CocoCare/ml/data/raw/mendeley/Gray Leaf Spot/GrayLeafSpot838.jpg,Gray Leaf Spot
/home/sivabharathi/Documents/FinalYearProject/CocoCare/ml/data/raw/mendeley/Gray Leaf Spot/GrayLeafSpot1961.jpg,Gray Leaf Spot
/home/sivabharathi/Documents/FinalYearProject/CocoCare/ml/data/raw/mendeley/Bud Root Dropping/BudRootDropping227.jpg,Bud Root Dropping
/home/sivabharathi/Documents/FinalYearProject/CocoCare/ml/data/raw/mendeley/Leaf Rot/LeafRot887.jpg,Leaf Rot
/home/sivabharathi/Documents/FinalYearProject/CocoCare/ml/data/raw/mendeley/Bud Root Dropping/BudRootDropping375.jpg,Bud Root Dropping
/home/sivabharathi/Documents/FinalYearProject/CocoCare/ml/data/raw/mendeley/Gray Leaf Spot/GrayLeafSpot1861.jpg,Gray Leaf Spot
/home/sivabharathi/Documents/FinalYearProject/CocoCare/ml/data/raw/mendeley/Gray Leaf Spot/GrayLeafSpot1947.jpg,Gray Leaf Spot
/home/sivabharathi/Documents/FinalYearProject/CocoCare/ml/data/raw/mendeley/Gray Leaf Spot/GrayLeafSpot282.jpg,Gray Leaf Spot
/home/sivabharathi/Documents/FinalYearProject/CocoCare/ml/data/raw/mendeley/Stem Bleeding/StemBleeding497.jpg,Stem Bleeding
/home/sivabharathi/Documents/FinalYearProject/CocoCare/ml/data/raw/mendeley/Gray Leaf Spot/GrayLeafSpot1757.jpg,Gray Leaf Spot
/home/sivabharathi/Documents/FinalYearProject/CocoCare/ml/data/raw/mendeley/Gray Leaf Spot/GrayLeafSpot1573.jpg,Gray Leaf Spot
/home/sivabharathi/Documents/FinalYearProject/CocoCare/ml/data/raw/mendeley/Stem Bleeding/StemBleeding496.jpg,Stem Bleeding
/home/sivabharathi/Documents/FinalYearProject/CocoCare/ml/data/raw/mendeley/Gray Leaf Spot/GrayLeafSpot1578.jpg,Gray Leaf Spot
/home/sivabharathi/Documents/FinalYearProject/CocoCare/ml/data/raw/mendeley/Leaf Rot/LeafRot158.jpg,Leaf Rot
/home/sivabharathi/Documents/FinalYearProject/CocoCare/ml/data/raw/mendeley/Gray Leaf Spot/GrayLeafSpot496.jpg,Gray Leaf Spot
/home/sivabharathi/Documents/FinalYearProject/CocoCare/ml/data/raw/mendeley/Gray Leaf Spot/GrayLeafSpot965.jpg,Gray Leaf Spot
/home/sivabharathi/Documents/FinalYearProject/CocoCare/ml/data/raw/mendeley/Bud Rot/BudRot280.jpg,Bud Rot
/home/sivabharathi/Documents/FinalYearProject/CocoCare/ml/data/raw/mendeley/Stem Bleeding/StemBleeding389.jpg,Stem Bleeding
/home/sivabharathi/Documents/FinalYearProject/CocoCare/ml/data/raw/mendeley/Leaf Rot/LeafRot1426.jpg,Leaf Rot
/home/sivabharathi/Documents/FinalYearProject/CocoCare/ml/data/raw/mendeley/Leaf Rot/LeafRot1057.jpg,Leaf Rot
/home/sivabharathi/Documents/FinalYearProject/CocoCare/ml/data/raw/mendeley/Gray Leaf Spot/GrayLeafSpot373.jpg,Gray Leaf Spot
/home/sivabharathi/Documents/FinalYearProject/CocoCare/ml/data/raw/mendeley/Gray Leaf Spot/GrayLeafSpot2039.jpg,Gray Leaf Spot
/home/sivabharathi/Documents/FinalYearProject/CocoCare/ml/data/raw/mendeley/Bud Root Dropping/BudRootDropping128.jpg,Bud Root Dropping
/home/sivabharathi/Documents/FinalYearProject/CocoCare/ml/data/raw/mendeley/Leaf Rot/LeafRot525.jpg,Leaf Rot
/home/sivabharathi/Documents/FinalYearProject/CocoCare/ml/data/raw/mendeley/Gray Leaf Spot/GrayLeafSpot1433.jpg,Gray Leaf Spot
/home/sivabharathi/Documents/FinalYearProject/CocoCare/ml/data/raw/mendeley/Leaf Rot/LeafRot871.jpg,Leaf Rot
/home/sivabharathi/Documents/FinalYearProject/CocoCare/ml/data/raw/mendeley/Leaf Rot/LeafRot249.jpg,Leaf Rot
/home/sivabharathi/Documents/FinalYearProject/CocoCare/ml/data/raw/mendeley/Gray Leaf Spot/GrayLeafSpot1713.jpg,Gray Leaf Spot
/home/sivabharathi/Documents/FinalYearProject/CocoCare/ml/data/raw/mendeley/Gray Leaf Spot/GrayLeafSpot783.jpg,Gray Leaf Spot
/home/sivabharathi/Documents/FinalYearProject/CocoCare/ml/data/raw/mendeley/Leaf Rot/LeafRot246.jpg,Leaf Rot
/home/sivabharathi/Documents/FinalYearProject/CocoCare/ml/data/raw/mendeley/Stem Bleeding/StemBleeding884.jpg,Stem Bleeding
/home/sivabharathi/Documents/FinalYearProject/CocoCare/ml/data/raw/mendeley/Leaf Rot/LeafRot515.jpg,Leaf Rot
/home/sivabharathi/Documents/FinalYearProject/CocoCare/ml/data/raw/mendeley/Leaf Rot/LeafRot1586.jpg,Leaf Rot
/home/sivabharathi/Documents/FinalYearProject/CocoCare/ml/data/raw/mendeley/Stem Bleeding/StemBleeding269.jpg,Stem Bleeding
/home/sivabharathi/Documents/FinalYearProject/CocoCare/ml/data/raw/mendeley/Leaf Rot/LeafRot879.jpg,Leaf Rot
/home/sivabharathi/Documents/FinalYearProject/CocoCare/ml/data/raw/mendeley/Bud Rot/BudRot306.jpg,Bud Rot
/home/sivabharathi/Documents/FinalYearProject/CocoCare/ml/data/raw/mendeley/Gray Leaf Spot/GrayLeafSpot1418.jpg,Gray Leaf Spot
/home/sivabharathi/Documents/FinalYearProject/CocoCare/ml/data/raw/mendeley/Gray Leaf Spot/GrayLeafSpot460.jpg,Gray Leaf Spot
/home/sivabharathi/Documents/FinalYearProject/CocoCare/ml/data/raw/mendeley/Bud Root Dropping/BudRootDropping258.jpg,Bud Root Dropping
/home/sivabharathi/Documents/FinalYearProject/CocoCare/ml/data/raw/mendeley/Leaf Rot/LeafRot544.jpg,Leaf Rot
/home/sivabharathi/Documents/FinalYearProject/CocoCare/ml/data/raw/mendeley/Leaf Rot/LeafRot855.jpg,Leaf Rot
/home/sivabharathi/Documents/FinalYearProject/CocoCare/ml/data/raw/mendeley/Bud Rot/BudRot459.jpg,Bud Rot
/home/sivabharathi/Documents/FinalYearProject/CocoCare/ml/data/raw/mendeley/Leaf Rot/LeafRot1140.jpg,Leaf Rot
/home/sivabharathi/Documents/FinalYearProject/CocoCare/ml/data/raw/mendeley/Gray Leaf Spot/GrayLeafSpot872.jpg,Gray Leaf Spot
/home/sivabharathi/Documents/FinalYearProject/CocoCare/ml/data/raw/mendeley/Gray Leaf Spot/GrayLeafSpot300.jpg,Gray Leaf Spot
/home/sivabharathi/Documents/FinalYearProject/CocoCare/ml/data/raw/mendeley/Bud Root Dropping/BudRootDropping084.jpg,Bud Root Dropping
/home/sivabharathi/Documents/FinalYearProject/CocoCare/ml/data/raw/mendeley/Leaf Rot/LeafRot777.jpg,Leaf Rot
/home/sivabharathi/Documents/FinalYearProject/CocoCare/ml/data/raw/mendeley/Gray Leaf Spot/GrayLeafSpot822.jpg,Gray Leaf Spot
/home/sivabharathi/Documents/FinalYearProject/CocoCare/ml/data/raw/mendeley/Gray Leaf Spot/GrayLeafSpot1302.jpg,Gray Leaf Spot
/home/sivabharathi/Documents/FinalYearProject/CocoCare/ml/data/raw/mendeley/Bud Rot/BudRot103.jpg,Bud Rot
/home/sivabharathi/Documents/FinalYearProject/CocoCare/ml/data/raw/mendeley/Stem Bleeding/StemBleeding001.jpg,Stem Bleeding
/home/sivabharathi/Documents/FinalYearProject/CocoCare/ml/data/raw/mendeley/Bud Rot/BudRot214.jpg,Bud Rot
/home/sivabharathi/Documents/FinalYearProject/CocoCare/ml/data/raw/mendeley/Leaf Rot/LeafRot1122.jpg,Leaf Rot
/home/sivabharathi/Documents/FinalYearProject/CocoCare/ml/data/raw/mendeley/Stem Bleeding/StemBleeding853.jpg,Stem Bleeding
/home/sivabharathi/Documents/FinalYearProject/CocoCare/ml/data/raw/mendeley/Bud Root Dropping/BudRootDropping445.jpg,Bud Root Dropping
/home/sivabharathi/Documents/FinalYearProject/CocoCare/ml/data/raw/mendeley/Gray Leaf Spot/GrayLeafSpot1182.jpg,Gray Leaf Spot
/home/sivabharathi/Documents/FinalYearProject/CocoCare/ml/data/raw/mendeley/Leaf Rot/LeafRot578.jpg,Leaf Rot
/home/sivabharathi/Documents/FinalYearProject/CocoCare/ml/data/raw/mendeley/Gray Leaf Spot/GrayLeafSpot126.jpg,Gray Leaf Spot
/home/sivabharathi/Documents/FinalYearProject/CocoCare/ml/data/raw/mendeley/Leaf Rot/LeafRot207.jpg,Leaf Rot
/home/sivabharathi/Documents/FinalYearProject/CocoCare/ml/data/raw/mendeley/Stem Bleeding/StemBleeding264.jpg,Stem Bleeding
/home/sivabharathi/Documents/FinalYearProject/CocoCare/ml/data/raw/mendeley/Bud Root Dropping/BudRootDropping462.jpg,Bud Root Dropping
/home/sivabharathi/Documents/FinalYearProject/CocoCare/ml/data/raw/mendeley/Bud Root Dropping/BudRootDropping108.jpg,Bud Root Dropping
/home/sivabharathi/Documents/FinalYearProject/CocoCare/ml/data/raw/mendeley/Leaf Rot/LeafRot1243.jpg,Leaf Rot
/home/sivabharathi/Documents/FinalYearProject/CocoCare/ml/data/raw/mendeley/Gray Leaf Spot/GrayLeafSpot1671.jpg,Gray Leaf Spot
/home/sivabharathi/Documents/FinalYearProject/CocoCare/ml/data/raw/mendeley/Leaf Rot/LeafRot1656.jpg,Leaf Rot
/home/sivabharathi/Documents/FinalYearProject/CocoCare/ml/data/raw/mendeley/Leaf Rot/LeafRot195.jpg,Leaf Rot
/home/sivabharathi/Documents/FinalYearProject/CocoCare/ml/data/raw/mendeley/Leaf Rot/LeafRot816.jpg,Leaf Rot
/home/sivabharathi/Documents/FinalYearProject/CocoCare/ml/data/raw/mendeley/Gray Leaf Spot/GrayLeafSpot461.jpg,Gray Leaf Spot
/home/sivabharathi/Documents/FinalYearProject/CocoCare/ml/data/raw/mendeley/Stem Bleeding/StemBleeding046.jpg,Stem Bleeding
/home/sivabharathi/Documents/FinalYearProject/CocoCare/ml/data/raw/mendeley/Bud Root Dropping/BudRootDropping260.jpg,Bud Root Dropping
/home/sivabharathi/Documents/FinalYearProject/CocoCare/ml/data/raw/mendeley/Bud Rot/BudRot347.jpg,Bud Rot
/home/sivabharathi/Documents/FinalYearProject/CocoCare/ml/data/raw/mendeley/Gray Leaf Spot/GrayLeafSpot636.jpg,Gray Leaf Spot
/home/sivabharathi/Documents/FinalYearProject/CocoCare/ml/data/raw/mendeley/Leaf Rot/LeafRot306.jpg,Leaf Rot
/home/sivabharathi/Documents/FinalYearProject/CocoCare/ml/data/raw/mendeley/Stem Bleeding/StemBleeding769.jpg,Stem Bleeding
/home/sivabharathi/Documents/FinalYearProject/CocoCare/ml/data/raw/mendeley/Bud Rot/BudRot243.jpg,Bud Rot
/home/sivabharathi/Documents/FinalYearProject/CocoCare/ml/data/raw/mendeley/Leaf Rot/LeafRot621.jpg,Leaf Rot
/home/sivabharathi/Documents/FinalYearProject/CocoCare/ml/data/raw/mendeley/Gray Leaf Spot/GrayLeafSpot660.jpg,Gray Leaf Spot
/home/sivabharathi/Documents/FinalYearProject/CocoCare/ml/data/raw/mendeley/Gray Leaf Spot/GrayLeafSpot214.jpg,Gray Leaf Spot
/home/sivabharathi/Documents/FinalYearProject/CocoCare/ml/data/raw/mendeley/Gray Leaf Spot/GrayLeafSpot840.jpg,Gray Leaf Spot
/home/sivabharathi/Documents/FinalYearProject/CocoCare/ml/data/raw/mendeley/Bud Root Dropping/BudRootDropping309.jpg,Bud Root Dropping
/home/sivabharathi/Documents/FinalYearProject/CocoCare/ml/data/raw/mendeley/Bud Root Dropping/BudRootDropping349.jpg,Bud Root Dropping
/home/sivabharathi/Documents/FinalYearProject/CocoCare/ml/data/raw/mendeley/Leaf Rot/LeafRot1446.jpg,Leaf Rot
/home/sivabharathi/Documents/FinalYearProject/CocoCare/ml/data/raw/mendeley/Leaf Rot/LeafRot1314.jpg,Leaf Rot
/home/sivabharathi/Documents/FinalYearProject/CocoCare/ml/data/raw/mendeley/Leaf Rot/LeafRot1103.jpg,Leaf Rot
/home/sivabharathi/Documents/FinalYearProject/CocoCare/ml/data/raw/mendeley/Gray Leaf Spot/GrayLeafSpot204.jpg,Gray Leaf Spot
/home/sivabharathi/Documents/FinalYearProject/CocoCare/ml/data/raw/mendeley/Bud Root Dropping/BudRootDropping071.jpg,Bud Root Dropping
/home/sivabharathi/Documents/FinalYearProject/CocoCare/ml/data/raw/mendeley/Bud Root Dropping/BudRootDropping245.jpg,Bud Root Dropping
/home/sivabharathi/Documents/FinalYearProject/CocoCare/ml/data/raw/mendeley/Gray Leaf Spot/GrayLeafSpot171.jpg,Gray Leaf Spot
/home/sivabharathi/Documents/FinalYearProject/CocoCare/ml/data/raw/mendeley/Leaf Rot/LeafRot131.jpg,Leaf Rot
/home/sivabharathi/Documents/FinalYearProject/CocoCare/ml/data/raw/mendeley/Leaf Rot/LeafRot476.jpg,Leaf Rot
/home/sivabharathi/Documents/FinalYearProject/CocoCare/ml/data/raw/mendeley/Leaf Rot/LeafRot175.jpg,Leaf Rot
/home/sivabharathi/Documents/FinalYearProject/CocoCare/ml/data/raw/mendeley/Leaf Rot/LeafRot068.jpg,Leaf Rot
/home/sivabharathi/Documents/FinalYearProject/CocoCare/ml/data/raw/mendeley/Leaf Rot/LeafRot1359.jpg,Leaf Rot
/home/sivabharathi/Documents/FinalYearProject/CocoCare/ml/data/raw/mendeley/Leaf Rot/LeafRot931.jpg,Leaf Rot
/home/sivabharathi/Documents/FinalYearProject/CocoCare/ml/data/raw/mendeley/Leaf Rot/LeafRot859.jpg,Leaf Rot
/home/sivabharathi/Documents/FinalYearProject/CocoCare/ml/data/raw/mendeley/Leaf Rot/LeafRot114.jpg,Leaf Rot
/home/sivabharathi/Documents/FinalYearProject/CocoCare/ml/data/raw/mendeley/Stem Bleeding/StemBleeding316.jpg,Stem Bleeding
/home/sivabharathi/Documents/FinalYearProject/CocoCare/ml/data/raw/mendeley/Leaf Rot/LeafRot1621.jpg,Leaf Rot
/home/sivabharathi/Documents/FinalYearProject/CocoCare/ml/data/raw/mendeley/Stem Bleeding/StemBleeding461.jpg,Stem Bleeding
/home/sivabharathi/Documents/FinalYearProject/CocoCare/ml/data/raw/mendeley/Bud Root Dropping/BudRootDropping457.jpg,Bud Root Dropping
/home/sivabharathi/Documents/FinalYearProject/CocoCare/ml/data/raw/mendeley/Gray Leaf Spot/GrayLeafSpot430.jpg,Gray Leaf Spot
/home/sivabharathi/Documents/FinalYearProject/CocoCare/ml/data/raw/mendeley/Leaf Rot/LeafRot1011.jpg,Leaf Rot
/home/sivabharathi/Documents/FinalYearProject/CocoCare/ml/data/raw/mendeley/Gray Leaf Spot/GrayLeafSpot1999.jpg,Gray Leaf Spot
/home/sivabharathi/Documents/FinalYearProject/CocoCare/ml/data/raw/mendeley/Leaf Rot/LeafRot1065.jpg,Leaf Rot
/home/sivabharathi/Documents/FinalYearProject/CocoCare/ml/data/raw/mendeley/Gray Leaf Spot/GrayLeafSpot769.jpg,Gray Leaf Spot
/home/sivabharathi/Documents/FinalYearProject/CocoCare/ml/data/raw/mendeley/Stem Bleeding/StemBleeding821.jpg,Stem Bleeding
/home/sivabharathi/Documents/FinalYearProject/CocoCare/ml/data/raw/mendeley/Bud Root Dropping/BudRootDropping338.jpg,Bud Root Dropping
/home/sivabharathi/Documents/FinalYearProject/CocoCare/ml/data/raw/mendeley/Gray Leaf Spot/GrayLeafSpot1369.jpg,Gray Leaf Spot
/home/sivabharathi/Documents/FinalYearProject/CocoCare/ml/data/raw/mendeley/Gray Leaf Spot/GrayLeafSpot1946.jpg,Gray Leaf Spot
/home/sivabharathi/Documents/FinalYearProject/CocoCare/ml/data/raw/mendeley/Gray Leaf Spot/GrayLeafSpot366.jpg,Gray Leaf Spot
/home/sivabharathi/Documents/FinalYearProject/CocoCare/ml/data/raw/mendeley/Gray Leaf Spot/GrayLeafSpot1474.jpg,Gray Leaf Spot
/home/sivabharathi/Documents/FinalYearProject/CocoCare/ml/data/raw/mendeley/Stem Bleeding/StemBleeding923.jpg,Stem Bleeding
/home/sivabharathi/Documents/FinalYearProject/CocoCare/ml/data/raw/mendeley/Bud Rot/BudRot362.jpg,Bud Rot
/home/sivabharathi/Documents/FinalYearProject/CocoCare/ml/data/raw/mendeley/Gray Leaf Spot/GrayLeafSpot1862.jpg,Gray Leaf Spot
/home/sivabharathi/Documents/FinalYearProject/CocoCare/ml/data/raw/mendeley/Leaf Rot/LeafRot1416.jpg,Leaf Rot
/home/sivabharathi/Documents/FinalYearProject/CocoCare/ml/data/raw/mendeley/Gray Leaf Spot/GrayLeafSpot1536.jpg,Gray Leaf Spot
/home/sivabharathi/Documents/FinalYearProject/CocoCare/ml/data/raw/mendeley/Gray Leaf Spot/GrayLeafSpot052.jpg,Gray Leaf Spot
/home/sivabharathi/Documents/FinalYearProject/CocoCare/ml/data/raw/mendeley/Bud Rot/BudRot326.jpg,Bud Rot
/home/sivabharathi/Documents/FinalYearProject/CocoCare/ml/data/raw/mendeley/Gray Leaf Spot/GrayLeafSpot1942.jpg,Gray Leaf Spot
/home/sivabharathi/Documents/FinalYearProject/CocoCare/ml/data/raw/mendeley/Leaf Rot/LeafRot394.jpg,Leaf Rot
/home/sivabharathi/Documents/FinalYearProject/CocoCare/ml/data/raw/mendeley/Leaf Rot/LeafRot493.jpg,Leaf Rot
/home/sivabharathi/Documents/FinalYearProject/CocoCare/ml/data/raw/mendeley/Stem Bleeding/StemBleeding377.jpg,Stem Bleeding
/home/sivabharathi/Documents/FinalYearProject/CocoCare/ml/data/raw/mendeley/Gray Leaf Spot/GrayLeafSpot680.jpg,Gray Leaf Spot
/home/sivabharathi/Documents/FinalYearProject/CocoCare/ml/data/raw/mendeley/Leaf Rot/LeafRot355.jpg,Leaf Rot
/home/sivabharathi/Documents/FinalYearProject/CocoCare/ml/data/raw/mendeley/Bud Root Dropping/BudRootDropping433.jpg,Bud Root Dropping
/home/sivabharathi/Documents/FinalYearProject/CocoCare/ml/data/raw/mendeley/Stem Bleeding/StemBleeding720.jpg,Stem Bleeding
/home/sivabharathi/Documents/FinalYearProject/CocoCare/ml/data/raw/mendeley/Bud Root Dropping/BudRootDropping312.jpg,Bud Root Dropping
/home/sivabharathi/Documents/FinalYearProject/CocoCare/ml/data/raw/mendeley/Stem Bleeding/StemBleeding430.jpg,Stem Bleeding
/home/sivabharathi/Documents/FinalYearProject/CocoCare/ml/data/raw/mendeley/Gray Leaf Spot/GrayLeafSpot271.jpg,Gray Leaf Spot
/home/sivabharathi/Documents/FinalYearProject/CocoCare/ml/data/raw/mendeley/Gray Leaf Spot/GrayLeafSpot1995.jpg,Gray Leaf Spot
/home/sivabharathi/Documents/FinalYearProject/CocoCare/ml/data/raw/mendeley/Bud Root Dropping/BudRootDropping453.jpg,Bud Root Dropping
/home/sivabharathi/Documents/FinalYearProject/CocoCare/ml/data/raw/mendeley/Leaf Rot/LeafRot1046.jpg,Leaf Rot
/home/sivabharathi/Documents/FinalYearProject/CocoCare/ml/data/raw/mendeley/Leaf Rot/LeafRot086.jpg,Leaf Rot
/home/sivabharathi/Documents/FinalYearProject/CocoCare/ml/data/raw/mendeley/Gray Leaf Spot/GrayLeafSpot726.jpg,Gray Leaf Spot
/home/sivabharathi/Documents/FinalYearProject/CocoCare/ml/data/raw/mendeley/Bud Rot/BudRot046.jpg,Bud Rot
/home/sivabharathi/Documents/FinalYearProject/CocoCare/ml/data/raw/mendeley/Gray Leaf Spot/GrayLeafSpot871.jpg,Gray Leaf Spot
/home/sivabharathi/Documents/FinalYearProject/CocoCare/ml/data/raw/mendeley/Gray Leaf Spot/GrayLeafSpot961.jpg,Gray Leaf Spot
/home/sivabharathi/Documents/FinalYearProject/CocoCare/ml/data/raw/mendeley/Gray Leaf Spot/GrayLeafSpot1154.jpg,Gray Leaf Spot
/home/sivabharathi/Documents/FinalYearProject/CocoCare/ml/data/raw/mendeley/Gray Leaf Spot/GrayLeafSpot1667.jpg,Gray Leaf Spot
/home/sivabharathi/Documents/FinalYearProject/CocoCare/ml/data/raw/mendeley/Leaf Rot/LeafRot1401.jpg,Leaf Rot
/home/sivabharathi/Documents/FinalYearProject/CocoCare/ml/data/raw/mendeley/Stem Bleeding/StemBleeding475.jpg,Stem Bleeding
/home/sivabharathi/Documents/FinalYearProject/CocoCare/ml/data/raw/mendeley/Gray Leaf Spot/GrayLeafSpot285.jpg,Gray Leaf Spot
/home/sivabharathi/Documents/FinalYearProject/CocoCare/ml/data/raw/mendeley/Bud Root Dropping/BudRootDropping240.jpg,Bud Root Dropping
/home/sivabharathi/Documents/FinalYearProject/CocoCare/ml/data/raw/mendeley/Leaf Rot/LeafRot236.jpg,Leaf Rot
/home/sivabharathi/Documents/FinalYearProject/CocoCare/ml/data/raw/mendeley/Bud Root Dropping/BudRootDropping221.jpg,Bud Root Dropping
/home/sivabharathi/Documents/FinalYearProject/CocoCare/ml/data/raw/mendeley/Stem Bleeding/StemBleeding627.jpg,Stem Bleeding
/home/sivabharathi/Documents/FinalYearProject/CocoCare/ml/data/raw/mendeley/Gray Leaf Spot/GrayLeafSpot369.jpg,Gray Leaf Spot
/home/sivabharathi/Documents/FinalYearProject/CocoCare/ml/data/raw/mendeley/Leaf Rot/LeafRot1548.jpg,Leaf Rot
/home/sivabharathi/Documents/FinalYearProject/CocoCare/ml/data/raw/mendeley/Gray Leaf Spot/GrayLeafSpot803.jpg,Gray Leaf Spot
/home/sivabharathi/Documents/FinalYearProject/CocoCare/ml/data/raw/mendeley/Leaf Rot/LeafRot1175.jpg,Leaf Rot
/home/sivabharathi/Documents/FinalYearProject/CocoCare/ml/data/raw/mendeley/Gray Leaf Spot/GrayLeafSpot1350.jpg,Gray Leaf Spot
/home/sivabharathi/Documents/FinalYearProject/CocoCare/ml/data/raw/mendeley/Leaf Rot/LeafRot434.jpg,Leaf Rot
/home/sivabharathi/Documents/FinalYearProject/CocoCare/ml/data/raw/mendeley/Gray Leaf Spot/GrayLeafSpot742.jpg,Gray Leaf Spot
/home/sivabharathi/Documents/FinalYearProject/CocoCare/ml/data/raw/mendeley/Gray Leaf Spot/GrayLeafSpot361.jpg,Gray Leaf Spot
/home/sivabharathi/Documents/FinalYearProject/CocoCare/ml/data/raw/mendeley/Leaf Rot/LeafRot1576.jpg,Leaf Rot
/home/sivabharathi/Documents/FinalYearProject/CocoCare/ml/data/raw/mendeley/Stem Bleeding/StemBleeding527.jpg,Stem Bleeding
/home/sivabharathi/Documents/FinalYearProject/CocoCare/ml/data/raw/mendeley/Leaf Rot/LeafRot1142.jpg,Leaf Rot
/home/sivabharathi/Documents/FinalYearProject/CocoCare/ml/data/raw/mendeley/Gray Leaf Spot/GrayLeafSpot326.jpg,Gray Leaf Spot
/home/sivabharathi/Documents/FinalYearProject/CocoCare/ml/data/raw/mendeley/Leaf Rot/LeafRot488.jpg,Leaf Rot
/home/sivabharathi/Documents/FinalYearProject/CocoCare/ml/data/raw/mendeley/Gray Leaf Spot/GrayLeafSpot2132.jpg,Gray Leaf Spot
/home/sivabharathi/Documents/FinalYearProject/CocoCare/ml/data/raw/mendeley/Bud Rot/BudRot107.jpg,Bud Rot
/home/sivabharathi/Documents/FinalYearProject/CocoCare/ml/data/raw/mendeley/Gray Leaf Spot/GrayLeafSpot273.jpg,Gray Leaf Spot
/home/sivabharathi/Documents/FinalYearProject/CocoCare/ml/data/raw/mendeley/Stem Bleeding/StemBleeding007.jpg,Stem Bleeding
/home/sivabharathi/Documents/FinalYearProject/CocoCare/ml/data/raw/mendeley/Bud Root Dropping/BudRootDropping302.jpg,Bud Root Dropping
/home/sivabharathi/Documents/FinalYearProject/CocoCare/ml/data/raw/mendeley/Bud Root Dropping/BudRootDropping343.jpg,Bud Root Dropping
/home/sivabharathi/Documents/FinalYearProject/CocoCare/ml/data/raw/mendeley/Leaf Rot/LeafRot415.jpg,Leaf Rot
/home/sivabharathi/Documents/FinalYearProject/CocoCare/ml/data/raw/mendeley/Bud Rot/BudRot147.jpg,Bud Rot
/home/sivabharathi/Documents/FinalYearProject/CocoCare/ml/data/raw/mendeley/Leaf Rot/LeafRot1301.jpg,Leaf Rot
/home/sivabharathi/Documents/FinalYearProject/CocoCare/ml/data/raw/mendeley/Bud Root Dropping/BudRootDropping213.jpg,Bud Root Dropping
/home/sivabharathi/Documents/FinalYearProject/CocoCare/ml/data/raw/mendeley/Stem Bleeding/StemBleeding088.jpg,Stem Bleeding
/home/sivabharathi/Documents/FinalYearProject/CocoCare/ml/data/raw/mendeley/Gray Leaf Spot/GrayLeafSpot1889.jpg,Gray Leaf Spot
/home/sivabharathi/Documents/FinalYearProject/CocoCare/ml/data/raw/mendeley/Bud Rot/BudRot388.jpg,Bud Rot
/home/sivabharathi/Documents/FinalYearProject/CocoCare/ml/data/raw/mendeley/Leaf Rot/LeafRot1114.jpg,Leaf Rot
/home/sivabharathi/Documents/FinalYearProject/CocoCare/ml/data/raw/mendeley/Gray Leaf Spot/GrayLeafSpot2047.jpg,Gray Leaf Spot
/home/sivabharathi/Documents/FinalYearProject/CocoCare/ml/data/raw/mendeley/Stem Bleeding/StemBleeding359.jpg,Stem Bleeding
/home/sivabharathi/Documents/FinalYearProject/CocoCare/ml/data/raw/mendeley/Bud Rot/BudRot058.jpg,Bud Rot
/home/sivabharathi/Documents/FinalYearProject/CocoCare/ml/data/raw/mendeley/Leaf Rot/LeafRot111.jpg,Leaf Rot
/home/sivabharathi/Documents/FinalYearProject/CocoCare/ml/data/raw/mendeley/Bud Rot/BudRot215.jpg,Bud Rot
/home/sivabharathi/Documents/FinalYearProject/CocoCare/ml/data/raw/mendeley/Leaf Rot/LeafRot1264.jpg,Leaf Rot
/home/sivabharathi/Documents/FinalYearProject/CocoCare/ml/data/raw/mendeley/Gray Leaf Spot/GrayLeafSpot1781.jpg,Gray Leaf Spot
/home/sivabharathi/Documents/FinalYearProject/CocoCare/ml/data/raw/mendeley/Bud Root Dropping/BudRootDropping026.jpg,Bud Root Dropping
/home/sivabharathi/Documents/FinalYearProject/CocoCare/ml/data/raw/mendeley/Stem Bleeding/StemBleeding014.jpg,Stem Bleeding
/home/sivabharathi/Documents/FinalYearProject/CocoCare/ml/data/raw/mendeley/Bud Rot/BudRot259.jpg,Bud Rot
/home/sivabharathi/Documents/FinalYearProject/CocoCare/ml/data/raw/mendeley/Gray Leaf Spot/GrayLeafSpot2032.jpg,Gray Leaf Spot
/home/sivabharathi/Documents/FinalYearProject/CocoCare/ml/data/raw/mendeley/Bud Rot/BudRot343.jpg,Bud Rot
/home/sivabharathi/Documents/FinalYearProject/CocoCare/ml/data/raw/mendeley/Bud Root Dropping/BudRootDropping261.jpg,Bud Root Dropping
/home/sivabharathi/Documents/FinalYearProject/CocoCare/ml/data/raw/mendeley/Gray Leaf Spot/GrayLeafSpot1020.jpg,Gray Leaf Spot
/home/sivabharathi/Documents/FinalYearProject/CocoCare/ml/data/raw/mendeley/Leaf Rot/LeafRot735.jpg,Leaf Rot
/home/sivabharathi/Documents/FinalYearProject/CocoCare/ml/data/raw/mendeley/Leaf Rot/LeafRot252.jpg,Leaf Rot
/home/sivabharathi/Documents/FinalYearProject/CocoCare/ml/data/raw/mendeley/Leaf Rot/LeafRot1566.jpg,Leaf Rot
/home/sivabharathi/Documents/FinalYearProject/CocoCare/ml/data/raw/mendeley/Gray Leaf Spot/GrayLeafSpot581.jpg,Gray Leaf Spot
/home/sivabharathi/Documents/FinalYearProject/CocoCare/ml/data/raw/mendeley/Leaf Rot/LeafRot1491.jpg,Leaf Rot
/home/sivabharathi/Documents/FinalYearProject/CocoCare/ml/data/raw/mendeley/Bud Root Dropping/BudRootDropping304.jpg,Bud Root Dropping
/home/sivabharathi/Documents/FinalYearProject/CocoCare/ml/data/raw/mendeley/Gray Leaf Spot/GrayLeafSpot539.jpg,Gray Leaf Spot
/home/sivabharathi/Documents/FinalYearProject/CocoCare/ml/data/raw/mendeley/Gray Leaf Spot/GrayLeafSpot1772.jpg,Gray Leaf Spot
/home/sivabharathi/Documents/FinalYearProject/CocoCare/ml/data/raw/mendeley/Stem Bleeding/StemBleeding913.jpg,Stem Bleeding
/home/sivabharathi/Documents/FinalYearProject/CocoCare/ml/data/raw/mendeley/Bud Root Dropping/BudRootDropping284.jpg,Bud Root Dropping
/home/sivabharathi/Documents/FinalYearProject/CocoCare/ml/data/raw/mendeley/Gray Leaf Spot/GrayLeafSpot316.jpg,Gray Leaf Spot
/home/sivabharathi/Documents/FinalYearProject/CocoCare/ml/data/raw/mendeley/Leaf Rot/LeafRot730.jpg,Leaf Rot
/home/sivabharathi/Documents/FinalYearProject/CocoCare/ml/data/raw/mendeley/Leaf Rot/LeafRot169.jpg,Leaf Rot
/home/sivabharathi/Documents/FinalYearProject/CocoCare/ml/data/raw/mendeley/Gray Leaf Spot/GrayLeafSpot1885.jpg,Gray Leaf Spot
/home/sivabharathi/Documents/FinalYearProject/CocoCare/ml/data/raw/mendeley/Gray Leaf Spot/GrayLeafSpot1964.jpg,Gray Leaf Spot
/home/sivabharathi/Documents/FinalYearProject/CocoCare/ml/data/raw/mendeley/Leaf Rot/LeafRot054.jpg,Leaf Rot
/home/sivabharathi/Documents/FinalYearProject/CocoCare/ml/data/raw/mendeley/Stem Bleeding/StemBleeding037.jpg,Stem Bleeding
/home/sivabharathi/Documents/FinalYearProject/CocoCare/ml/data/raw/mendeley/Stem Bleeding/StemBleeding522.jpg,Stem Bleeding
/home/sivabharathi/Documents/FinalYearProject/CocoCare/ml/data/raw/mendeley/Stem Bleeding/StemBleeding162.jpg,Stem Bleeding
/home/sivabharathi/Documents/FinalYearProject/CocoCare/ml/data/raw/mendeley/Gray Leaf Spot/GrayLeafSpot935.jpg,Gray Leaf Spot
/home/sivabharathi/Documents/FinalYearProject/CocoCare/ml/data/raw/mendeley/Leaf Rot/LeafRot714.jpg,Leaf Rot
/home/sivabharathi/Documents/FinalYearProject/CocoCare/ml/data/raw/mendeley/Gray Leaf Spot/GrayLeafSpot173.jpg,Gray Leaf Spot
/home/sivabharathi/Documents/FinalYearProject/CocoCare/ml/data/raw/mendeley/Gray Leaf Spot/GrayLeafSpot236.jpg,Gray Leaf Spot
/home/sivabharathi/Documents/FinalYearProject/CocoCare/ml/data/raw/mendeley/Gray Leaf Spot/GrayLeafSpot064.jpg,Gray Leaf Spot
/home/sivabharathi/Documents/FinalYearProject/CocoCare/ml/data/raw/mendeley/Bud Root Dropping/BudRootDropping449.jpg,Bud Root Dropping
/home/sivabharathi/Documents/FinalYearProject/CocoCare/ml/data/raw/mendeley/Gray Leaf Spot/GrayLeafSpot205.jpg,Gray Leaf Spot
/home/sivabharathi/Documents/FinalYearProject/CocoCare/ml/data/raw/mendeley/Stem Bleeding/StemBleeding592.jpg,Stem Bleeding
/home/sivabharathi/Documents/FinalYearProject/CocoCare/ml/data/raw/mendeley/Gray Leaf Spot/GrayLeafSpot462.jpg,Gray Leaf Spot
/home/sivabharathi/Documents/FinalYearProject/CocoCare/ml/data/raw/mendeley/Stem Bleeding/StemBleeding869.jpg,Stem Bleeding
/home/sivabharathi/Documents/FinalYearProject/CocoCare/ml/data/raw/mendeley/Bud Root Dropping/BudRootDropping510.jpg,Bud Root Dropping
/home/sivabharathi/Documents/FinalYearProject/CocoCare/ml/data/raw/mendeley/Gray Leaf Spot/GrayLeafSpot2098.jpg,Gray Leaf Spot
/home/sivabharathi/Documents/FinalYearProject/CocoCare/ml/data/raw/mendeley/Leaf Rot/LeafRot847.jpg,Leaf Rot
/home/sivabharathi/Documents/FinalYearProject/CocoCare/ml/data/raw/mendeley/Stem Bleeding/StemBleeding887.jpg,Stem Bleeding
/home/sivabharathi/Documents/FinalYearProject/CocoCare/ml/data/raw/mendeley/Leaf Rot/LeafRot1545.jpg,Leaf Rot
/home/sivabharathi/Documents/FinalYearProject/CocoCare/ml/data/raw/mendeley/Gray Leaf Spot/GrayLeafSpot1608.jpg,Gray Leaf Spot
/home/sivabharathi/Documents/FinalYearProject/CocoCare/ml/data/raw/mendeley/Bud Root Dropping/BudRootDropping391.jpg,Bud Root Dropping
/home/sivabharathi/Documents/FinalYearProject/CocoCare/ml/data/raw/mendeley/Stem Bleeding/StemBleeding919.jpg,Stem Bleeding
/home/sivabharathi/Documents/FinalYearProject/CocoCare/ml/data/raw/mendeley/Stem Bleeding/StemBleeding011.jpg,Stem Bleeding
/home/sivabharathi/Documents/FinalYearProject/CocoCare/ml/data/raw/mendeley/Leaf Rot/LeafRot1204.jpg,Leaf Rot
/home/sivabharathi/Documents/FinalYearProject/CocoCare/ml/data/raw/mendeley/Leaf Rot/LeafRot478.jpg,Leaf Rot
/home/sivabharathi/Documents/FinalYearProject/CocoCare/ml/data/raw/mendeley/Bud Rot/BudRot111.jpg,Bud Rot
/home/sivabharathi/Documents/FinalYearProject/CocoCare/ml/data/raw/mendeley/Leaf Rot/LeafRot1352.jpg,Leaf Rot
/home/sivabharathi/Documents/FinalYearProject/CocoCare/ml/data/raw/mendeley/Bud Root Dropping/BudRootDropping401.jpg,Bud Root Dropping
/home/sivabharathi/Documents/FinalYearProject/CocoCare/ml/data/raw/mendeley/Leaf Rot/LeafRot342.jpg,Leaf Rot
/home/sivabharathi/Documents/FinalYearProject/CocoCare/ml/data/raw/mendeley/Bud Rot/BudRot050.jpg,Bud Rot
/home/sivabharathi/Documents/FinalYearProject/CocoCare/ml/data/raw/mendeley/Gray Leaf Spot/GrayLeafSpot1952.jpg,Gray Leaf Spot
/home/sivabharathi/Documents/FinalYearProject/CocoCare/ml/data/raw/mendeley/Stem Bleeding/StemBleeding860.jpg,Stem Bleeding
/home/sivabharathi/Documents/FinalYearProject/CocoCare/ml/data/raw/mendeley/Gray Leaf Spot/GrayLeafSpot170.jpg,Gray Leaf Spot
/home/sivabharathi/Documents/FinalYearProject/CocoCare/ml/data/raw/mendeley/Gray Leaf Spot/GrayLeafSpot582.jpg,Gray Leaf Spot
/home/sivabharathi/Documents/FinalYearProject/CocoCare/ml/data/raw/mendeley/Stem Bleeding/StemBleeding990.jpg,Stem Bleeding
/home/sivabharathi/Documents/FinalYearProject/CocoCare/ml/data/raw/mendeley/Gray Leaf Spot/GrayLeafSpot432.jpg,Gray Leaf Spot
/home/sivabharathi/Documents/FinalYearProject/CocoCare/ml/data/raw/mendeley/Gray Leaf Spot/GrayLeafSpot1215.jpg,Gray Leaf Spot
/home/sivabharathi/Documents/FinalYearProject/CocoCare/ml/data/raw/mendeley/Stem Bleeding/StemBleeding084.jpg,Stem Bleeding
/home/sivabharathi/Documents/FinalYearProject/CocoCare/ml/data/raw/mendeley/Bud Rot/BudRot244.jpg,Bud Rot
/home/sivabharathi/Documents/FinalYearProject/CocoCare/ml/data/raw/mendeley/Gray Leaf Spot/GrayLeafSpot1053.jpg,Gray Leaf Spot
/home/sivabharathi/Documents/FinalYearProject/CocoCare/ml/data/raw/mendeley/Leaf Rot/LeafRot741.jpg,Leaf Rot
/home/sivabharathi/Documents/FinalYearProject/CocoCare/ml/data/raw/mendeley/Leaf Rot/LeafRot1400.jpg,Leaf Rot
/home/sivabharathi/Documents/FinalYearProject/CocoCare/ml/data/raw/mendeley/Stem Bleeding/StemBleeding110.jpg,Stem Bleeding
/home/sivabharathi/Documents/FinalYearProject/CocoCare/ml/data/raw/mendeley/Stem Bleeding/StemBleeding161.jpg,Stem Bleeding
/home/sivabharathi/Documents/FinalYearProject/CocoCare/ml/data/raw/mendeley/Bud Rot/BudRot418.jpg,Bud Rot
/home/sivabharathi/Documents/FinalYearProject/CocoCare/ml/data/raw/mendeley/Gray Leaf Spot/GrayLeafSpot1051.jpg,Gray Leaf Spot
/home/sivabharathi/Documents/FinalYearProject/CocoCare/ml/data/raw/mendeley/Gray Leaf Spot/GrayLeafSpot1879.jpg,Gray Leaf Spot
/home/sivabharathi/Documents/FinalYearProject/CocoCare/ml/data/raw/mendeley/Gray Leaf Spot/GrayLeafSpot922.jpg,Gray Leaf Spot
/home/sivabharathi/Documents/FinalYearProject/CocoCare/ml/data/raw/mendeley/Stem Bleeding/StemBleeding211.jpg,Stem Bleeding
/home/sivabharathi/Documents/FinalYearProject/CocoCare/ml/data/raw/mendeley/Gray Leaf Spot/GrayLeafSpot2104.jpg,Gray Leaf Spot
/home/sivabharathi/Documents/FinalYearProject/CocoCare/ml/data/raw/mendeley/Leaf Rot/LeafRot296.jpg,Leaf Rot
/home/sivabharathi/Documents/FinalYearProject/CocoCare/ml/data/raw/mendeley/Bud Rot/BudRot124.jpg,Bud Rot
/home/sivabharathi/Documents/FinalYearProject/CocoCare/ml/data/raw/mendeley/Leaf Rot/LeafRot003.jpg,Leaf Rot
/home/sivabharathi/Documents/FinalYearProject/CocoCare/ml/data/raw/mendeley/Gray Leaf Spot/GrayLeafSpot083.jpg,Gray Leaf Spot
/home/sivabharathi/Documents/FinalYearProject/CocoCare/ml/data/raw/mendeley/Leaf Rot/LeafRot1105.jpg,Leaf Rot
/home/sivabharathi/Documents/FinalYearProject/CocoCare/ml/data/raw/mendeley/Stem Bleeding/StemBleeding129.jpg,Stem Bleeding
/home/sivabharathi/Documents/FinalYearProject/CocoCare/ml/data/raw/mendeley/Leaf Rot/LeafRot1279.jpg,Leaf Rot
/home/sivabharathi/Documents/FinalYearProject/CocoCare/ml/data/raw/mendeley/Bud Rot/BudRot249.jpg,Bud Rot
/home/sivabharathi/Documents/FinalYearProject/CocoCare/ml/data/raw/mendeley/Stem Bleeding/StemBleeding618.jpg,Stem Bleeding
/home/sivabharathi/Documents/FinalYearProject/CocoCare/ml/data/raw/mendeley/Leaf Rot/LeafRot1336.jpg,Leaf Rot
/home/sivabharathi/Documents/FinalYearProject/CocoCare/ml/data/raw/mendeley/Bud Root Dropping/BudRootDropping424.jpg,Bud Root Dropping
/home/sivabharathi/Documents/FinalYearProject/CocoCare/ml/data/raw/mendeley/Gray Leaf Spot/GrayLeafSpot1692.jpg,Gray Leaf Spot
/home/sivabharathi/Documents/FinalYearProject/CocoCare/ml/data/raw/mendeley/Leaf Rot/LeafRot1503.jpg,Leaf Rot
/home/sivabharathi/Documents/FinalYearProject/CocoCare/ml/data/raw/mendeley/Leaf Rot/LeafRot689.jpg,Leaf Rot
/home/sivabharathi/Documents/FinalYearProject/CocoCare/ml/data/raw/mendeley/Gray Leaf Spot/GrayLeafSpot1594.jpg,Gray Leaf Spot
/home/sivabharathi/Documents/FinalYearProject/CocoCare/ml/data/raw/mendeley/Leaf Rot/LeafRot1198.jpg,Leaf Rot
/home/sivabharathi/Documents/FinalYearProject/CocoCare/ml/data/raw/mendeley/Gray Leaf Spot/GrayLeafSpot381.jpg,Gray Leaf Spot
/home/sivabharathi/Documents/FinalYearProject/CocoCare/ml/data/raw/mendeley/Gray Leaf Spot/GrayLeafSpot125.jpg,Gray Leaf Spot
/home/sivabharathi/Documents/FinalYearProject/CocoCare/ml/data/raw/mendeley/Gray Leaf Spot/GrayLeafSpot246.jpg,Gray Leaf Spot
/home/sivabharathi/Documents/FinalYearProject/CocoCare/ml/data/raw/mendeley/Gray Leaf Spot/GrayLeafSpot149.jpg,Gray Leaf Spot
/home/sivabharathi/Documents/FinalYearProject/CocoCare/ml/data/raw/mendeley/Gray Leaf Spot/GrayLeafSpot1708.jpg,Gray Leaf Spot
/home/sivabharathi/Documents/FinalYearProject/CocoCare/ml/data/raw/mendeley/Bud Rot/BudRot293.jpg,Bud Rot
/home/sivabharathi/Documents/FinalYearProject/CocoCare/ml/data/raw/mendeley/Leaf Rot/LeafRot532.jpg,Leaf Rot
/home/sivabharathi/Documents/FinalYearProject/CocoCare/ml/data/raw/mendeley/Leaf Rot/LeafRot378.jpg,Leaf Rot
/home/sivabharathi/Documents/FinalYearProject/CocoCare/ml/data/raw/mendeley/Gray Leaf Spot/GrayLeafSpot1759.jpg,Gray Leaf Spot
/home/sivabharathi/Documents/FinalYearProject/CocoCare/ml/data/raw/mendeley/Bud Rot/BudRot462.jpg,Bud Rot
/home/sivabharathi/Documents/FinalYearProject/CocoCare/ml/data/raw/mendeley/Gray Leaf Spot/GrayLeafSpot1729.jpg,Gray Leaf Spot
/home/sivabharathi/Documents/FinalYearProject/CocoCare/ml/data/raw/mendeley/Stem Bleeding/StemBleeding996.jpg,Stem Bleeding
/home/sivabharathi/Documents/FinalYearProject/CocoCare/ml/data/raw/mendeley/Bud Rot/BudRot238.jpg,Bud Rot
/home/sivabharathi/Documents/FinalYearProject/CocoCare/ml/data/raw/mendeley/Bud Rot/BudRot354.jpg,Bud Rot
/home/sivabharathi/Documents/FinalYearProject/CocoCare/ml/data/raw/mendeley/Leaf Rot/LeafRot117.jpg,Leaf Rot
/home/sivabharathi/Documents/FinalYearProject/CocoCare/ml/data/raw/mendeley/Leaf Rot/LeafRot695.jpg,Leaf Rot
/home/sivabharathi/Documents/FinalYearProject/CocoCare/ml/data/raw/mendeley/Stem Bleeding/StemBleeding718.jpg,Stem Bleeding
/home/sivabharathi/Documents/FinalYearProject/CocoCare/ml/data/raw/mendeley/Stem Bleeding/StemBleeding364.jpg,Stem Bleeding
/home/sivabharathi/Documents/FinalYearProject/CocoCare/ml/data/raw/mendeley/Gray Leaf Spot/GrayLeafSpot585.jpg,Gray Leaf Spot
/home/sivabharathi/Documents/FinalYearProject/CocoCare/ml/data/raw/mendeley/Stem Bleeding/StemBleeding779.jpg,Stem Bleeding
/home/sivabharathi/Documents/FinalYearProject/CocoCare/ml/data/raw/mendeley/Leaf Rot/LeafRot400.jpg,Leaf Rot
/home/sivabharathi/Documents/FinalYearProject/CocoCare/ml/data/raw/mendeley/Leaf Rot/LeafRot009.jpg,Leaf Rot
/home/sivabharathi/Documents/FinalYearProject/CocoCare/ml/data/raw/mendeley/Gray Leaf Spot/GrayLeafSpot202.jpg,Gray Leaf Spot
/home/sivabharathi/Documents/FinalYearProject/CocoCare/ml/data/raw/mendeley/Gray Leaf Spot/GrayLeafSpot1669.jpg,Gray Leaf Spot
/home/sivabharathi/Documents/FinalYearProject/CocoCare/ml/data/raw/mendeley/Leaf Rot/LeafRot1322.jpg,Leaf Rot
/home/sivabharathi/Documents/FinalYearProject/CocoCare/ml/data/raw/mendeley/Gray Leaf Spot/GrayLeafSpot1825.jpg,Gray Leaf Spot
/home/sivabharathi/Documents/FinalYearProject/CocoCare/ml/data/raw/mendeley/Leaf Rot/LeafRot724.jpg,Leaf Rot
/home/sivabharathi/Documents/FinalYearProject/CocoCare/ml/data/raw/mendeley/Leaf Rot/LeafRot1026.jpg,Leaf Rot
/home/sivabharathi/Documents/FinalYearProject/CocoCare/ml/data/raw/mendeley/Leaf Rot/LeafRot279.jpg,Leaf Rot
/home/sivabharathi/Documents/FinalYearProject/CocoCare/ml/data/raw/mendeley/Bud Rot/BudRot181.jpg,Bud Rot
/home/sivabharathi/Documents/FinalYearProject/CocoCare/ml/data/raw/mendeley/Stem Bleeding/StemBleeding056.jpg,Stem Bleeding
/home/sivabharathi/Documents/FinalYearProject/CocoCare/ml/data/raw/mendeley/Bud Root Dropping/BudRootDropping179.jpg,Bud Root Dropping
/home/sivabharathi/Documents/FinalYearProject/CocoCare/ml/data/raw/mendeley/Stem Bleeding/StemBleeding672.jpg,Stem Bleeding
/home/sivabharathi/Documents/FinalYearProject/CocoCare/ml/data/raw/mendeley/Stem Bleeding/StemBleeding236.jpg,Stem Bleeding
/home/sivabharathi/Documents/FinalYearProject/CocoCare/ml/data/raw/mendeley/Bud Rot/BudRot346.jpg,Bud Rot
/home/sivabharathi/Documents/FinalYearProject/CocoCare/ml/data/raw/mendeley/Gray Leaf Spot/GrayLeafSpot1427.jpg,Gray Leaf Spot
/home/sivabharathi/Documents/FinalYearProject/CocoCare/ml/data/raw/mendeley/Leaf Rot/LeafRot1623.jpg,Leaf Rot
/home/sivabharathi/Documents/FinalYearProject/CocoCare/ml/data/raw/mendeley/Leaf Rot/LeafRot1158.jpg,Leaf Rot
/home/sivabharathi/Documents/FinalYearProject/CocoCare/ml/data/raw/mendeley/Gray Leaf Spot/GrayLeafSpot948.jpg,Gray Leaf Spot
/home/sivabharathi/Documents/FinalYearProject/CocoCare/ml/data/raw/mendeley/Gray Leaf Spot/GrayLeafSpot597.jpg,Gray Leaf Spot
/home/sivabharathi/Documents/FinalYearProject/CocoCare/ml/data/raw/mendeley/Stem Bleeding/StemBleeding835.jpg,Stem Bleeding
/home/sivabharathi/Documents/FinalYearProject/CocoCare/ml/data/raw/mendeley/Gray Leaf Spot/GrayLeafSpot406.jpg,Gray Leaf Spot
/home/sivabharathi/Documents/FinalYearProject/CocoCare/ml/data/raw/mendeley/Gray Leaf Spot/GrayLeafSpot2031.jpg,Gray Leaf Spot
/home/sivabharathi/Documents/FinalYearProject/CocoCare/ml/data/raw/mendeley/Stem Bleeding/StemBleeding595.jpg,Stem Bleeding
/home/sivabharathi/Documents/FinalYearProject/CocoCare/ml/data/raw/mendeley/Stem Bleeding/StemBleeding805.jpg,Stem Bleeding
/home/sivabharathi/Documents/FinalYearProject/CocoCare/ml/data/raw/mendeley/Bud Root Dropping/BudRootDropping463.jpg,Bud Root Dropping
/home/sivabharathi/Documents/FinalYearProject/CocoCare/ml/data/raw/mendeley/Bud Rot/BudRot422.jpg,Bud Rot
/home/sivabharathi/Documents/FinalYearProject/CocoCare/ml/data/raw/mendeley/Bud Root Dropping/BudRootDropping037.jpg,Bud Root Dropping
/home/sivabharathi/Documents/FinalYearProject/CocoCare/ml/data/raw/mendeley/Leaf Rot/LeafRot587.jpg,Leaf Rot
/home/sivabharathi/Documents/FinalYearProject/CocoCare/ml/data/raw/mendeley/Gray Leaf Spot/GrayLeafSpot468.jpg,Gray Leaf Spot
/home/sivabharathi/Documents/FinalYearProject/CocoCare/ml/data/raw/mendeley/Gray Leaf Spot/GrayLeafSpot395.jpg,Gray Leaf Spot
/home/sivabharathi/Documents/FinalYearProject/CocoCare/ml/data/raw/mendeley/Bud Root Dropping/BudRootDropping045.jpg,Bud Root Dropping
/home/sivabharathi/Documents/FinalYearProject/CocoCare/ml/data/raw/mendeley/Gray Leaf Spot/GrayLeafSpot034.jpg,Gray Leaf Spot
/home/sivabharathi/Documents/FinalYearProject/CocoCare/ml/data/raw/mendeley/Bud Root Dropping/BudRootDropping288.jpg,Bud Root Dropping
/home/sivabharathi/Documents/FinalYearProject/CocoCare/ml/data/raw/mendeley/Gray Leaf Spot/GrayLeafSpot1747.jpg,Gray Leaf Spot
/home/sivabharathi/Documents/FinalYearProject/CocoCare/ml/data/raw/mendeley/Gray Leaf Spot/GrayLeafSpot443.jpg,Gray Leaf Spot
/home/sivabharathi/Documents/FinalYearProject/CocoCare/ml/data/raw/mendeley/Leaf Rot/LeafRot305.jpg,Leaf Rot
/home/sivabharathi/Documents/FinalYearProject/CocoCare/ml/data/raw/mendeley/Leaf Rot/LeafRot1061.jpg,Leaf Rot
/home/sivabharathi/Documents/FinalYearProject/CocoCare/ml/data/raw/mendeley/Stem Bleeding/StemBleeding666.jpg,Stem Bleeding
/home/sivabharathi/Documents/FinalYearProject/CocoCare/ml/data/raw/mendeley/Gray Leaf Spot/GrayLeafSpot199.jpg,Gray Leaf Spot
/home/sivabharathi/Documents/FinalYearProject/CocoCare/ml/data/raw/mendeley/Leaf Rot/LeafRot1408.jpg,Leaf Rot
/home/sivabharathi/Documents/FinalYearProject/CocoCare/ml/data/raw/mendeley/Gray Leaf Spot/GrayLeafSpot1590.jpg,Gray Leaf Spot
/home/sivabharathi/Documents/FinalYearProject/CocoCare/ml/data/raw/mendeley/Gray Leaf Spot/GrayLeafSpot357.jpg,Gray Leaf Spot
/home/sivabharathi/Documents/FinalYearProject/CocoCare/ml/data/raw/mendeley/Leaf Rot/LeafRot1672.jpg,Leaf Rot
/home/sivabharathi/Documents/FinalYearProject/CocoCare/ml/data/raw/mendeley/Leaf Rot/LeafRot961.jpg,Leaf Rot
/home/sivabharathi/Documents/FinalYearProject/CocoCare/ml/data/raw/mendeley/Gray Leaf Spot/GrayLeafSpot1153.jpg,Gray Leaf Spot
/home/sivabharathi/Documents/FinalYearProject/CocoCare/ml/data/raw/mendeley/Gray Leaf Spot/GrayLeafSpot1131.jpg,Gray Leaf Spot
/home/sivabharathi/Documents/FinalYearProject/CocoCare/ml/data/raw/mendeley/Gray Leaf Spot/GrayLeafSpot248.jpg,Gray Leaf Spot
/home/sivabharathi/Documents/FinalYearProject/CocoCare/ml/data/raw/mendeley/Gray Leaf Spot/GrayLeafSpot1923.jpg,Gray Leaf Spot
/home/sivabharathi/Documents/FinalYearProject/CocoCare/ml/data/raw/mendeley/Gray Leaf Spot/GrayLeafSpot777.jpg,Gray Leaf Spot
/home/sivabharathi/Documents/FinalYearProject/CocoCare/ml/data/raw/mendeley/Leaf Rot/LeafRot144.jpg,Leaf Rot
/home/sivabharathi/Documents/FinalYearProject/CocoCare/ml/data/raw/mendeley/Leaf Rot/LeafRot157.jpg,Leaf Rot
/home/sivabharathi/Documents/FinalYearProject/CocoCare/ml/data/raw/mendeley/Stem Bleeding/StemBleeding879.jpg,Stem Bleeding
/home/sivabharathi/Documents/FinalYearProject/CocoCare/ml/data/raw/mendeley/Gray Leaf Spot/GrayLeafSpot152.jpg,Gray Leaf Spot
/home/sivabharathi/Documents/FinalYearProject/CocoCare/ml/data/raw/mendeley/Stem Bleeding/StemBleeding577.jpg,Stem Bleeding
/home/sivabharathi/Documents/FinalYearProject/CocoCare/ml/data/raw/mendeley/Stem Bleeding/StemBleeding095.jpg,Stem Bleeding
/home/sivabharathi/Documents/FinalYearProject/CocoCare/ml/data/raw/mendeley/Gray Leaf Spot/GrayLeafSpot1651.jpg,Gray Leaf Spot
/home/sivabharathi/Documents/FinalYearProject/CocoCare/ml/data/raw/mendeley/Gray Leaf Spot/GrayLeafSpot1959.jpg,Gray Leaf Spot
/home/sivabharathi/Documents/FinalYearProject/CocoCare/ml/data/raw/mendeley/Bud Rot/BudRot126.jpg,Bud Rot
/home/sivabharathi/Documents/FinalYearProject/CocoCare/ml/data/raw/mendeley/Leaf Rot/LeafRot505.jpg,Leaf Rot
/home/sivabharathi/Documents/FinalYearProject/CocoCare/ml/data/raw/mendeley/Gray Leaf Spot/GrayLeafSpot2076.jpg,Gray Leaf Spot
/home/sivabharathi/Documents/FinalYearProject/CocoCare/ml/data/raw/mendeley/Leaf Rot/LeafRot1048.jpg,Leaf Rot
/home/sivabharathi/Documents/FinalYearProject/CocoCare/ml/data/raw/mendeley/Bud Root Dropping/BudRootDropping376.jpg,Bud Root Dropping
/home/sivabharathi/Documents/FinalYearProject/CocoCare/ml/data/raw/mendeley/Gray Leaf Spot/GrayLeafSpot1356.jpg,Gray Leaf Spot
/home/sivabharathi/Documents/FinalYearProject/CocoCare/ml/data/raw/mendeley/Gray Leaf Spot/GrayLeafSpot794.jpg,Gray Leaf Spot
/home/sivabharathi/Documents/FinalYearProject/CocoCare/ml/data/raw/mendeley/Gray Leaf Spot/GrayLeafSpot835.jpg,Gray Leaf Spot
/home/sivabharathi/Documents/FinalYearProject/CocoCare/ml/data/raw/mendeley/Bud Root Dropping/BudRootDropping092.jpg,Bud Root Dropping
/home/sivabharathi/Documents/FinalYearProject/CocoCare/ml/data/raw/mendeley/Stem Bleeding/StemBleeding246.jpg,Stem Bleeding
/home/sivabharathi/Documents/FinalYearProject/CocoCare/ml/data/raw/mendeley/Stem Bleeding/StemBleeding185.jpg,Stem Bleeding
/home/sivabharathi/Documents/FinalYearProject/CocoCare/ml/data/raw/mendeley/Leaf Rot/LeafRot065.jpg,Leaf Rot
/home/sivabharathi/Documents/FinalYearProject/CocoCare/ml/data/raw/mendeley/Bud Root Dropping/BudRootDropping290.jpg,Bud Root Dropping
/home/sivabharathi/Documents/FinalYearProject/CocoCare/ml/data/raw/mendeley/Leaf Rot/LeafRot1156.jpg,Leaf Rot
/home/sivabharathi/Documents/FinalYearProject/CocoCare/ml/data/raw/mendeley/Gray Leaf Spot/GrayLeafSpot1411.jpg,Gray Leaf Spot
/home/sivabharathi/Documents/FinalYearProject/CocoCare/ml/data/raw/mendeley/Stem Bleeding/StemBleeding183.jpg,Stem Bleeding
/home/sivabharathi/Documents/FinalYearProject/CocoCare/ml/data/raw/mendeley/Leaf Rot/LeafRot1101.jpg,Leaf Rot
/home/sivabharathi/Documents/FinalYearProject/CocoCare/ml/data/raw/mendeley/Gray Leaf Spot/GrayLeafSpot1826.jpg,Gray Leaf Spot
/home/sivabharathi/Documents/FinalYearProject/CocoCare/ml/data/raw/mendeley/Bud Rot/BudRot080.jpg,Bud Rot
/home/sivabharathi/Documents/FinalYearProject/CocoCare/ml/data/raw/mendeley/Leaf Rot/LeafRot1345.jpg,Leaf Rot
/home/sivabharathi/Documents/FinalYearProject/CocoCare/ml/data/raw/mendeley/Leaf Rot/LeafRot596.jpg,Leaf Rot
/home/sivabharathi/Documents/FinalYearProject/CocoCare/ml/data/raw/mendeley/Leaf Rot/LeafRot1463.jpg,Leaf Rot
/home/sivabharathi/Documents/FinalYearProject/CocoCare/ml/data/raw/mendeley/Stem Bleeding/StemBleeding793.jpg,Stem Bleeding
/home/sivabharathi/Documents/FinalYearProject/CocoCare/ml/data/raw/mendeley/Leaf Rot/LeafRot1502.jpg,Leaf Rot
/home/sivabharathi/Documents/FinalYearProject/CocoCare/ml/data/raw/mendeley/Gray Leaf Spot/GrayLeafSpot1936.jpg,Gray Leaf Spot
/home/sivabharathi/Documents/FinalYearProject/CocoCare/ml/data/raw/mendeley/Gray Leaf Spot/GrayLeafSpot601.jpg,Gray Leaf Spot
/home/sivabharathi/Documents/FinalYearProject/CocoCare/ml/data/raw/mendeley/Leaf Rot/LeafRot1035.jpg,Leaf Rot
/home/sivabharathi/Documents/FinalYearProject/CocoCare/ml/data/raw/mendeley/Bud Rot/BudRot452.jpg,Bud Rot
/home/sivabharathi/Documents/FinalYearProject/CocoCare/ml/data/raw/mendeley/Leaf Rot/LeafRot407.jpg,Leaf Rot
/home/sivabharathi/Documents/FinalYearProject/CocoCare/ml/data/raw/mendeley/Gray Leaf Spot/GrayLeafSpot1268.jpg,Gray Leaf Spot
/home/sivabharathi/Documents/FinalYearProject/CocoCare/ml/data/raw/mendeley/Gray Leaf Spot/GrayLeafSpot2058.jpg,Gray Leaf Spot
/home/sivabharathi/Documents/FinalYearProject/CocoCare/ml/data/raw/mendeley/Gray Leaf Spot/GrayLeafSpot211.jpg,Gray Leaf Spot
/home/sivabharathi/Documents/FinalYearProject/CocoCare/ml/data/raw/mendeley/Bud Rot/BudRot406.jpg,Bud Rot
/home/sivabharathi/Documents/FinalYearProject/CocoCare/ml/data/raw/mendeley/Leaf Rot/LeafRot006.jpg,Leaf Rot
/home/sivabharathi/Documents/FinalYearProject/CocoCare/ml/data/raw/mendeley/Gray Leaf Spot/GrayLeafSpot669.jpg,Gray Leaf Spot
/home/sivabharathi/Documents/FinalYearProject/CocoCare/ml/data/raw/mendeley/Bud Rot/BudRot273.jpg,Bud Rot
/home/sivabharathi/Documents/FinalYearProject/CocoCare/ml/data/raw/mendeley/Bud Root Dropping/BudRootDropping484.jpg,Bud Root Dropping
/home/sivabharathi/Documents/FinalYearProject/CocoCare/ml/data/raw/mendeley/Leaf Rot/LeafRot1256.jpg,Leaf Rot
/home/sivabharathi/Documents/FinalYearProject/CocoCare/ml/data/raw/mendeley/Gray Leaf Spot/GrayLeafSpot714.jpg,Gray Leaf Spot
/home/sivabharathi/Documents/FinalYearProject/CocoCare/ml/data/raw/mendeley/Leaf Rot/LeafRot251.jpg,Leaf Rot
/home/sivabharathi/Documents/FinalYearProject/CocoCare/ml/data/raw/mendeley/Gray Leaf Spot/GrayLeafSpot909.jpg,Gray Leaf Spot
/home/sivabharathi/Documents/FinalYearProject/CocoCare/ml/data/raw/mendeley/Gray Leaf Spot/GrayLeafSpot1447.jpg,Gray Leaf Spot
/home/sivabharathi/Documents/FinalYearProject/CocoCare/ml/data/raw/mendeley/Leaf Rot/LeafRot662.jpg,Leaf Rot
/home/sivabharathi/Documents/FinalYearProject/CocoCare/ml/data/raw/mendeley/Gray Leaf Spot/GrayLeafSpot123.jpg,Gray Leaf Spot
/home/sivabharathi/Documents/FinalYearProject/CocoCare/ml/data/raw/mendeley/Stem Bleeding/StemBleeding795.jpg,Stem Bleeding
/home/sivabharathi/Documents/FinalYearProject/CocoCare/ml/data/raw/mendeley/Leaf Rot/LeafRot1186.jpg,Leaf Rot
/home/sivabharathi/Documents/FinalYearProject/CocoCare/ml/data/raw/mendeley/Bud Root Dropping/BudRootDropping206.jpg,Bud Root Dropping
/home/sivabharathi/Documents/FinalYearProject/CocoCare/ml/data/raw/mendeley/Bud Root Dropping/BudRootDropping315.jpg,Bud Root Dropping
/home/sivabharathi/Documents/FinalYearProject/CocoCare/ml/data/raw/mendeley/Gray Leaf Spot/GrayLeafSpot1813.jpg,Gray Leaf Spot
/home/sivabharathi/Documents/FinalYearProject/CocoCare/ml/data/raw/mendeley/Gray Leaf Spot/GrayLeafSpot2088.jpg,Gray Leaf Spot
/home/sivabharathi/Documents/FinalYearProject/CocoCare/ml/data/raw/mendeley/Leaf Rot/LeafRot433.jpg,Leaf Rot
/home/sivabharathi/Documents/FinalYearProject/CocoCare/ml/data/raw/mendeley/Gray Leaf Spot/GrayLeafSpot1814.jpg,Gray Leaf Spot
/home/sivabharathi/Documents/FinalYearProject/CocoCare/ml/data/raw/mendeley/Bud Rot/BudRot180.jpg,Bud Rot
/home/sivabharathi/Documents/FinalYearProject/CocoCare/ml/data/raw/mendeley/Stem Bleeding/StemBleeding993.jpg,Stem Bleeding
/home/sivabharathi/Documents/FinalYearProject/CocoCare/ml/data/raw/mendeley/Gray Leaf Spot/GrayLeafSpot1734.jpg,Gray Leaf Spot
/home/sivabharathi/Documents/FinalYearProject/CocoCare/ml/data/raw/mendeley/Stem Bleeding/StemBleeding384.jpg,Stem Bleeding
/home/sivabharathi/Documents/FinalYearProject/CocoCare/ml/data/raw/mendeley/Leaf Rot/LeafRot1146.jpg,Leaf Rot
/home/sivabharathi/Documents/FinalYearProject/CocoCare/ml/data/raw/mendeley/Gray Leaf Spot/GrayLeafSpot970.jpg,Gray Leaf Spot
/home/sivabharathi/Documents/FinalYearProject/CocoCare/ml/data/raw/mendeley/Stem Bleeding/StemBleeding029.jpg,Stem Bleeding
/home/sivabharathi/Documents/FinalYearProject/CocoCare/ml/data/raw/mendeley/Gray Leaf Spot/GrayLeafSpot1975.jpg,Gray Leaf Spot
/home/sivabharathi/Documents/FinalYearProject/CocoCare/ml/data/raw/mendeley/Gray Leaf Spot/GrayLeafSpot116.jpg,Gray Leaf Spot
/home/sivabharathi/Documents/FinalYearProject/CocoCare/ml/data/raw/mendeley/Leaf Rot/LeafRot098.jpg,Leaf Rot
/home/sivabharathi/Documents/FinalYearProject/CocoCare/ml/data/raw/mendeley/Leaf Rot/LeafRot1118.jpg,Leaf Rot
/home/sivabharathi/Documents/FinalYearProject/CocoCare/ml/data/raw/mendeley/Gray Leaf Spot/GrayLeafSpot136.jpg,Gray Leaf Spot
/home/sivabharathi/Documents/FinalYearProject/CocoCare/ml/data/raw/mendeley/Stem Bleeding/StemBleeding598.jpg,Stem Bleeding
/home/sivabharathi/Documents/FinalYearProject/CocoCare/ml/data/raw/mendeley/Leaf Rot/LeafRot679.jpg,Leaf Rot
/home/sivabharathi/Documents/FinalYearProject/CocoCare/ml/data/raw/mendeley/Stem Bleeding/StemBleeding707.jpg,Stem Bleeding
/home/sivabharathi/Documents/FinalYearProject/CocoCare/ml/data/raw/mendeley/Stem Bleeding/StemBleeding519.jpg,Stem Bleeding
/home/sivabharathi/Documents/FinalYearProject/CocoCare/ml/data/raw/mendeley/Bud Rot/BudRot157.jpg,Bud Rot
/home/sivabharathi/Documents/FinalYearProject/CocoCare/ml/data/raw/mendeley/Leaf Rot/LeafRot942.jpg,Leaf Rot
/home/sivabharathi/Documents/FinalYearProject/CocoCare/ml/data/raw/mendeley/Leaf Rot/LeafRot1362.jpg,Leaf Rot
/home/sivabharathi/Documents/FinalYearProject/CocoCare/ml/data/raw/mendeley/Stem Bleeding/StemBleeding958.jpg,Stem Bleeding
/home/sivabharathi/Documents/FinalYearProject/CocoCare/ml/data/raw/mendeley/Stem Bleeding/StemBleeding950.jpg,Stem Bleeding
/home/sivabharathi/Documents/FinalYearProject/CocoCare/ml/data/raw/mendeley/Bud Root Dropping/BudRootDropping320.jpg,Bud Root Dropping
/home/sivabharathi/Documents/FinalYearProject/CocoCare/ml/data/raw/mendeley/Stem Bleeding/StemBleeding561.jpg,Stem Bleeding
/home/sivabharathi/Documents/FinalYearProject/CocoCare/ml/data/raw/mendeley/Gray Leaf Spot/GrayLeafSpot864.jpg,Gray Leaf Spot
/home/sivabharathi/Documents/FinalYearProject/CocoCare/ml/data/raw/mendeley/Stem Bleeding/StemBleeding446.jpg,Stem Bleeding
/home/sivabharathi/Documents/FinalYearProject/CocoCare/ml/data/raw/mendeley/Gray Leaf Spot/GrayLeafSpot1584.jpg,Gray Leaf Spot
/home/sivabharathi/Documents/FinalYearProject/CocoCare/ml/data/raw/mendeley/Gray Leaf Spot/GrayLeafSpot1819.jpg,Gray Leaf Spot
/home/sivabharathi/Documents/FinalYearProject/CocoCare/ml/data/raw/mendeley/Bud Root Dropping/BudRootDropping053.jpg,Bud Root Dropping
/home/sivabharathi/Documents/FinalYearProject/CocoCare/ml/data/raw/mendeley/Gray Leaf Spot/GrayLeafSpot1903.jpg,Gray Leaf Spot
/home/sivabharathi/Documents/FinalYearProject/CocoCare/ml/data/raw/mendeley/Leaf Rot/LeafRot177.jpg,Leaf Rot
/home/sivabharathi/Documents/FinalYearProject/CocoCare/ml/data/raw/mendeley/Bud Root Dropping/BudRootDropping374.jpg,Bud Root Dropping
/home/sivabharathi/Documents/FinalYearProject/CocoCare/ml/data/raw/mendeley/Leaf Rot/LeafRot491.jpg,Leaf Rot
/home/sivabharathi/Documents/FinalYearProject/CocoCare/ml/data/raw/mendeley/Gray Leaf Spot/GrayLeafSpot127.jpg,Gray Leaf Spot
/home/sivabharathi/Documents/FinalYearProject/CocoCare/ml/data/raw/mendeley/Gray Leaf Spot/GrayLeafSpot852.jpg,Gray Leaf Spot
/home/sivabharathi/Documents/FinalYearProject/CocoCare/ml/data/raw/mendeley/Leaf Rot/LeafRot1438.jpg,Leaf Rot
/home/sivabharathi/Documents/FinalYearProject/CocoCare/ml/data/raw/mendeley/Stem Bleeding/StemBleeding682.jpg,Stem Bleeding
/home/sivabharathi/Documents/FinalYearProject/CocoCare/ml/data/raw/mendeley/Gray Leaf Spot/GrayLeafSpot1401.jpg,Gray Leaf Spot
/home/sivabharathi/Documents/FinalYearProject/CocoCare/ml/data/raw/mendeley/Leaf Rot/LeafRot842.jpg,Leaf Rot
/home/sivabharathi/Documents/FinalYearProject/CocoCare/ml/data/raw/mendeley/Gray Leaf Spot/GrayLeafSpot1261.jpg,Gray Leaf Spot
/home/sivabharathi/Documents/FinalYearProject/CocoCare/ml/data/raw/mendeley/Leaf Rot/LeafRot1328.jpg,Leaf Rot
/home/sivabharathi/Documents/FinalYearProject/CocoCare/ml/data/raw/mendeley/Bud Rot/BudRot087.jpg,Bud Rot
/home/sivabharathi/Documents/FinalYearProject/CocoCare/ml/data/raw/mendeley/Stem Bleeding/StemBleeding063.jpg,Stem Bleeding
/home/sivabharathi/Documents/FinalYearProject/CocoCare/ml/data/raw/mendeley/Bud Root Dropping/BudRootDropping027.jpg,Bud Root Dropping
/home/sivabharathi/Documents/FinalYearProject/CocoCare/ml/data/raw/mendeley/Stem Bleeding/StemBleeding928.jpg,Stem Bleeding
/home/sivabharathi/Documents/FinalYearProject/CocoCare/ml/data/raw/mendeley/Bud Root Dropping/BudRootDropping013.jpg,Bud Root Dropping
/home/sivabharathi/Documents/FinalYearProject/CocoCare/ml/data/raw/mendeley/Stem Bleeding/StemBleeding911.jpg,Stem Bleeding
/home/sivabharathi/Documents/FinalYearProject/CocoCare/ml/data/raw/mendeley/Leaf Rot/LeafRot503.jpg,Leaf Rot
/home/sivabharathi/Documents/FinalYearProject/CocoCare/ml/data/raw/mendeley/Bud Root Dropping/BudRootDropping367.jpg,Bud Root Dropping
/home/sivabharathi/Documents/FinalYearProject/CocoCare/ml/data/raw/mendeley/Leaf Rot/LeafRot339.jpg,Leaf Rot
/home/sivabharathi/Documents/FinalYearProject/CocoCare/ml/data/raw/mendeley/Leaf Rot/LeafRot1514.jpg,Leaf Rot
/home/sivabharathi/Documents/FinalYearProject/CocoCare/ml/data/raw/mendeley/Leaf Rot/LeafRot437.jpg,Leaf Rot
/home/sivabharathi/Documents/FinalYearProject/CocoCare/ml/data/raw/mendeley/Gray Leaf Spot/GrayLeafSpot385.jpg,Gray Leaf Spot
/home/sivabharathi/Documents/FinalYearProject/CocoCare/ml/data/raw/mendeley/Gray Leaf Spot/GrayLeafSpot877.jpg,Gray Leaf Spot
/home/sivabharathi/Documents/FinalYearProject/CocoCare/ml/data/raw/mendeley/Leaf Rot/LeafRot1356.jpg,Leaf Rot
/home/sivabharathi/Documents/FinalYearProject/CocoCare/ml/data/raw/mendeley/Leaf Rot/LeafRot074.jpg,Leaf Rot
/home/sivabharathi/Documents/FinalYearProject/CocoCare/ml/data/raw/mendeley/Stem Bleeding/StemBleeding398.jpg,Stem Bleeding
/home/sivabharathi/Documents/FinalYearProject/CocoCare/ml/data/raw/mendeley/Gray Leaf Spot/GrayLeafSpot1157.jpg,Gray Leaf Spot
/home/sivabharathi/Documents/FinalYearProject/CocoCare/ml/data/raw/mendeley/Bud Rot/BudRot350.jpg,Bud Rot
/home/sivabharathi/Documents/FinalYearProject/CocoCare/ml/data/raw/mendeley/Leaf Rot/LeafRot575.jpg,Leaf Rot
/home/sivabharathi/Documents/FinalYearProject/CocoCare/ml/data/raw/mendeley/Gray Leaf Spot/GrayLeafSpot1748.jpg,Gray Leaf Spot
/home/sivabharathi/Documents/FinalYearProject/CocoCare/ml/data/raw/mendeley/Bud Rot/BudRot344.jpg,Bud Rot
/home/sivabharathi/Documents/FinalYearProject/CocoCare/ml/data/raw/mendeley/Leaf Rot/LeafRot1665.jpg,Leaf Rot
/home/sivabharathi/Documents/FinalYearProject/CocoCare/ml/data/raw/mendeley/Gray Leaf Spot/GrayLeafSpot215.jpg,Gray Leaf Spot
/home/sivabharathi/Documents/FinalYearProject/CocoCare/ml/data/raw/mendeley/Bud Root Dropping/BudRootDropping396.jpg,Bud Root Dropping
/home/sivabharathi/Documents/FinalYearProject/CocoCare/ml/data/raw/mendeley/Bud Rot/BudRot339.jpg,Bud Rot
/home/sivabharathi/Documents/FinalYearProject/CocoCare/ml/data/raw/mendeley/Leaf Rot/LeafRot1235.jpg,Leaf Rot
/home/sivabharathi/Documents/FinalYearProject/CocoCare/ml/data/raw/mendeley/Stem Bleeding/StemBleeding675.jpg,Stem Bleeding
/home/sivabharathi/Documents/FinalYearProject/CocoCare/ml/data/raw/mendeley/Leaf Rot/LeafRot353.jpg,Leaf Rot
/home/sivabharathi/Documents/FinalYearProject/CocoCare/ml/data/raw/mendeley/Stem Bleeding/StemBleeding636.jpg,Stem Bleeding
/home/sivabharathi/Documents/FinalYearProject/CocoCare/ml/data/raw/mendeley/Bud Root Dropping/BudRootDropping439.jpg,Bud Root Dropping
/home/sivabharathi/Documents/FinalYearProject/CocoCare/ml/data/raw/mendeley/Leaf Rot/LeafRot1662.jpg,Leaf Rot
/home/sivabharathi/Documents/FinalYearProject/CocoCare/ml/data/raw/mendeley/Gray Leaf Spot/GrayLeafSpot105.jpg,Gray Leaf Spot
/home/sivabharathi/Documents/FinalYearProject/CocoCare/ml/data/raw/mendeley/Gray Leaf Spot/GrayLeafSpot1383.jpg,Gray Leaf Spot
/home/sivabharathi/Documents/FinalYearProject/CocoCare/ml/data/raw/mendeley/Gray Leaf Spot/GrayLeafSpot317.jpg,Gray Leaf Spot
/home/sivabharathi/Documents/FinalYearProject/CocoCare/ml/data/raw/mendeley/Gray Leaf Spot/GrayLeafSpot1575.jpg,Gray Leaf Spot
/home/sivabharathi/Documents/FinalYearProject/CocoCare/ml/data/raw/mendeley/Stem Bleeding/StemBleeding020.jpg,Stem Bleeding
/home/sivabharathi/Documents/FinalYearProject/CocoCare/ml/data/raw/mendeley/Gray Leaf Spot/GrayLeafSpot111.jpg,Gray Leaf Spot
/home/sivabharathi/Documents/FinalYearProject/CocoCare/ml/data/raw/mendeley/Gray Leaf Spot/GrayLeafSpot1509.jpg,Gray Leaf Spot
/home/sivabharathi/Documents/FinalYearProject/CocoCare/ml/data/raw/mendeley/Bud Rot/BudRot299.jpg,Bud Rot
/home/sivabharathi/Documents/FinalYearProject/CocoCare/ml/data/raw/mendeley/Stem Bleeding/StemBleeding205.jpg,Stem Bleeding
/home/sivabharathi/Documents/FinalYearProject/CocoCare/ml/data/raw/mendeley/Leaf Rot/LeafRot372.jpg,Leaf Rot
/home/sivabharathi/Documents/FinalYearProject/CocoCare/ml/data/raw/mendeley/Leaf Rot/LeafRot165.jpg,Leaf Rot
/home/sivabharathi/Documents/FinalYearProject/CocoCare/ml/data/raw/mendeley/Gray Leaf Spot/GrayLeafSpot855.jpg,Gray Leaf Spot
/home/sivabharathi/Documents/FinalYearProject/CocoCare/ml/data/raw/mendeley/Gray Leaf Spot/GrayLeafSpot076.jpg,Gray Leaf Spot
/home/sivabharathi/Documents/FinalYearProject/CocoCare/ml/data/raw/mendeley/Leaf Rot/LeafRot069.jpg,Leaf Rot
/home/sivabharathi/Documents/FinalYearProject/CocoCare/ml/data/raw/mendeley/Stem Bleeding/StemBleeding071.jpg,Stem Bleeding
/home/sivabharathi/Documents/FinalYearProject/CocoCare/ml/data/raw/mendeley/Gray Leaf Spot/GrayLeafSpot094.jpg,Gray Leaf Spot
/home/sivabharathi/Documents/FinalYearProject/CocoCare/ml/data/raw/mendeley/Leaf Rot/LeafRot1144.jpg,Leaf Rot
/home/sivabharathi/Documents/FinalYearProject/CocoCare/ml/data/raw/mendeley/Stem Bleeding/StemBleeding074.jpg,Stem Bleeding
/home/sivabharathi/Documents/FinalYearProject/CocoCare/ml/data/raw/mendeley/Gray Leaf Spot/GrayLeafSpot1438.jpg,Gray Leaf Spot
/home/sivabharathi/Documents/FinalYearProject/CocoCare/ml/data/raw/mendeley/Leaf Rot/LeafRot1150.jpg,Leaf Rot
/home/sivabharathi/Documents/FinalYearProject/CocoCare/ml/data/raw/mendeley/Leaf Rot/LeafRot427.jpg,Leaf Rot
/home/sivabharathi/Documents/FinalYearProject/CocoCare/ml/data/raw/mendeley/Leaf Rot/LeafRot866.jpg,Leaf Rot
/home/sivabharathi/Documents/FinalYearProject/CocoCare/ml/data/raw/mendeley/Leaf Rot/LeafRot641.jpg,Leaf Rot
/home/sivabharathi/Documents/FinalYearProject/CocoCare/ml/data/raw/mendeley/Leaf Rot/LeafRot1605.jpg,Leaf Rot
/home/sivabharathi/Documents/FinalYearProject/CocoCare/ml/data/raw/mendeley/Leaf Rot/LeafRot943.jpg,Leaf Rot
/home/sivabharathi/Documents/FinalYearProject/CocoCare/ml/data/raw/mendeley/Leaf Rot/LeafRot1619.jpg,Leaf Rot
/home/sivabharathi/Documents/FinalYearProject/CocoCare/ml/data/raw/mendeley/Stem Bleeding/StemBleeding671.jpg,Stem Bleeding
/home/sivabharathi/Documents/FinalYearProject/CocoCare/ml/data/raw/mendeley/Leaf Rot/LeafRot464.jpg,Leaf Rot
/home/sivabharathi/Documents/FinalYearProject/CocoCare/ml/data/raw/mendeley/Leaf Rot/LeafRot161.jpg,Leaf Rot
/home/sivabharathi/Documents/FinalYearProject/CocoCare/ml/data/raw/mendeley/Gray Leaf Spot/GrayLeafSpot983.jpg,Gray Leaf Spot
/home/sivabharathi/Documents/FinalYearProject/CocoCare/ml/data/raw/mendeley/Gray Leaf Spot/GrayLeafSpot1209.jpg,Gray Leaf Spot
/home/sivabharathi/Documents/FinalYearProject/CocoCare/ml/data/raw/mendeley/Bud Rot/BudRot211.jpg,Bud Rot
/home/sivabharathi/Documents/FinalYearProject/CocoCare/ml/data/raw/mendeley/Leaf Rot/LeafRot210.jpg,Leaf Rot
/home/sivabharathi/Documents/FinalYearProject/CocoCare/ml/data/raw/mendeley/Gray Leaf Spot/GrayLeafSpot1524.jpg,Gray Leaf Spot
/home/sivabharathi/Documents/FinalYearProject/CocoCare/ml/data/raw/mendeley/Stem Bleeding/StemBleeding368.jpg,Stem Bleeding
/home/sivabharathi/Documents/FinalYearProject/CocoCare/ml/data/raw/mendeley/Bud Root Dropping/BudRootDropping073.jpg,Bud Root Dropping
/home/sivabharathi/Documents/FinalYearProject/CocoCare/ml/data/raw/mendeley/Gray Leaf Spot/GrayLeafSpot899.jpg,Gray Leaf Spot
/home/sivabharathi/Documents/FinalYearProject/CocoCare/ml/data/raw/mendeley/Gray Leaf Spot/GrayLeafSpot1425.jpg,Gray Leaf Spot
/home/sivabharathi/Documents/FinalYearProject/CocoCare/ml/data/raw/mendeley/Bud Rot/BudRot416.jpg,Bud Rot
/home/sivabharathi/Documents/FinalYearProject/CocoCare/ml/data/raw/mendeley/Leaf Rot/LeafRot235.jpg,Leaf Rot
/home/sivabharathi/Documents/FinalYearProject/CocoCare/ml/data/raw/mendeley/Bud Rot/BudRot224.jpg,Bud Rot
/home/sivabharathi/Documents/FinalYearProject/CocoCare/ml/data/raw/mendeley/Stem Bleeding/StemBleeding619.jpg,Stem Bleeding
/home/sivabharathi/Documents/FinalYearProject/CocoCare/ml/data/raw/mendeley/Bud Root Dropping/BudRootDropping431.jpg,Bud Root Dropping
/home/sivabharathi/Documents/FinalYearProject/CocoCare/ml/data/raw/mendeley/Gray Leaf Spot/GrayLeafSpot1183.jpg,Gray Leaf Spot
/home/sivabharathi/Documents/FinalYearProject/CocoCare/ml/data/raw/mendeley/Stem Bleeding/StemBleeding363.jpg,Stem Bleeding
/home/sivabharathi/Documents/FinalYearProject/CocoCare/ml/data/raw/mendeley/Leaf Rot/LeafRot275.jpg,Leaf Rot
/home/sivabharathi/Documents/FinalYearProject/CocoCare/ml/data/raw/mendeley/Gray Leaf Spot/GrayLeafSpot039.jpg,Gray Leaf Spot
/home/sivabharathi/Documents/FinalYearProject/CocoCare/ml/data/raw/mendeley/Leaf Rot/LeafRot1115.jpg,Leaf Rot
/home/sivabharathi/Documents/FinalYearProject/CocoCare/ml/data/raw/mendeley/Gray Leaf Spot/GrayLeafSpot057.jpg,Gray Leaf Spot
/home/sivabharathi/Documents/FinalYearProject/CocoCare/ml/data/raw/mendeley/Gray Leaf Spot/GrayLeafSpot1036.jpg,Gray Leaf Spot
/home/sivabharathi/Documents/FinalYearProject/CocoCare/ml/data/raw/mendeley/Leaf Rot/LeafRot393.jpg,Leaf Rot
/home/sivabharathi/Documents/FinalYearProject/CocoCare/ml/data/raw/mendeley/Stem Bleeding/StemBleeding277.jpg,Stem Bleeding
/home/sivabharathi/Documents/FinalYearProject/CocoCare/ml/data/raw/mendeley/Gray Leaf Spot/GrayLeafSpot284.jpg,Gray Leaf Spot
/home/sivabharathi/Documents/FinalYearProject/CocoCare/ml/data/raw/mendeley/Leaf Rot/LeafRot374.jpg,Leaf Rot
/home/sivabharathi/Documents/FinalYearProject/CocoCare/ml/data/raw/mendeley/Gray Leaf Spot/GrayLeafSpot2073.jpg,Gray Leaf Spot
/home/sivabharathi/Documents/FinalYearProject/CocoCare/ml/data/raw/mendeley/Bud Rot/BudRot195.jpg,Bud Rot
/home/sivabharathi/Documents/FinalYearProject/CocoCare/ml/data/raw/mendeley/Stem Bleeding/StemBleeding606.jpg,Stem Bleeding
/home/sivabharathi/Documents/FinalYearProject/CocoCare/ml/data/raw/mendeley/Leaf Rot/LeafRot610.jpg,Leaf Rot
/home/sivabharathi/Documents/FinalYearProject/CocoCare/ml/data/raw/mendeley/Stem Bleeding/StemBleeding230.jpg,Stem Bleeding
/home/sivabharathi/Documents/FinalYearProject/CocoCare/ml/data/raw/mendeley/Gray Leaf Spot/GrayLeafSpot065.jpg,Gray Leaf Spot
/home/sivabharathi/Documents/FinalYearProject/CocoCare/ml/data/raw/mendeley/Stem Bleeding/StemBleeding156.jpg,Stem Bleeding
/home/sivabharathi/Documents/FinalYearProject/CocoCare/ml/data/raw/mendeley/Leaf Rot/LeafRot200.jpg,Leaf Rot
/home/sivabharathi/Documents/FinalYearProject/CocoCare/ml/data/raw/mendeley/Gray Leaf Spot/GrayLeafSpot1579.jpg,Gray Leaf Spot
/home/sivabharathi/Documents/FinalYearProject/CocoCare/ml/data/raw/mendeley/Bud Root Dropping/BudRootDropping390.jpg,Bud Root Dropping
/home/sivabharathi/Documents/FinalYearProject/CocoCare/ml/data/raw/mendeley/Leaf Rot/LeafRot365.jpg,Leaf Rot
/home/sivabharathi/Documents/FinalYearProject/CocoCare/ml/data/raw/mendeley/Leaf Rot/LeafRot1253.jpg,Leaf Rot
/home/sivabharathi/Documents/FinalYearProject/CocoCare/ml/data/raw/mendeley/Bud Root Dropping/BudRootDropping465.jpg,Bud Root Dropping
/home/sivabharathi/Documents/FinalYearProject/CocoCare/ml/data/raw/mendeley/Leaf Rot/LeafRot717.jpg,Leaf Rot
/home/sivabharathi/Documents/FinalYearProject/CocoCare/ml/data/raw/mendeley/Stem Bleeding/StemBleeding770.jpg,Stem Bleeding
/home/sivabharathi/Documents/FinalYearProject/CocoCare/ml/data/raw/mendeley/Bud Root Dropping/BudRootDropping096.jpg,Bud Root Dropping
/home/sivabharathi/Documents/FinalYearProject/CocoCare/ml/data/raw/mendeley/Gray Leaf Spot/GrayLeafSpot828.jpg,Gray Leaf Spot
/home/sivabharathi/Documents/FinalYearProject/CocoCare/ml/data/raw/mendeley/Leaf Rot/LeafRot197.jpg,Leaf Rot
/home/sivabharathi/Documents/FinalYearProject/CocoCare/ml/data/raw/mendeley/Gray Leaf Spot/GrayLeafSpot1621.jpg,Gray Leaf Spot
/home/sivabharathi/Documents/FinalYearProject/CocoCare/ml/data/raw/mendeley/Leaf Rot/LeafRot1239.jpg,Leaf Rot
/home/sivabharathi/Documents/FinalYearProject/CocoCare/ml/data/raw/mendeley/Gray Leaf Spot/GrayLeafSpot1113.jpg,Gray Leaf Spot
/home/sivabharathi/Documents/FinalYearProject/CocoCare/ml/data/raw/mendeley/Leaf Rot/LeafRot711.jpg,Leaf Rot
/home/sivabharathi/Documents/FinalYearProject/CocoCare/ml/data/raw/mendeley/Gray Leaf Spot/GrayLeafSpot2074.jpg,Gray Leaf Spot
/home/sivabharathi/Documents/FinalYearProject/CocoCare/ml/data/raw/mendeley/Stem Bleeding/StemBleeding710.jpg,Stem Bleeding
/home/sivabharathi/Documents/FinalYearProject/CocoCare/ml/data/raw/mendeley/Leaf Rot/LeafRot1611.jpg,Leaf Rot
/home/sivabharathi/Documents/FinalYearProject/CocoCare/ml/data/raw/mendeley/Bud Rot/BudRot431.jpg,Bud Rot
/home/sivabharathi/Documents/FinalYearProject/CocoCare/ml/data/raw/mendeley/Stem Bleeding/StemBleeding664.jpg,Stem Bleeding
/home/sivabharathi/Documents/FinalYearProject/CocoCare/ml/data/raw/mendeley/Gray Leaf Spot/GrayLeafSpot689.jpg,Gray Leaf Spot
/home/sivabharathi/Documents/FinalYearProject/CocoCare/ml/data/raw/mendeley/Bud Rot/BudRot154.jpg,Bud Rot
/home/sivabharathi/Documents/FinalYearProject/CocoCare/ml/data/raw/mendeley/Bud Root Dropping/BudRootDropping170.jpg,Bud Root Dropping
/home/sivabharathi/Documents/FinalYearProject/CocoCare/ml/data/raw/mendeley/Stem Bleeding/StemBleeding441.jpg,Stem Bleeding
/home/sivabharathi/Documents/FinalYearProject/CocoCare/ml/data/raw/mendeley/Stem Bleeding/StemBleeding165.jpg,Stem Bleeding
/home/sivabharathi/Documents/FinalYearProject/CocoCare/ml/data/raw/mendeley/Gray Leaf Spot/GrayLeafSpot122.jpg,Gray Leaf Spot
/home/sivabharathi/Documents/FinalYearProject/CocoCare/ml/data/raw/mendeley/Stem Bleeding/StemBleeding092.jpg,Stem Bleeding
/home/sivabharathi/Documents/FinalYearProject/CocoCare/ml/data/raw/mendeley/Bud Root Dropping/BudRootDropping397.jpg,Bud Root Dropping
/home/sivabharathi/Documents/FinalYearProject/CocoCare/ml/data/raw/mendeley/Bud Rot/BudRot197.jpg,Bud Rot
/home/sivabharathi/Documents/FinalYearProject/CocoCare/ml/data/raw/mendeley/Leaf Rot/LeafRot857.jpg,Leaf Rot
/home/sivabharathi/Documents/FinalYearProject/CocoCare/ml/data/raw/mendeley/Stem Bleeding/StemBleeding891.jpg,Stem Bleeding
/home/sivabharathi/Documents/FinalYearProject/CocoCare/ml/data/raw/mendeley/Leaf Rot/LeafRot1402.jpg,Leaf Rot
/home/sivabharathi/Documents/FinalYearProject/CocoCare/ml/data/raw/mendeley/Leaf Rot/LeafRot793.jpg,Leaf Rot
/home/sivabharathi/Documents/FinalYearProject/CocoCare/ml/data/raw/mendeley/Gray Leaf Spot/GrayLeafSpot569.jpg,Gray Leaf Spot
/home/sivabharathi/Documents/FinalYearProject/CocoCare/ml/data/raw/mendeley/Leaf Rot/LeafRot044.jpg,Leaf Rot
/home/sivabharathi/Documents/FinalYearProject/CocoCare/ml/data/raw/mendeley/Leaf Rot/LeafRot704.jpg,Leaf Rot
/home/sivabharathi/Documents/FinalYearProject/CocoCare/ml/data/raw/mendeley/Gray Leaf Spot/GrayLeafSpot1358.jpg,Gray Leaf Spot
/home/sivabharathi/Documents/FinalYearProject/CocoCare/ml/data/raw/mendeley/Leaf Rot/LeafRot602.jpg,Leaf Rot
/home/sivabharathi/Documents/FinalYearProject/CocoCare/ml/data/raw/mendeley/Leaf Rot/LeafRot748.jpg,Leaf Rot
/home/sivabharathi/Documents/FinalYearProject/CocoCare/ml/data/raw/mendeley/Stem Bleeding/StemBleeding910.jpg,Stem Bleeding
/home/sivabharathi/Documents/FinalYearProject/CocoCare/ml/data/raw/mendeley/Gray Leaf Spot/GrayLeafSpot1909.jpg,Gray Leaf Spot
/home/sivabharathi/Documents/FinalYearProject/CocoCare/ml/data/raw/mendeley/Leaf Rot/LeafRot1594.jpg,Leaf Rot
/home/sivabharathi/Documents/FinalYearProject/CocoCare/ml/data/raw/mendeley/Leaf Rot/LeafRot1280.jpg,Leaf Rot
/home/sivabharathi/Documents/FinalYearProject/CocoCare/ml/data/raw/mendeley/Gray Leaf Spot/GrayLeafSpot304.jpg,Gray Leaf Spot
/home/sivabharathi/Documents/FinalYearProject/CocoCare/ml/data/raw/mendeley/Stem Bleeding/StemBleeding484.jpg,Stem Bleeding
/home/sivabharathi/Documents/FinalYearProject/CocoCare/ml/data/raw/mendeley/Stem Bleeding/StemBleeding757.jpg,Stem Bleeding
/home/sivabharathi/Documents/FinalYearProject/CocoCare/ml/data/raw/mendeley/Stem Bleeding/StemBleeding515.jpg,Stem Bleeding
/home/sivabharathi/Documents/FinalYearProject/CocoCare/ml/data/raw/mendeley/Gray Leaf Spot/GrayLeafSpot633.jpg,Gray Leaf Spot
/home/sivabharathi/Documents/FinalYearProject/CocoCare/ml/data/raw/mendeley/Leaf Rot/LeafRot1528.jpg,Leaf Rot
/home/sivabharathi/Documents/FinalYearProject/CocoCare/ml/data/raw/mendeley/Bud Rot/BudRot316.jpg,Bud Rot
/home/sivabharathi/Documents/FinalYearProject/CocoCare/ml/data/raw/mendeley/Gray Leaf Spot/GrayLeafSpot262.jpg,Gray Leaf Spot
/home/sivabharathi/Documents/FinalYearProject/CocoCare/ml/data/raw/mendeley/Stem Bleeding/StemBleeding240.jpg,Stem Bleeding
/home/sivabharathi/Documents/FinalYearProject/CocoCare/ml/data/raw/mendeley/Bud Root Dropping/BudRootDropping005.jpg,Bud Root Dropping
/home/sivabharathi/Documents/FinalYearProject/CocoCare/ml/data/raw/mendeley/Leaf Rot/LeafRot1072.jpg,Leaf Rot
/home/sivabharathi/Documents/FinalYearProject/CocoCare/ml/data/raw/mendeley/Stem Bleeding/StemBleeding746.jpg,Stem Bleeding
/home/sivabharathi/Documents/FinalYearProject/CocoCare/ml/data/raw/mendeley/Gray Leaf Spot/GrayLeafSpot817.jpg,Gray Leaf Spot
/home/sivabharathi/Documents/FinalYearProject/CocoCare/ml/data/raw/mendeley/Gray Leaf Spot/GrayLeafSpot810.jpg,Gray Leaf Spot
/home/sivabharathi/Documents/FinalYearProject/CocoCare/ml/data/raw/mendeley/Stem Bleeding/StemBleeding119.jpg,Stem Bleeding
/home/sivabharathi/Documents/FinalYearProject/CocoCare/ml/data/raw/mendeley/Leaf Rot/LeafRot1348.jpg,Leaf Rot
/home/sivabharathi/Documents/FinalYearProject/CocoCare/ml/data/raw/mendeley/Leaf Rot/LeafRot1383.jpg,Leaf Rot
/home/sivabharathi/Documents/FinalYearProject/CocoCare/ml/data/raw/mendeley/Leaf Rot/LeafRot1001.jpg,Leaf Rot
/home/sivabharathi/Documents/FinalYearProject/CocoCare/ml/data/raw/mendeley/Gray Leaf Spot/GrayLeafSpot1514.jpg,Gray Leaf Spot
/home/sivabharathi/Documents/FinalYearProject/CocoCare/ml/data/raw/mendeley/Bud Rot/BudRot330.jpg,Bud Rot
/home/sivabharathi/Documents/FinalYearProject/CocoCare/ml/data/raw/mendeley/Gray Leaf Spot/GrayLeafSpot1460.jpg,Gray Leaf Spot
/home/sivabharathi/Documents/FinalYearProject/CocoCare/ml/data/raw/mendeley/Leaf Rot/LeafRot841.jpg,Leaf Rot
/home/sivabharathi/Documents/FinalYearProject/CocoCare/ml/data/raw/mendeley/Bud Rot/BudRot227.jpg,Bud Rot
/home/sivabharathi/Documents/FinalYearProject/CocoCare/ml/data/raw/mendeley/Leaf Rot/LeafRot052.jpg,Leaf Rot
/home/sivabharathi/Documents/FinalYearProject/CocoCare/ml/data/raw/mendeley/Gray Leaf Spot/GrayLeafSpot1359.jpg,Gray Leaf Spot
/home/sivabharathi/Documents/FinalYearProject/CocoCare/ml/data/raw/mendeley/Gray Leaf Spot/GrayLeafSpot521.jpg,Gray Leaf Spot
/home/sivabharathi/Documents/FinalYearProject/CocoCare/ml/data/raw/mendeley/Stem Bleeding/StemBleeding808.jpg,Stem Bleeding
/home/sivabharathi/Documents/FinalYearProject/CocoCare/ml/data/raw/mendeley/Gray Leaf Spot/GrayLeafSpot1204.jpg,Gray Leaf Spot
/home/sivabharathi/Documents/FinalYearProject/CocoCare/ml/data/raw/mendeley/Bud Rot/BudRot191.jpg,Bud Rot
/home/sivabharathi/Documents/FinalYearProject/CocoCare/ml/data/raw/mendeley/Bud Root Dropping/BudRootDropping102.jpg,Bud Root Dropping
/home/sivabharathi/Documents/FinalYearProject/CocoCare/ml/data/raw/mendeley/Gray Leaf Spot/GrayLeafSpot2103.jpg,Gray Leaf Spot
/home/sivabharathi/Documents/FinalYearProject/CocoCare/ml/data/raw/mendeley/Gray Leaf Spot/GrayLeafSpot472.jpg,Gray Leaf Spot
/home/sivabharathi/Documents/FinalYearProject/CocoCare/ml/data/raw/mendeley/Stem Bleeding/StemBleeding787.jpg,Stem Bleeding
/home/sivabharathi/Documents/FinalYearProject/CocoCare/ml/data/raw/mendeley/Leaf Rot/LeafRot070.jpg,Leaf Rot
/home/sivabharathi/Documents/FinalYearProject/CocoCare/ml/data/raw/mendeley/Leaf Rot/LeafRot397.jpg,Leaf Rot
/home/sivabharathi/Documents/FinalYearProject/CocoCare/ml/data/raw/mendeley/Gray Leaf Spot/GrayLeafSpot1549.jpg,Gray Leaf Spot
/home/sivabharathi/Documents/FinalYearProject/CocoCare/ml/data/raw/mendeley/Gray Leaf Spot/GrayLeafSpot1019.jpg,Gray Leaf Spot
/home/sivabharathi/Documents/FinalYearProject/CocoCare/ml/data/raw/mendeley/Stem Bleeding/StemBleeding163.jpg,Stem Bleeding
/home/sivabharathi/Documents/FinalYearProject/CocoCare/ml/data/raw/mendeley/Leaf Rot/LeafRot1648.jpg,Leaf Rot
/home/sivabharathi/Documents/FinalYearProject/CocoCare/ml/data/raw/mendeley/Stem Bleeding/StemBleeding157.jpg,Stem Bleeding
/home/sivabharathi/Documents/FinalYearProject/CocoCare/ml/data/raw/mendeley/Leaf Rot/LeafRot1590.jpg,Leaf Rot
/home/sivabharathi/Documents/FinalYearProject/CocoCare/ml/data/raw/mendeley/Gray Leaf Spot/GrayLeafSpot850.jpg,Gray Leaf Spot
/home/sivabharathi/Documents/FinalYearProject/CocoCare/ml/data/raw/mendeley/Leaf Rot/LeafRot077.jpg,Leaf Rot
/home/sivabharathi/Documents/FinalYearProject/CocoCare/ml/data/raw/mendeley/Leaf Rot/LeafRot639.jpg,Leaf Rot
/home/sivabharathi/Documents/FinalYearProject/CocoCare/ml/data/raw/mendeley/Bud Root Dropping/BudRootDropping097.jpg,Bud Root Dropping
/home/sivabharathi/Documents/FinalYearProject/CocoCare/ml/data/raw/mendeley/Leaf Rot/LeafRot761.jpg,Leaf Rot
/home/sivabharathi/Documents/FinalYearProject/CocoCare/ml/data/raw/mendeley/Gray Leaf Spot/GrayLeafSpot251.jpg,Gray Leaf Spot
/home/sivabharathi/Documents/FinalYearProject/CocoCare/ml/data/raw/mendeley/Bud Root Dropping/BudRootDropping339.jpg,Bud Root Dropping
/home/sivabharathi/Documents/FinalYearProject/CocoCare/ml/data/raw/mendeley/Bud Rot/BudRot062.jpg,Bud Rot
/home/sivabharathi/Documents/FinalYearProject/CocoCare/ml/data/raw/mendeley/Leaf Rot/LeafRot230.jpg,Leaf Rot
/home/sivabharathi/Documents/FinalYearProject/CocoCare/ml/data/raw/mendeley/Gray Leaf Spot/GrayLeafSpot912.jpg,Gray Leaf Spot
/home/sivabharathi/Documents/FinalYearProject/CocoCare/ml/data/raw/mendeley/Gray Leaf Spot/GrayLeafSpot200.jpg,Gray Leaf Spot
/home/sivabharathi/Documents/FinalYearProject/CocoCare/ml/data/raw/mendeley/Leaf Rot/LeafRot957.jpg,Leaf Rot
/home/sivabharathi/Documents/FinalYearProject/CocoCare/ml/data/raw/mendeley/Leaf Rot/LeafRot687.jpg,Leaf Rot
/home/sivabharathi/Documents/FinalYearProject/CocoCare/ml/data/raw/mendeley/Stem Bleeding/StemBleeding927.jpg,Stem Bleeding
/home/sivabharathi/Documents/FinalYearProject/CocoCare/ml/data/raw/mendeley/Gray Leaf Spot/GrayLeafSpot765.jpg,Gray Leaf Spot
/home/sivabharathi/Documents/FinalYearProject/CocoCare/ml/data/raw/mendeley/Gray Leaf Spot/GrayLeafSpot1243.jpg,Gray Leaf Spot
/home/sivabharathi/Documents/FinalYearProject/CocoCare/ml/data/raw/mendeley/Gray Leaf Spot/GrayLeafSpot1940.jpg,Gray Leaf Spot
/home/sivabharathi/Documents/FinalYearProject/CocoCare/ml/data/raw/mendeley/Leaf Rot/LeafRot800.jpg,Leaf Rot
/home/sivabharathi/Documents/FinalYearProject/CocoCare/ml/data/raw/mendeley/Gray Leaf Spot/GrayLeafSpot1980.jpg,Gray Leaf Spot
/home/sivabharathi/Documents/FinalYearProject/CocoCare/ml/data/raw/mendeley/Bud Rot/BudRot275.jpg,Bud Rot
/home/sivabharathi/Documents/FinalYearProject/CocoCare/ml/data/raw/mendeley/Stem Bleeding/StemBleeding280.jpg,Stem Bleeding
/home/sivabharathi/Documents/FinalYearProject/CocoCare/ml/data/raw/mendeley/Stem Bleeding/StemBleeding722.jpg,Stem Bleeding
/home/sivabharathi/Documents/FinalYearProject/CocoCare/ml/data/raw/mendeley/Gray Leaf Spot/GrayLeafSpot1454.jpg,Gray Leaf Spot
/home/sivabharathi/Documents/FinalYearProject/CocoCare/ml/data/raw/mendeley/Gray Leaf Spot/GrayLeafSpot1090.jpg,Gray Leaf Spot
/home/sivabharathi/Documents/FinalYearProject/CocoCare/ml/data/raw/mendeley/Bud Rot/BudRot365.jpg,Bud Rot
/home/sivabharathi/Documents/FinalYearProject/CocoCare/ml/data/raw/mendeley/Bud Root Dropping/BudRootDropping408.jpg,Bud Root Dropping
/home/sivabharathi/Documents/FinalYearProject/CocoCare/ml/data/raw/mendeley/Bud Root Dropping/BudRootDropping069.jpg,Bud Root Dropping
/home/sivabharathi/Documents/FinalYearProject/CocoCare/ml/data/raw/mendeley/Stem Bleeding/StemBleeding315.jpg,Stem Bleeding
/home/sivabharathi/Documents/FinalYearProject/CocoCare/ml/data/raw/mendeley/Bud Root Dropping/BudRootDropping082.jpg,Bud Root Dropping
/home/sivabharathi/Documents/FinalYearProject/CocoCare/ml/data/raw/mendeley/Stem Bleeding/StemBleeding255.jpg,Stem Bleeding
/home/sivabharathi/Documents/FinalYearProject/CocoCare/ml/data/raw/mendeley/Leaf Rot/LeafRot039.jpg,Leaf Rot
/home/sivabharathi/Documents/FinalYearProject/CocoCare/ml/data/raw/mendeley/Gray Leaf Spot/GrayLeafSpot408.jpg,Gray Leaf Spot
/home/sivabharathi/Documents/FinalYearProject/CocoCare/ml/data/raw/mendeley/Gray Leaf Spot/GrayLeafSpot1626.jpg,Gray Leaf Spot
/home/sivabharathi/Documents/FinalYearProject/CocoCare/ml/data/raw/mendeley/Leaf Rot/LeafRot1598.jpg,Leaf Rot
/home/sivabharathi/Documents/FinalYearProject/CocoCare/ml/data/raw/mendeley/Stem Bleeding/StemBleeding068.jpg,Stem Bleeding
/home/sivabharathi/Documents/FinalYearProject/CocoCare/ml/data/raw/mendeley/Bud Rot/BudRot337.jpg,Bud Rot
/home/sivabharathi/Documents/FinalYearProject/CocoCare/ml/data/raw/mendeley/Leaf Rot/LeafRot1484.jpg,Leaf Rot
/home/sivabharathi/Documents/FinalYearProject/CocoCare/ml/data/raw/mendeley/Gray Leaf Spot/GrayLeafSpot471.jpg,Gray Leaf Spot
/home/sivabharathi/Documents/FinalYearProject/CocoCare/ml/data/raw/mendeley/Gray Leaf Spot/GrayLeafSpot1894.jpg,Gray Leaf Spot
/home/sivabharathi/Documents/FinalYearProject/CocoCare/ml/data/raw/mendeley/Gray Leaf Spot/GrayLeafSpot2051.jpg,Gray Leaf Spot
/home/sivabharathi/Documents/FinalYearProject/CocoCare/ml/data/raw/mendeley/Gray Leaf Spot/GrayLeafSpot940.jpg,Gray Leaf Spot
/home/sivabharathi/Documents/FinalYearProject/CocoCare/ml/data/raw/mendeley/Leaf Rot/LeafRot1062.jpg,Leaf Rot
/home/sivabharathi/Documents/FinalYearProject/CocoCare/ml/data/raw/mendeley/Bud Root Dropping/BudRootDropping093.jpg,Bud Root Dropping
/home/sivabharathi/Documents/FinalYearProject/CocoCare/ml/data/raw/mendeley/Gray Leaf Spot/GrayLeafSpot1603.jpg,Gray Leaf Spot
/home/sivabharathi/Documents/FinalYearProject/CocoCare/ml/data/raw/mendeley/Gray Leaf Spot/GrayLeafSpot874.jpg,Gray Leaf Spot
/home/sivabharathi/Documents/FinalYearProject/CocoCare/ml/data/raw/mendeley/Leaf Rot/LeafRot1667.jpg,Leaf Rot
/home/sivabharathi/Documents/FinalYearProject/CocoCare/ml/data/raw/mendeley/Leaf Rot/LeafRot271.jpg,Leaf Rot
/home/sivabharathi/Documents/FinalYearProject/CocoCare/ml/data/raw/mendeley/Stem Bleeding/StemBleeding006.jpg,Stem Bleeding
/home/sivabharathi/Documents/FinalYearProject/CocoCare/ml/data/raw/mendeley/Gray Leaf Spot/GrayLeafSpot650.jpg,Gray Leaf Spot
/home/sivabharathi/Documents/FinalYearProject/CocoCare/ml/data/raw/mendeley/Stem Bleeding/StemBleeding724.jpg,Stem Bleeding
/home/sivabharathi/Documents/FinalYearProject/CocoCare/ml/data/raw/mendeley/Gray Leaf Spot/GrayLeafSpot2086.jpg,Gray Leaf Spot
/home/sivabharathi/Documents/FinalYearProject/CocoCare/ml/data/raw/mendeley/Bud Root Dropping/BudRootDropping176.jpg,Bud Root Dropping
/home/sivabharathi/Documents/FinalYearProject/CocoCare/ml/data/raw/mendeley/Bud Rot/BudRot027.jpg,Bud Rot
/home/sivabharathi/Documents/FinalYearProject/CocoCare/ml/data/raw/mendeley/Gray Leaf Spot/GrayLeafSpot902.jpg,Gray Leaf Spot
/home/sivabharathi/Documents/FinalYearProject/CocoCare/ml/data/raw/mendeley/Gray Leaf Spot/GrayLeafSpot1177.jpg,Gray Leaf Spot
/home/sivabharathi/Documents/FinalYearProject/CocoCare/ml/data/raw/mendeley/Leaf Rot/LeafRot834.jpg,Leaf Rot
/home/sivabharathi/Documents/FinalYearProject/CocoCare/ml/data/raw/mendeley/Stem Bleeding/StemBleeding187.jpg,Stem Bleeding
/home/sivabharathi/Documents/FinalYearProject/CocoCare/ml/data/raw/mendeley/Leaf Rot/LeafRot1661.jpg,Leaf Rot
/home/sivabharathi/Documents/FinalYearProject/CocoCare/ml/data/raw/mendeley/Gray Leaf Spot/GrayLeafSpot355.jpg,Gray Leaf Spot
/home/sivabharathi/Documents/FinalYearProject/CocoCare/ml/data/raw/mendeley/Leaf Rot/LeafRot290.jpg,Leaf Rot
/home/sivabharathi/Documents/FinalYearProject/CocoCare/ml/data/raw/mendeley/Stem Bleeding/StemBleeding708.jpg,Stem Bleeding
/home/sivabharathi/Documents/FinalYearProject/CocoCare/ml/data/raw/mendeley/Gray Leaf Spot/GrayLeafSpot968.jpg,Gray Leaf Spot
/home/sivabharathi/Documents/FinalYearProject/CocoCare/ml/data/raw/mendeley/Bud Root Dropping/BudRootDropping047.jpg,Bud Root Dropping
/home/sivabharathi/Documents/FinalYearProject/CocoCare/ml/data/raw/mendeley/Leaf Rot/LeafRot122.jpg,Leaf Rot
/home/sivabharathi/Documents/FinalYearProject/CocoCare/ml/data/raw/mendeley/Leaf Rot/LeafRot1511.jpg,Leaf Rot
/home/sivabharathi/Documents/FinalYearProject/CocoCare/ml/data/raw/mendeley/Leaf Rot/LeafRot1068.jpg,Leaf Rot
/home/sivabharathi/Documents/FinalYearProject/CocoCare/ml/data/raw/mendeley/Leaf Rot/LeafRot308.jpg,Leaf Rot
/home/sivabharathi/Documents/FinalYearProject/CocoCare/ml/data/raw/mendeley/Stem Bleeding/StemBleeding873.jpg,Stem Bleeding
/home/sivabharathi/Documents/FinalYearProject/CocoCare/ml/data/raw/mendeley/Gray Leaf Spot/GrayLeafSpot232.jpg,Gray Leaf Spot
/home/sivabharathi/Documents/FinalYearProject/CocoCare/ml/data/raw/mendeley/Stem Bleeding/StemBleeding077.jpg,Stem Bleeding
/home/sivabharathi/Documents/FinalYearProject/CocoCare/ml/data/raw/mendeley/Stem Bleeding/StemBleeding286.jpg,Stem Bleeding
/home/sivabharathi/Documents/FinalYearProject/CocoCare/ml/data/raw/mendeley/Gray Leaf Spot/GrayLeafSpot2130.jpg,Gray Leaf Spot
/home/sivabharathi/Documents/FinalYearProject/CocoCare/ml/data/raw/mendeley/Leaf Rot/LeafRot1488.jpg,Leaf Rot
/home/sivabharathi/Documents/FinalYearProject/CocoCare/ml/data/raw/mendeley/Gray Leaf Spot/GrayLeafSpot335.jpg,Gray Leaf Spot
/home/sivabharathi/Documents/FinalYearProject/CocoCare/ml/data/raw/mendeley/Leaf Rot/LeafRot1381.jpg,Leaf Rot
/home/sivabharathi/Documents/FinalYearProject/CocoCare/ml/data/raw/mendeley/Gray Leaf Spot/GrayLeafSpot2024.jpg,Gray Leaf Spot
/home/sivabharathi/Documents/FinalYearProject/CocoCare/ml/data/raw/mendeley/Leaf Rot/LeafRot736.jpg,Leaf Rot
/home/sivabharathi/Documents/FinalYearProject/CocoCare/ml/data/raw/mendeley/Leaf Rot/LeafRot398.jpg,Leaf Rot
/home/sivabharathi/Documents/FinalYearProject/CocoCare/ml/data/raw/mendeley/Stem Bleeding/StemBleeding132.jpg,Stem Bleeding
/home/sivabharathi/Documents/FinalYearProject/CocoCare/ml/data/raw/mendeley/Leaf Rot/LeafRot1599.jpg,Leaf Rot
/home/sivabharathi/Documents/FinalYearProject/CocoCare/ml/data/raw/mendeley/Stem Bleeding/StemBleeding170.jpg,Stem Bleeding
/home/sivabharathi/Documents/FinalYearProject/CocoCare/ml/data/raw/mendeley/Gray Leaf Spot/GrayLeafSpot754.jpg,Gray Leaf Spot
/home/sivabharathi/Documents/FinalYearProject/CocoCare/ml/data/raw/mendeley/Stem Bleeding/StemBleeding766.jpg,Stem Bleeding
/home/sivabharathi/Documents/FinalYearProject/CocoCare/ml/data/raw/mendeley/Stem Bleeding/StemBleeding892.jpg,Stem Bleeding
/home/sivabharathi/Documents/FinalYearProject/CocoCare/ml/data/raw/mendeley/Bud Root Dropping/BudRootDropping403.jpg,Bud Root Dropping
/home/sivabharathi/Documents/FinalYearProject/CocoCare/ml/data/raw/mendeley/Stem Bleeding/StemBleeding701.jpg,Stem Bleeding
/home/sivabharathi/Documents/FinalYearProject/CocoCare/ml/data/raw/mendeley/Stem Bleeding/StemBleeding856.jpg,Stem Bleeding
/home/sivabharathi/Documents/FinalYearProject/CocoCare/ml/data/raw/mendeley/Gray Leaf Spot/GrayLeafSpot467.jpg,Gray Leaf Spot
/home/sivabharathi/Documents/FinalYearProject/CocoCare/ml/data/raw/mendeley/Gray Leaf Spot/GrayLeafSpot1565.jpg,Gray Leaf Spot
/home/sivabharathi/Documents/FinalYearProject/CocoCare/ml/data/raw/mendeley/Leaf Rot/LeafRot402.jpg,Leaf Rot
/home/sivabharathi/Documents/FinalYearProject/CocoCare/ml/data/raw/mendeley/Leaf Rot/LeafRot665.jpg,Leaf Rot
/home/sivabharathi/Documents/FinalYearProject/CocoCare/ml/data/raw/mendeley/Leaf Rot/LeafRot1639.jpg,Leaf Rot
/home/sivabharathi/Documents/FinalYearProject/CocoCare/ml/data/raw/mendeley/Stem Bleeding/StemBleeding285.jpg,Stem Bleeding
/home/sivabharathi/Documents/FinalYearProject/CocoCare/ml/data/raw/mendeley/Gray Leaf Spot/GrayLeafSpot1146.jpg,Gray Leaf Spot
/home/sivabharathi/Documents/FinalYearProject/CocoCare/ml/data/raw/mendeley/Gray Leaf Spot/GrayLeafSpot118.jpg,Gray Leaf Spot
/home/sivabharathi/Documents/FinalYearProject/CocoCare/ml/data/raw/mendeley/Leaf Rot/LeafRot1546.jpg,Leaf Rot
/home/sivabharathi/Documents/FinalYearProject/CocoCare/ml/data/raw/mendeley/Stem Bleeding/StemBleeding154.jpg,Stem Bleeding
/home/sivabharathi/Documents/FinalYearProject/CocoCare/ml/data/raw/mendeley/Gray Leaf Spot/GrayLeafSpot2034.jpg,Gray Leaf Spot
/home/sivabharathi/Documents/FinalYearProject/CocoCare/ml/data/raw/mendeley/Stem Bleeding/StemBleeding788.jpg,Stem Bleeding
/home/sivabharathi/Documents/FinalYearProject/CocoCare/ml/data/raw/mendeley/Leaf Rot/LeafRot380.jpg,Leaf Rot
/home/sivabharathi/Documents/FinalYearProject/CocoCare/ml/data/raw/mendeley/Stem Bleeding/StemBleeding405.jpg,Stem Bleeding
/home/sivabharathi/Documents/FinalYearProject/CocoCare/ml/data/raw/mendeley/Bud Rot/BudRot353.jpg,Bud Rot
/home/sivabharathi/Documents/FinalYearProject/CocoCare/ml/data/raw/mendeley/Gray Leaf Spot/GrayLeafSpot1690.jpg,Gray Leaf Spot
/home/sivabharathi/Documents/FinalYearProject/CocoCare/ml/data/raw/mendeley/Bud Rot/BudRot368.jpg,Bud Rot
/home/sivabharathi/Documents/FinalYearProject/CocoCare/ml/data/raw/mendeley/Stem Bleeding/StemBleeding226.jpg,Stem Bleeding
/home/sivabharathi/Documents/FinalYearProject/CocoCare/ml/data/raw/mendeley/Leaf Rot/LeafRot1496.jpg,Leaf Rot
/home/sivabharathi/Documents/FinalYearProject/CocoCare/ml/data/raw/mendeley/Gray Leaf Spot/GrayLeafSpot426.jpg,Gray Leaf Spot
/home/sivabharathi/Documents/FinalYearProject/CocoCare/ml/data/raw/mendeley/Gray Leaf Spot/GrayLeafSpot314.jpg,Gray Leaf Spot
/home/sivabharathi/Documents/FinalYearProject/CocoCare/ml/data/raw/mendeley/Leaf Rot/LeafRot907.jpg,Leaf Rot
/home/sivabharathi/Documents/FinalYearProject/CocoCare/ml/data/raw/mendeley/Gray Leaf Spot/GrayLeafSpot2116.jpg,Gray Leaf Spot
/home/sivabharathi/Documents/FinalYearProject/CocoCare/ml/data/raw/mendeley/Gray Leaf Spot/GrayLeafSpot019.jpg,Gray Leaf Spot
/home/sivabharathi/Documents/FinalYearProject/CocoCare/ml/data/raw/mendeley/Stem Bleeding/StemBleeding730.jpg,Stem Bleeding
/home/sivabharathi/Documents/FinalYearProject/CocoCare/ml/data/raw/mendeley/Gray Leaf Spot/GrayLeafSpot1038.jpg,Gray Leaf Spot
/home/sivabharathi/Documents/FinalYearProject/CocoCare/ml/data/raw/mendeley/Bud Root Dropping/BudRootDropping319.jpg,Bud Root Dropping
/home/sivabharathi/Documents/FinalYearProject/CocoCare/ml/data/raw/mendeley/Leaf Rot/LeafRot1023.jpg,Leaf Rot
/home/sivabharathi/Documents/FinalYearProject/CocoCare/ml/data/raw/mendeley/Bud Rot/BudRot137.jpg,Bud Rot
/home/sivabharathi/Documents/FinalYearProject/CocoCare/ml/data/raw/mendeley/Gray Leaf Spot/GrayLeafSpot525.jpg,Gray Leaf Spot
/home/sivabharathi/Documents/FinalYearProject/CocoCare/ml/data/raw/mendeley/Leaf Rot/LeafRot1530.jpg,Leaf Rot
/home/sivabharathi/Documents/FinalYearProject/CocoCare/ml/data/raw/mendeley/Gray Leaf Spot/GrayLeafSpot1300.jpg,Gray Leaf Spot
/home/sivabharathi/Documents/FinalYearProject/CocoCare/ml/data/raw/mendeley/Leaf Rot/LeafRot019.jpg,Leaf Rot
/home/sivabharathi/Documents/FinalYearProject/CocoCare/ml/data/raw/mendeley/Gray Leaf Spot/GrayLeafSpot1084.jpg,Gray Leaf Spot
/home/sivabharathi/Documents/FinalYearProject/CocoCare/ml/data/raw/mendeley/Gray Leaf Spot/GrayLeafSpot1288.jpg,Gray Leaf Spot
/home/sivabharathi/Documents/FinalYearProject/CocoCare/ml/data/raw/mendeley/Gray Leaf Spot/GrayLeafSpot1352.jpg,Gray Leaf Spot
/home/sivabharathi/Documents/FinalYearProject/CocoCare/ml/data/raw/mendeley/Bud Root Dropping/BudRootDropping316.jpg,Bud Root Dropping
/home/sivabharathi/Documents/FinalYearProject/CocoCare/ml/data/raw/mendeley/Gray Leaf Spot/GrayLeafSpot744.jpg,Gray Leaf Spot
/home/sivabharathi/Documents/FinalYearProject/CocoCare/ml/data/raw/mendeley/Gray Leaf Spot/GrayLeafSpot333.jpg,Gray Leaf Spot
/home/sivabharathi/Documents/FinalYearProject/CocoCare/ml/data/raw/mendeley/Gray Leaf Spot/GrayLeafSpot1163.jpg,Gray Leaf Spot
/home/sivabharathi/Documents/FinalYearProject/CocoCare/ml/data/raw/mendeley/Leaf Rot/LeafRot739.jpg,Leaf Rot
/home/sivabharathi/Documents/FinalYearProject/CocoCare/ml/data/raw/mendeley/Leaf Rot/LeafRot395.jpg,Leaf Rot
/home/sivabharathi/Documents/FinalYearProject/CocoCare/ml/data/raw/mendeley/Gray Leaf Spot/GrayLeafSpot2085.jpg,Gray Leaf Spot
/home/sivabharathi/Documents/FinalYearProject/CocoCare/ml/data/raw/mendeley/Leaf Rot/LeafRot018.jpg,Leaf Rot
/home/sivabharathi/Documents/FinalYearProject/CocoCare/ml/data/raw/mendeley/Stem Bleeding/StemBleeding817.jpg,Stem Bleeding
/home/sivabharathi/Documents/FinalYearProject/CocoCare/ml/data/raw/mendeley/Leaf Rot/LeafRot293.jpg,Leaf Rot
/home/sivabharathi/Documents/FinalYearProject/CocoCare/ml/data/raw/mendeley/Bud Rot/BudRot136.jpg,Bud Rot
/home/sivabharathi/Documents/FinalYearProject/CocoCare/ml/data/raw/mendeley/Leaf Rot/LeafRot1434.jpg,Leaf Rot
/home/sivabharathi/Documents/FinalYearProject/CocoCare/ml/data/raw/mendeley/Leaf Rot/LeafRot1040.jpg,Leaf Rot
/home/sivabharathi/Documents/FinalYearProject/CocoCare/ml/data/raw/mendeley/Gray Leaf Spot/GrayLeafSpot1744.jpg,Gray Leaf Spot
/home/sivabharathi/Documents/FinalYearProject/CocoCare/ml/data/raw/mendeley/Gray Leaf Spot/GrayLeafSpot478.jpg,Gray Leaf Spot
/home/sivabharathi/Documents/FinalYearProject/CocoCare/ml/data/raw/mendeley/Stem Bleeding/StemBleeding116.jpg,Stem Bleeding
/home/sivabharathi/Documents/FinalYearProject/CocoCare/ml/data/raw/mendeley/Stem Bleeding/StemBleeding045.jpg,Stem Bleeding
/home/sivabharathi/Documents/FinalYearProject/CocoCare/ml/data/raw/mendeley/Leaf Rot/LeafRot004.jpg,Leaf Rot
/home/sivabharathi/Documents/FinalYearProject/CocoCare/ml/data/raw/mendeley/Gray Leaf Spot/GrayLeafSpot1326.jpg,Gray Leaf Spot
/home/sivabharathi/Documents/FinalYearProject/CocoCare/ml/data/raw/mendeley/Leaf Rot/LeafRot940.jpg,Leaf Rot
/home/sivabharathi/Documents/FinalYearProject/CocoCare/ml/data/raw/mendeley/Gray Leaf Spot/GrayLeafSpot021.jpg,Gray Leaf Spot
/home/sivabharathi/Documents/FinalYearProject/CocoCare/ml/data/raw/mendeley/Bud Rot/BudRot108.jpg,Bud Rot
/home/sivabharathi/Documents/FinalYearProject/CocoCare/ml/data/raw/mendeley/Gray Leaf Spot/GrayLeafSpot1312.jpg,Gray Leaf Spot
/home/sivabharathi/Documents/FinalYearProject/CocoCare/ml/data/raw/mendeley/Stem Bleeding/StemBleeding801.jpg,Stem Bleeding
/home/sivabharathi/Documents/FinalYearProject/CocoCare/ml/data/raw/mendeley/Bud Rot/BudRot444.jpg,Bud Rot
/home/sivabharathi/Documents/FinalYearProject/CocoCare/ml/data/raw/mendeley/Bud Root Dropping/BudRootDropping412.jpg,Bud Root Dropping
/home/sivabharathi/Documents/FinalYearProject/CocoCare/ml/data/raw/mendeley/Bud Rot/BudRot095.jpg,Bud Rot
/home/sivabharathi/Documents/FinalYearProject/CocoCare/ml/data/raw/mendeley/Gray Leaf Spot/GrayLeafSpot1106.jpg,Gray Leaf Spot
/home/sivabharathi/Documents/FinalYearProject/CocoCare/ml/data/raw/mendeley/Gray Leaf Spot/GrayLeafSpot319.jpg,Gray Leaf Spot
/home/sivabharathi/Documents/FinalYearProject/CocoCare/ml/data/raw/mendeley/Stem Bleeding/StemBleeding700.jpg,Stem Bleeding
/home/sivabharathi/Documents/FinalYearProject/CocoCare/ml/data/raw/mendeley/Gray Leaf Spot/GrayLeafSpot1058.jpg,Gray Leaf Spot
/home/sivabharathi/Documents/FinalYearProject/CocoCare/ml/data/raw/mendeley/Leaf Rot/LeafRot337.jpg,Leaf Rot
/home/sivabharathi/Documents/FinalYearProject/CocoCare/ml/data/raw/mendeley/Gray Leaf Spot/GrayLeafSpot137.jpg,Gray Leaf Spot
/home/sivabharathi/Documents/FinalYearProject/CocoCare/ml/data/raw/mendeley/Gray Leaf Spot/GrayLeafSpot456.jpg,Gray Leaf Spot
/home/sivabharathi/Documents/FinalYearProject/CocoCare/ml/data/raw/mendeley/Leaf Rot/LeafRot480.jpg,Leaf Rot
/home/sivabharathi/Documents/FinalYearProject/CocoCare/ml/data/raw/mendeley/Stem Bleeding/StemBleeding905.jpg,Stem Bleeding
/home/sivabharathi/Documents/FinalYearProject/CocoCare/ml/data/raw/mendeley/Gray Leaf Spot/GrayLeafSpot1301.jpg,Gray Leaf Spot
/home/sivabharathi/Documents/FinalYearProject/CocoCare/ml/data/raw/mendeley/Stem Bleeding/StemBleeding840.jpg,Stem Bleeding
/home/sivabharathi/Documents/FinalYearProject/CocoCare/ml/data/raw/mendeley/Leaf Rot/LeafRot073.jpg,Leaf Rot
/home/sivabharathi/Documents/FinalYearProject/CocoCare/ml/data/raw/mendeley/Gray Leaf Spot/GrayLeafSpot480.jpg,Gray Leaf Spot
/home/sivabharathi/Documents/FinalYearProject/CocoCare/ml/data/raw/mendeley/Leaf Rot/LeafRot1547.jpg,Leaf Rot
/home/sivabharathi/Documents/FinalYearProject/CocoCare/ml/data/raw/mendeley/Gray Leaf Spot/GrayLeafSpot1996.jpg,Gray Leaf Spot
/home/sivabharathi/Documents/FinalYearProject/CocoCare/ml/data/raw/mendeley/Gray Leaf Spot/GrayLeafSpot1140.jpg,Gray Leaf Spot
/home/sivabharathi/Documents/FinalYearProject/CocoCare/ml/data/raw/mendeley/Gray Leaf Spot/GrayLeafSpot1022.jpg,Gray Leaf Spot
/home/sivabharathi/Documents/FinalYearProject/CocoCare/ml/data/raw/mendeley/Gray Leaf Spot/GrayLeafSpot578.jpg,Gray Leaf Spot
/home/sivabharathi/Documents/FinalYearProject/CocoCare/ml/data/raw/mendeley/Gray Leaf Spot/GrayLeafSpot1379.jpg,Gray Leaf Spot
/home/sivabharathi/Documents/FinalYearProject/CocoCare/ml/data/raw/mendeley/Stem Bleeding/StemBleeding098.jpg,Stem Bleeding
/home/sivabharathi/Documents/FinalYearProject/CocoCare/ml/data/raw/mendeley/Gray Leaf Spot/GrayLeafSpot591.jpg,Gray Leaf Spot
/home/sivabharathi/Documents/FinalYearProject/CocoCare/ml/data/raw/mendeley/Bud Rot/BudRot315.jpg,Bud Rot
/home/sivabharathi/Documents/FinalYearProject/CocoCare/ml/data/raw/mendeley/Gray Leaf Spot/GrayLeafSpot1027.jpg,Gray Leaf Spot
/home/sivabharathi/Documents/FinalYearProject/CocoCare/ml/data/raw/mendeley/Leaf Rot/LeafRot1064.jpg,Leaf Rot
/home/sivabharathi/Documents/FinalYearProject/CocoCare/ml/data/raw/mendeley/Leaf Rot/LeafRot955.jpg,Leaf Rot
/home/sivabharathi/Documents/FinalYearProject/CocoCare/ml/data/raw/mendeley/Gray Leaf Spot/GrayLeafSpot885.jpg,Gray Leaf Spot
/home/sivabharathi/Documents/FinalYearProject/CocoCare/ml/data/raw/mendeley/Stem Bleeding/StemBleeding155.jpg,Stem Bleeding
/home/sivabharathi/Documents/FinalYearProject/CocoCare/ml/data/raw/mendeley/Leaf Rot/LeafRot1538.jpg,Leaf Rot
/home/sivabharathi/Documents/FinalYearProject/CocoCare/ml/data/raw/mendeley/Bud Rot/BudRot097.jpg,Bud Rot
/home/sivabharathi/Documents/FinalYearProject/CocoCare/ml/data/raw/mendeley/Bud Rot/BudRot021.jpg,Bud Rot
/home/sivabharathi/Documents/FinalYearProject/CocoCare/ml/data/raw/mendeley/Leaf Rot/LeafRot331.jpg,Leaf Rot
/home/sivabharathi/Documents/FinalYearProject/CocoCare/ml/data/raw/mendeley/Gray Leaf Spot/GrayLeafSpot1864.jpg,Gray Leaf Spot
/home/sivabharathi/Documents/FinalYearProject/CocoCare/ml/data/raw/mendeley/Gray Leaf Spot/GrayLeafSpot770.jpg,Gray Leaf Spot
/home/sivabharathi/Documents/FinalYearProject/CocoCare/ml/data/raw/mendeley/Gray Leaf Spot/GrayLeafSpot1513.jpg,Gray Leaf Spot
/home/sivabharathi/Documents/FinalYearProject/CocoCare/ml/data/raw/mendeley/Stem Bleeding/StemBleeding622.jpg,Stem Bleeding
/home/sivabharathi/Documents/FinalYearProject/CocoCare/ml/data/raw/mendeley/Leaf Rot/LeafRot1131.jpg,Leaf Rot
/home/sivabharathi/Documents/FinalYearProject/CocoCare/ml/data/raw/mendeley/Stem Bleeding/StemBleeding663.jpg,Stem Bleeding
/home/sivabharathi/Documents/FinalYearProject/CocoCare/ml/data/raw/mendeley/Leaf Rot/LeafRot944.jpg,Leaf Rot
/home/sivabharathi/Documents/FinalYearProject/CocoCare/ml/data/raw/mendeley/Gray Leaf Spot/GrayLeafSpot026.jpg,Gray Leaf Spot
/home/sivabharathi/Documents/FinalYearProject/CocoCare/ml/data/raw/mendeley/Gray Leaf Spot/GrayLeafSpot1561.jpg,Gray Leaf Spot
/home/sivabharathi/Documents/FinalYearProject/CocoCare/ml/data/raw/mendeley/Gray Leaf Spot/GrayLeafSpot1440.jpg,Gray Leaf Spot
/home/sivabharathi/Documents/FinalYearProject/CocoCare/ml/data/raw/mendeley/Stem Bleeding/StemBleeding473.jpg,Stem Bleeding
/home/sivabharathi/Documents/FinalYearProject/CocoCare/ml/data/raw/mendeley/Gray Leaf Spot/GrayLeafSpot514.jpg,Gray Leaf Spot
/home/sivabharathi/Documents/FinalYearProject/CocoCare/ml/data/raw/mendeley/Gray Leaf Spot/GrayLeafSpot491.jpg,Gray Leaf Spot
/home/sivabharathi/Documents/FinalYearProject/CocoCare/ml/data/raw/mendeley/Gray Leaf Spot/GrayLeafSpot359.jpg,Gray Leaf Spot
/home/sivabharathi/Documents/FinalYearProject/CocoCare/ml/data/raw/mendeley/Gray Leaf Spot/GrayLeafSpot344.jpg,Gray Leaf Spot
/home/sivabharathi/Documents/FinalYearProject/CocoCare/ml/data/raw/mendeley/Stem Bleeding/StemBleeding106.jpg,Stem Bleeding
/home/sivabharathi/Documents/FinalYearProject/CocoCare/ml/data/raw/mendeley/Leaf Rot/LeafRot414.jpg,Leaf Rot
/home/sivabharathi/Documents/FinalYearProject/CocoCare/ml/data/raw/mendeley/Bud Rot/BudRot153.jpg,Bud Rot
/home/sivabharathi/Documents/FinalYearProject/CocoCare/ml/data/raw/mendeley/Stem Bleeding/StemBleeding388.jpg,Stem Bleeding
/home/sivabharathi/Documents/FinalYearProject/CocoCare/ml/data/raw/mendeley/Gray Leaf Spot/GrayLeafSpot342.jpg,Gray Leaf Spot
/home/sivabharathi/Documents/FinalYearProject/CocoCare/ml/data/raw/mendeley/Gray Leaf Spot/GrayLeafSpot1606.jpg,Gray Leaf Spot
/home/sivabharathi/Documents/FinalYearProject/CocoCare/ml/data/raw/mendeley/Gray Leaf Spot/GrayLeafSpot264.jpg,Gray Leaf Spot
/home/sivabharathi/Documents/FinalYearProject/CocoCare/ml/data/raw/mendeley/Leaf Rot/LeafRot432.jpg,Leaf Rot
/home/sivabharathi/Documents/FinalYearProject/CocoCare/ml/data/raw/mendeley/Gray Leaf Spot/GrayLeafSpot384.jpg,Gray Leaf Spot
/home/sivabharathi/Documents/FinalYearProject/CocoCare/ml/data/raw/mendeley/Gray Leaf Spot/GrayLeafSpot2127.jpg,Gray Leaf Spot
/home/sivabharathi/Documents/FinalYearProject/CocoCare/ml/data/raw/mendeley/Leaf Rot/LeafRot1559.jpg,Leaf Rot
/home/sivabharathi/Documents/FinalYearProject/CocoCare/ml/data/raw/mendeley/Leaf Rot/LeafRot1031.jpg,Leaf Rot
/home/sivabharathi/Documents/FinalYearProject/CocoCare/ml/data/raw/mendeley/Leaf Rot/LeafRot1453.jpg,Leaf Rot
/home/sivabharathi/Documents/FinalYearProject/CocoCare/ml/data/raw/mendeley/Stem Bleeding/StemBleeding366.jpg,Stem Bleeding
/home/sivabharathi/Documents/FinalYearProject/CocoCare/ml/data/raw/mendeley/Leaf Rot/LeafRot1217.jpg,Leaf Rot
/home/sivabharathi/Documents/FinalYearProject/CocoCare/ml/data/raw/mendeley/Stem Bleeding/StemBleeding051.jpg,Stem Bleeding
/home/sivabharathi/Documents/FinalYearProject/CocoCare/ml/data/raw/mendeley/Leaf Rot/LeafRot430.jpg,Leaf Rot
/home/sivabharathi/Documents/FinalYearProject/CocoCare/ml/data/raw/mendeley/Stem Bleeding/StemBleeding784.jpg,Stem Bleeding
/home/sivabharathi/Documents/FinalYearProject/CocoCare/ml/data/raw/mendeley/Leaf Rot/LeafRot428.jpg,Leaf Rot
/home/sivabharathi/Documents/FinalYearProject/CocoCare/ml/data/raw/mendeley/Gray Leaf Spot/GrayLeafSpot1135.jpg,Gray Leaf Spot
/home/sivabharathi/Documents/FinalYearProject/CocoCare/ml/data/raw/mendeley/Bud Rot/BudRot168.jpg,Bud Rot
/home/sivabharathi/Documents/FinalYearProject/CocoCare/ml/data/raw/mendeley/Leaf Rot/LeafRot882.jpg,Leaf Rot
/home/sivabharathi/Documents/FinalYearProject/CocoCare/ml/data/raw/mendeley/Leaf Rot/LeafRot1493.jpg,Leaf Rot
/home/sivabharathi/Documents/FinalYearProject/CocoCare/ml/data/raw/mendeley/Gray Leaf Spot/GrayLeafSpot884.jpg,Gray Leaf Spot
/home/sivabharathi/Documents/FinalYearProject/CocoCare/ml/data/raw/mendeley/Gray Leaf Spot/GrayLeafSpot1126.jpg,Gray Leaf Spot
/home/sivabharathi/Documents/FinalYearProject/CocoCare/ml/data/raw/mendeley/Leaf Rot/LeafRot506.jpg,Leaf Rot
/home/sivabharathi/Documents/FinalYearProject/CocoCare/ml/data/raw/mendeley/Gray Leaf Spot/GrayLeafSpot1310.jpg,Gray Leaf Spot
/home/sivabharathi/Documents/FinalYearProject/CocoCare/ml/data/raw/mendeley/Stem Bleeding/StemBleeding709.jpg,Stem Bleeding
/home/sivabharathi/Documents/FinalYearProject/CocoCare/ml/data/raw/mendeley/Leaf Rot/LeafRot787.jpg,Leaf Rot
/home/sivabharathi/Documents/FinalYearProject/CocoCare/ml/data/raw/mendeley/Gray Leaf Spot/GrayLeafSpot010.jpg,Gray Leaf Spot
/home/sivabharathi/Documents/FinalYearProject/CocoCare/ml/data/raw/mendeley/Stem Bleeding/StemBleeding467.jpg,Stem Bleeding
/home/sivabharathi/Documents/FinalYearProject/CocoCare/ml/data/raw/mendeley/Bud Root Dropping/BudRootDropping466.jpg,Bud Root Dropping
/home/sivabharathi/Documents/FinalYearProject/CocoCare/ml/data/raw/mendeley/Gray Leaf Spot/GrayLeafSpot1045.jpg,Gray Leaf Spot
/home/sivabharathi/Documents/FinalYearProject/CocoCare/ml/data/raw/mendeley/Stem Bleeding/StemBleeding557.jpg,Stem Bleeding
/home/sivabharathi/Documents/FinalYearProject/CocoCare/ml/data/raw/mendeley/Gray Leaf Spot/GrayLeafSpot108.jpg,Gray Leaf Spot
/home/sivabharathi/Documents/FinalYearProject/CocoCare/ml/data/raw/mendeley/Stem Bleeding/StemBleeding551.jpg,Stem Bleeding
/home/sivabharathi/Documents/FinalYearProject/CocoCare/ml/data/raw/mendeley/Leaf Rot/LeafRot1278.jpg,Leaf Rot
/home/sivabharathi/Documents/FinalYearProject/CocoCare/ml/data/raw/mendeley/Gray Leaf Spot/GrayLeafSpot1803.jpg,Gray Leaf Spot
/home/sivabharathi/Documents/FinalYearProject/CocoCare/ml/data/raw/mendeley/Leaf Rot/LeafRot1443.jpg,Leaf Rot
/home/sivabharathi/Documents/FinalYearProject/CocoCare/ml/data/raw/mendeley/Leaf Rot/LeafRot772.jpg,Leaf Rot
/home/sivabharathi/Documents/FinalYearProject/CocoCare/ml/data/raw/mendeley/Leaf Rot/LeafRot199.jpg,Leaf Rot
/home/sivabharathi/Documents/FinalYearProject/CocoCare/ml/data/raw/mendeley/Leaf Rot/LeafRot898.jpg,Leaf Rot
/home/sivabharathi/Documents/FinalYearProject/CocoCare/ml/data/raw/mendeley/Leaf Rot/LeafRot536.jpg,Leaf Rot
/home/sivabharathi/Documents/FinalYearProject/CocoCare/ml/data/raw/mendeley/Leaf Rot/LeafRot938.jpg,Leaf Rot
/home/sivabharathi/Documents/FinalYearProject/CocoCare/ml/data/raw/mendeley/Gray Leaf Spot/GrayLeafSpot1938.jpg,Gray Leaf Spot
/home/sivabharathi/Documents/FinalYearProject/CocoCare/ml/data/raw/mendeley/Bud Root Dropping/BudRootDropping080.jpg,Bud Root Dropping
/home/sivabharathi/Documents/FinalYearProject/CocoCare/ml/data/raw/mendeley/Leaf Rot/LeafRot669.jpg,Leaf Rot
/home/sivabharathi/Documents/FinalYearProject/CocoCare/ml/data/raw/mendeley/Leaf Rot/LeafRot422.jpg,Leaf Rot
/home/sivabharathi/Documents/FinalYearProject/CocoCare/ml/data/raw/mendeley/Leaf Rot/LeafRot163.jpg,Leaf Rot
/home/sivabharathi/Documents/FinalYearProject/CocoCare/ml/data/raw/mendeley/Bud Rot/BudRot082.jpg,Bud Rot
/home/sivabharathi/Documents/FinalYearProject/CocoCare/ml/data/raw/mendeley/Stem Bleeding/StemBleeding960.jpg,Stem Bleeding
/home/sivabharathi/Documents/FinalYearProject/CocoCare/ml/data/raw/mendeley/Gray Leaf Spot/GrayLeafSpot1107.jpg,Gray Leaf Spot
/home/sivabharathi/Documents/FinalYearProject/CocoCare/ml/data/raw/mendeley/Gray Leaf Spot/GrayLeafSpot1702.jpg,Gray Leaf Spot
/home/sivabharathi/Documents/FinalYearProject/CocoCare/ml/data/raw/mendeley/Stem Bleeding/StemBleeding920.jpg,Stem Bleeding
/home/sivabharathi/Documents/FinalYearProject/CocoCare/ml/data/raw/mendeley/Leaf Rot/LeafRot688.jpg,Leaf Rot
/home/sivabharathi/Documents/FinalYearProject/CocoCare/ml/data/raw/mendeley/Gray Leaf Spot/GrayLeafSpot332.jpg,Gray Leaf Spot
/home/sivabharathi/Documents/FinalYearProject/CocoCare/ml/data/raw/mendeley/Gray Leaf Spot/GrayLeafSpot1398.jpg,Gray Leaf Spot
/home/sivabharathi/Documents/FinalYearProject/CocoCare/ml/data/raw/mendeley/Gray Leaf Spot/GrayLeafSpot958.jpg,Gray Leaf Spot
/home/sivabharathi/Documents/FinalYearProject/CocoCare/ml/data/raw/mendeley/Bud Root Dropping/BudRootDropping229.jpg,Bud Root Dropping
/home/sivabharathi/Documents/FinalYearProject/CocoCare/ml/data/raw/mendeley/Gray Leaf Spot/GrayLeafSpot1380.jpg,Gray Leaf Spot
/home/sivabharathi/Documents/FinalYearProject/CocoCare/ml/data/raw/mendeley/Leaf Rot/LeafRot247.jpg,Leaf Rot
/home/sivabharathi/Documents/FinalYearProject/CocoCare/ml/data/raw/mendeley/Leaf Rot/LeafRot647.jpg,Leaf Rot
/home/sivabharathi/Documents/FinalYearProject/CocoCare/ml/data/raw/mendeley/Bud Rot/BudRot435.jpg,Bud Rot
/home/sivabharathi/Documents/FinalYearProject/CocoCare/ml/data/raw/mendeley/Leaf Rot/LeafRot1459.jpg,Leaf Rot
/home/sivabharathi/Documents/FinalYearProject/CocoCare/ml/data/raw/mendeley/Leaf Rot/LeafRot1394.jpg,Leaf Rot
/home/sivabharathi/Documents/FinalYearProject/CocoCare/ml/data/raw/mendeley/Gray Leaf Spot/GrayLeafSpot1399.jpg,Gray Leaf Spot
/home/sivabharathi/Documents/FinalYearProject/CocoCare/ml/data/raw/mendeley/Gray Leaf Spot/GrayLeafSpot626.jpg,Gray Leaf Spot
/home/sivabharathi/Documents/FinalYearProject/CocoCare/ml/data/raw/mendeley/Gray Leaf Spot/GrayLeafSpot1847.jpg,Gray Leaf Spot
/home/sivabharathi/Documents/FinalYearProject/CocoCare/ml/data/raw/mendeley/Leaf Rot/LeafRot1622.jpg,Leaf Rot
/home/sivabharathi/Documents/FinalYearProject/CocoCare/ml/data/raw/mendeley/Leaf Rot/LeafRot105.jpg,Leaf Rot
/home/sivabharathi/Documents/FinalYearProject/CocoCare/ml/data/raw/mendeley/Leaf Rot/LeafRot786.jpg,Leaf Rot
/home/sivabharathi/Documents/FinalYearProject/CocoCare/ml/data/raw/mendeley/Leaf Rot/LeafRot556.jpg,Leaf Rot
/home/sivabharathi/Documents/FinalYearProject/CocoCare/ml/data/raw/mendeley/Leaf Rot/LeafRot1354.jpg,Leaf Rot
/home/sivabharathi/Documents/FinalYearProject/CocoCare/ml/data/raw/mendeley/Bud Rot/BudRot009.jpg,Bud Rot
/home/sivabharathi/Documents/FinalYearProject/CocoCare/ml/data/raw/mendeley/Bud Root Dropping/BudRootDropping134.jpg,Bud Root Dropping
/home/sivabharathi/Documents/FinalYearProject/CocoCare/ml/data/raw/mendeley/Leaf Rot/LeafRot1002.jpg,Leaf Rot
/home/sivabharathi/Documents/FinalYearProject/CocoCare/ml/data/raw/mendeley/Leaf Rot/LeafRot569.jpg,Leaf Rot
/home/sivabharathi/Documents/FinalYearProject/CocoCare/ml/data/raw/mendeley/Gray Leaf Spot/GrayLeafSpot2096.jpg,Gray Leaf Spot
/home/sivabharathi/Documents/FinalYearProject/CocoCare/ml/data/raw/mendeley/Gray Leaf Spot/GrayLeafSpot1032.jpg,Gray Leaf Spot
/home/sivabharathi/Documents/FinalYearProject/CocoCare/ml/data/raw/mendeley/Gray Leaf Spot/GrayLeafSpot1142.jpg,Gray Leaf Spot
/home/sivabharathi/Documents/FinalYearProject/CocoCare/ml/data/raw/mendeley/Stem Bleeding/StemBleeding695.jpg,Stem Bleeding
/home/sivabharathi/Documents/FinalYearProject/CocoCare/ml/data/raw/mendeley/Stem Bleeding/StemBleeding767.jpg,Stem Bleeding
/home/sivabharathi/Documents/FinalYearProject/CocoCare/ml/data/raw/mendeley/Gray Leaf Spot/GrayLeafSpot1365.jpg,Gray Leaf Spot
/home/sivabharathi/Documents/FinalYearProject/CocoCare/ml/data/raw/mendeley/Stem Bleeding/StemBleeding438.jpg,Stem Bleeding
/home/sivabharathi/Documents/FinalYearProject/CocoCare/ml/data/raw/mendeley/Gray Leaf Spot/GrayLeafSpot1250.jpg,Gray Leaf Spot
/home/sivabharathi/Documents/FinalYearProject/CocoCare/ml/data/raw/mendeley/Gray Leaf Spot/GrayLeafSpot1766.jpg,Gray Leaf Spot
/home/sivabharathi/Documents/FinalYearProject/CocoCare/ml/data/raw/mendeley/Gray Leaf Spot/GrayLeafSpot701.jpg,Gray Leaf Spot
/home/sivabharathi/Documents/FinalYearProject/CocoCare/ml/data/raw/mendeley/Stem Bleeding/StemBleeding657.jpg,Stem Bleeding
/home/sivabharathi/Documents/FinalYearProject/CocoCare/ml/data/raw/mendeley/Bud Rot/BudRot448.jpg,Bud Rot
/home/sivabharathi/Documents/FinalYearProject/CocoCare/ml/data/raw/mendeley/Gray Leaf Spot/GrayLeafSpot172.jpg,Gray Leaf Spot
/home/sivabharathi/Documents/FinalYearProject/CocoCare/ml/data/raw/mendeley/Leaf Rot/LeafRot1241.jpg,Leaf Rot
/home/sivabharathi/Documents/FinalYearProject/CocoCare/ml/data/raw/mendeley/Bud Root Dropping/BudRootDropping444.jpg,Bud Root Dropping
/home/sivabharathi/Documents/FinalYearProject/CocoCare/ml/data/raw/mendeley/Leaf Rot/LeafRot528.jpg,Leaf Rot
/home/sivabharathi/Documents/FinalYearProject/CocoCare/ml/data/raw/mendeley/Bud Root Dropping/BudRootDropping181.jpg,Bud Root Dropping
/home/sivabharathi/Documents/FinalYearProject/CocoCare/ml/data/raw/mendeley/Gray Leaf Spot/GrayLeafSpot1345.jpg,Gray Leaf Spot
/home/sivabharathi/Documents/FinalYearProject/CocoCare/ml/data/raw/mendeley/Bud Rot/BudRot457.jpg,Bud Rot
/home/sivabharathi/Documents/FinalYearProject/CocoCare/ml/data/raw/mendeley/Stem Bleeding/StemBleeding427.jpg,Stem Bleeding
/home/sivabharathi/Documents/FinalYearProject/CocoCare/ml/data/raw/mendeley/Stem Bleeding/StemBleeding339.jpg,Stem Bleeding
/home/sivabharathi/Documents/FinalYearProject/CocoCare/ml/data/raw/mendeley/Gray Leaf Spot/GrayLeafSpot1891.jpg,Gray Leaf Spot
/home/sivabharathi/Documents/FinalYearProject/CocoCare/ml/data/raw/mendeley/Leaf Rot/LeafRot1073.jpg,Leaf Rot
/home/sivabharathi/Documents/FinalYearProject/CocoCare/ml/data/raw/mendeley/Stem Bleeding/StemBleeding260.jpg,Stem Bleeding
/home/sivabharathi/Documents/FinalYearProject/CocoCare/ml/data/raw/mendeley/Leaf Rot/LeafRot1287.jpg,Leaf Rot
/home/sivabharathi/Documents/FinalYearProject/CocoCare/ml/data/raw/mendeley/Gray Leaf Spot/GrayLeafSpot338.jpg,Gray Leaf Spot
/home/sivabharathi/Documents/FinalYearProject/CocoCare/ml/data/raw/mendeley/Gray Leaf Spot/GrayLeafSpot166.jpg,Gray Leaf Spot
/home/sivabharathi/Documents/FinalYearProject/CocoCare/ml/data/raw/mendeley/Bud Rot/BudRot348.jpg,Bud Rot
/home/sivabharathi/Documents/FinalYearProject/CocoCare/ml/data/raw/mendeley/Stem Bleeding/StemBleeding408.jpg,Stem Bleeding
/home/sivabharathi/Documents/FinalYearProject/CocoCare/ml/data/raw/mendeley/Leaf Rot/LeafRot818.jpg,Leaf Rot
/home/sivabharathi/Documents/FinalYearProject/CocoCare/ml/data/raw/mendeley/Bud Root Dropping/BudRootDropping392.jpg,Bud Root Dropping
/home/sivabharathi/Documents/FinalYearProject/CocoCare/ml/data/raw/mendeley/Gray Leaf Spot/GrayLeafSpot225.jpg,Gray Leaf Spot
/home/sivabharathi/Documents/FinalYearProject/CocoCare/ml/data/raw/mendeley/Bud Rot/BudRot114.jpg,Bud Rot
/home/sivabharathi/Documents/FinalYearProject/CocoCare/ml/data/raw/mendeley/Gray Leaf Spot/GrayLeafSpot998.jpg,Gray Leaf Spot
/home/sivabharathi/Documents/FinalYearProject/CocoCare/ml/data/raw/mendeley/Leaf Rot/LeafRot1419.jpg,Leaf Rot
/home/sivabharathi/Documents/FinalYearProject/CocoCare/ml/data/raw/mendeley/Gray Leaf Spot/GrayLeafSpot1246.jpg,Gray Leaf Spot
/home/sivabharathi/Documents/FinalYearProject/CocoCare/ml/data/raw/mendeley/Leaf Rot/LeafRot599.jpg,Leaf Rot
/home/sivabharathi/Documents/FinalYearProject/CocoCare/ml/data/raw/mendeley/Leaf Rot/LeafRot991.jpg,Leaf Rot
/home/sivabharathi/Documents/FinalYearProject/CocoCare/ml/data/raw/mendeley/Bud Rot/BudRot266.jpg,Bud Rot
/home/sivabharathi/Documents/FinalYearProject/CocoCare/ml/data/raw/mendeley/Gray Leaf Spot/GrayLeafSpot134.jpg,Gray Leaf Spot
/home/sivabharathi/Documents/FinalYearProject/CocoCare/ml/data/raw/mendeley/Stem Bleeding/StemBleeding380.jpg,Stem Bleeding
/home/sivabharathi/Documents/FinalYearProject/CocoCare/ml/data/raw/mendeley/Gray Leaf Spot/GrayLeafSpot1535.jpg,Gray Leaf Spot
/home/sivabharathi/Documents/FinalYearProject/CocoCare/ml/data/raw/mendeley/Leaf Rot/LeafRot1425.jpg,Leaf Rot
/home/sivabharathi/Documents/FinalYearProject/CocoCare/ml/data/raw/mendeley/Gray Leaf Spot/GrayLeafSpot583.jpg,Gray Leaf Spot
/home/sivabharathi/Documents/FinalYearProject/CocoCare/ml/data/raw/mendeley/Stem Bleeding/StemBleeding018.jpg,Stem Bleeding
/home/sivabharathi/Documents/FinalYearProject/CocoCare/ml/data/raw/mendeley/Bud Root Dropping/BudRootDropping460.jpg,Bud Root Dropping
/home/sivabharathi/Documents/FinalYearProject/CocoCare/ml/data/raw/mendeley/Bud Root Dropping/BudRootDropping368.jpg,Bud Root Dropping
/home/sivabharathi/Documents/FinalYearProject/CocoCare/ml/data/raw/mendeley/Gray Leaf Spot/GrayLeafSpot731.jpg,Gray Leaf Spot
/home/sivabharathi/Documents/FinalYearProject/CocoCare/ml/data/raw/mendeley/Leaf Rot/LeafRot206.jpg,Leaf Rot
/home/sivabharathi/Documents/FinalYearProject/CocoCare/ml/data/raw/mendeley/Gray Leaf Spot/GrayLeafSpot1208.jpg,Gray Leaf Spot
/home/sivabharathi/Documents/FinalYearProject/CocoCare/ml/data/raw/mendeley/Leaf Rot/LeafRot170.jpg,Leaf Rot
/home/sivabharathi/Documents/FinalYearProject/CocoCare/ml/data/raw/mendeley/Leaf Rot/LeafRot362.jpg,Leaf Rot
/home/sivabharathi/Documents/FinalYearProject/CocoCare/ml/data/raw/mendeley/Bud Root Dropping/BudRootDropping485.jpg,Bud Root Dropping
/home/sivabharathi/Documents/FinalYearProject/CocoCare/ml/data/raw/mendeley/Bud Rot/BudRot113.jpg,Bud Rot
/home/sivabharathi/Documents/FinalYearProject/CocoCare/ml/data/raw/mendeley/Stem Bleeding/StemBleeding024.jpg,Stem Bleeding
/home/sivabharathi/Documents/FinalYearProject/CocoCare/ml/data/raw/mendeley/Bud Rot/BudRot392.jpg,Bud Rot
/home/sivabharathi/Documents/FinalYearProject/CocoCare/ml/data/raw/mendeley/Gray Leaf Spot/GrayLeafSpot966.jpg,Gray Leaf Spot
/home/sivabharathi/Documents/FinalYearProject/CocoCare/ml/data/raw/mendeley/Stem Bleeding/StemBleeding455.jpg,Stem Bleeding
/home/sivabharathi/Documents/FinalYearProject/CocoCare/ml/data/raw/mendeley/Gray Leaf Spot/GrayLeafSpot1951.jpg,Gray Leaf Spot
/home/sivabharathi/Documents/FinalYearProject/CocoCare/ml/data/raw/mendeley/Leaf Rot/LeafRot900.jpg,Leaf Rot
/home/sivabharathi/Documents/FinalYearProject/CocoCare/ml/data/raw/mendeley/Gray Leaf Spot/GrayLeafSpot1567.jpg,Gray Leaf Spot
/home/sivabharathi/Documents/FinalYearProject/CocoCare/ml/data/raw/mendeley/Stem Bleeding/StemBleeding173.jpg,Stem Bleeding
/home/sivabharathi/Documents/FinalYearProject/CocoCare/ml/data/raw/mendeley/Leaf Rot/LeafRot526.jpg,Leaf Rot
/home/sivabharathi/Documents/FinalYearProject/CocoCare/ml/data/raw/mendeley/Gray Leaf Spot/GrayLeafSpot1337.jpg,Gray Leaf Spot
/home/sivabharathi/Documents/FinalYearProject/CocoCare/ml/data/raw/mendeley/Stem Bleeding/StemBleeding028.jpg,Stem Bleeding
/home/sivabharathi/Documents/FinalYearProject/CocoCare/ml/data/raw/mendeley/Gray Leaf Spot/GrayLeafSpot1237.jpg,Gray Leaf Spot
/home/sivabharathi/Documents/FinalYearProject/CocoCare/ml/data/raw/mendeley/Gray Leaf Spot/GrayLeafSpot370.jpg,Gray Leaf Spot
/home/sivabharathi/Documents/FinalYearProject/CocoCare/ml/data/raw/mendeley/Leaf Rot/LeafRot041.jpg,Leaf Rot
/home/sivabharathi/Documents/FinalYearProject/CocoCare/ml/data/raw/mendeley/Leaf Rot/LeafRot028.jpg,Leaf Rot
/home/sivabharathi/Documents/FinalYearProject/CocoCare/ml/data/raw/mendeley/Stem Bleeding/StemBleeding683.jpg,Stem Bleeding
/home/sivabharathi/Documents/FinalYearProject/CocoCare/ml/data/raw/mendeley/Gray Leaf Spot/GrayLeafSpot427.jpg,Gray Leaf Spot
/home/sivabharathi/Documents/FinalYearProject/CocoCare/ml/data/raw/mendeley/Leaf Rot/LeafRot1275.jpg,Leaf Rot
/home/sivabharathi/Documents/FinalYearProject/CocoCare/ml/data/raw/mendeley/Gray Leaf Spot/GrayLeafSpot1060.jpg,Gray Leaf Spot
/home/sivabharathi/Documents/FinalYearProject/CocoCare/ml/data/raw/mendeley/Leaf Rot/LeafRot1339.jpg,Leaf Rot
/home/sivabharathi/Documents/FinalYearProject/CocoCare/ml/data/raw/mendeley/Stem Bleeding/StemBleeding1001.jpg,Stem Bleeding
/home/sivabharathi/Documents/FinalYearProject/CocoCare/ml/data/raw/mendeley/Gray Leaf Spot/GrayLeafSpot1325.jpg,Gray Leaf Spot
/home/sivabharathi/Documents/FinalYearProject/CocoCare/ml/data/raw/mendeley/Bud Root Dropping/BudRootDropping050.jpg,Bud Root Dropping
/home/sivabharathi/Documents/FinalYearProject/CocoCare/ml/data/raw/mendeley/Leaf Rot/LeafRot775.jpg,Leaf Rot
/home/sivabharathi/Documents/FinalYearProject/CocoCare/ml/data/raw/mendeley/Gray Leaf Spot/GrayLeafSpot1410.jpg,Gray Leaf Spot
/home/sivabharathi/Documents/FinalYearProject/CocoCare/ml/data/raw/mendeley/Stem Bleeding/StemBleeding535.jpg,Stem Bleeding
/home/sivabharathi/Documents/FinalYearProject/CocoCare/ml/data/raw/mendeley/Leaf Rot/LeafRot1355.jpg,Leaf Rot
/home/sivabharathi/Documents/FinalYearProject/CocoCare/ml/data/raw/mendeley/Gray Leaf Spot/GrayLeafSpot1175.jpg,Gray Leaf Spot
/home/sivabharathi/Documents/FinalYearProject/CocoCare/ml/data/raw/mendeley/Leaf Rot/LeafRot1262.jpg,Leaf Rot
/home/sivabharathi/Documents/FinalYearProject/CocoCare/ml/data/raw/mendeley/Bud Rot/BudRot133.jpg,Bud Rot
/home/sivabharathi/Documents/FinalYearProject/CocoCare/ml/data/raw/mendeley/Leaf Rot/LeafRot1005.jpg,Leaf Rot
/home/sivabharathi/Documents/FinalYearProject/CocoCare/ml/data/raw/mendeley/Gray Leaf Spot/GrayLeafSpot372.jpg,Gray Leaf Spot
/home/sivabharathi/Documents/FinalYearProject/CocoCare/ml/data/raw/mendeley/Leaf Rot/LeafRot926.jpg,Leaf Rot
/home/sivabharathi/Documents/FinalYearProject/CocoCare/ml/data/raw/mendeley/Gray Leaf Spot/GrayLeafSpot268.jpg,Gray Leaf Spot
/home/sivabharathi/Documents/FinalYearProject/CocoCare/ml/data/raw/mendeley/Leaf Rot/LeafRot970.jpg,Leaf Rot
/home/sivabharathi/Documents/FinalYearProject/CocoCare/ml/data/raw/mendeley/Bud Rot/BudRot308.jpg,Bud Rot
/home/sivabharathi/Documents/FinalYearProject/CocoCare/ml/data/raw/mendeley/Stem Bleeding/StemBleeding549.jpg,Stem Bleeding
/home/sivabharathi/Documents/FinalYearProject/CocoCare/ml/data/raw/mendeley/Gray Leaf Spot/GrayLeafSpot2108.jpg,Gray Leaf Spot
/home/sivabharathi/Documents/FinalYearProject/CocoCare/ml/data/raw/mendeley/Gray Leaf Spot/GrayLeafSpot649.jpg,Gray Leaf Spot
/home/sivabharathi/Documents/FinalYearProject/CocoCare/ml/data/raw/mendeley/Gray Leaf Spot/GrayLeafSpot927.jpg,Gray Leaf Spot
/home/sivabharathi/Documents/FinalYearProject/CocoCare/ml/data/raw/mendeley/Bud Root Dropping/BudRootDropping158.jpg,Bud Root Dropping
/home/sivabharathi/Documents/FinalYearProject/CocoCare/ml/data/raw/mendeley/Gray Leaf Spot/GrayLeafSpot114.jpg,Gray Leaf Spot
/home/sivabharathi/Documents/FinalYearProject/CocoCare/ml/data/raw/mendeley/Gray Leaf Spot/GrayLeafSpot653.jpg,Gray Leaf Spot
/home/sivabharathi/Documents/FinalYearProject/CocoCare/ml/data/raw/mendeley/Bud Root Dropping/BudRootDropping505.jpg,Bud Root Dropping
/home/sivabharathi/Documents/FinalYearProject/CocoCare/ml/data/raw/mendeley/Stem Bleeding/StemBleeding562.jpg,Stem Bleeding
/home/sivabharathi/Documents/FinalYearProject/CocoCare/ml/data/raw/mendeley/Stem Bleeding/StemBleeding358.jpg,Stem Bleeding
/home/sivabharathi/Documents/FinalYearProject/CocoCare/ml/data/raw/mendeley/Stem Bleeding/StemBleeding693.jpg,Stem Bleeding
/home/sivabharathi/Documents/FinalYearProject/CocoCare/ml/data/raw/mendeley/Stem Bleeding/StemBleeding070.jpg,Stem Bleeding
/home/sivabharathi/Documents/FinalYearProject/CocoCare/ml/data/raw/mendeley/Bud Root Dropping/BudRootDropping139.jpg,Bud Root Dropping
/home/sivabharathi/Documents/FinalYearProject/CocoCare/ml/data/raw/mendeley/Gray Leaf Spot/GrayLeafSpot165.jpg,Gray Leaf Spot
/home/sivabharathi/Documents/FinalYearProject/CocoCare/ml/data/raw/mendeley/Stem Bleeding/StemBleeding566.jpg,Stem Bleeding
/home/sivabharathi/Documents/FinalYearProject/CocoCare/ml/data/raw/mendeley/Leaf Rot/LeafRot803.jpg,Leaf Rot
/home/sivabharathi/Documents/FinalYearProject/CocoCare/ml/data/raw/mendeley/Gray Leaf Spot/GrayLeafSpot198.jpg,Gray Leaf Spot
/home/sivabharathi/Documents/FinalYearProject/CocoCare/ml/data/raw/mendeley/Gray Leaf Spot/GrayLeafSpot938.jpg,Gray Leaf Spot
/home/sivabharathi/Documents/FinalYearProject/CocoCare/ml/data/raw/mendeley/Leaf Rot/LeafRot324.jpg,Leaf Rot
/home/sivabharathi/Documents/FinalYearProject/CocoCare/ml/data/raw/mendeley/Leaf Rot/LeafRot680.jpg,Leaf Rot
/home/sivabharathi/Documents/FinalYearProject/CocoCare/ml/data/raw/mendeley/Stem Bleeding/StemBleeding108.jpg,Stem Bleeding
/home/sivabharathi/Documents/FinalYearProject/CocoCare/ml/data/raw/mendeley/Gray Leaf Spot/GrayLeafSpot1512.jpg,Gray Leaf Spot
/home/sivabharathi/Documents/FinalYearProject/CocoCare/ml/data/raw/mendeley/Gray Leaf Spot/GrayLeafSpot1780.jpg,Gray Leaf Spot
/home/sivabharathi/Documents/FinalYearProject/CocoCare/ml/data/raw/mendeley/Bud Root Dropping/BudRootDropping131.jpg,Bud Root Dropping
/home/sivabharathi/Documents/FinalYearProject/CocoCare/ml/data/raw/mendeley/Gray Leaf Spot/GrayLeafSpot780.jpg,Gray Leaf Spot
/home/sivabharathi/Documents/FinalYearProject/CocoCare/ml/data/raw/mendeley/Gray Leaf Spot/GrayLeafSpot1234.jpg,Gray Leaf Spot
/home/sivabharathi/Documents/FinalYearProject/CocoCare/ml/data/raw/mendeley/Stem Bleeding/StemBleeding257.jpg,Stem Bleeding
/home/sivabharathi/Documents/FinalYearProject/CocoCare/ml/data/raw/mendeley/Gray Leaf Spot/GrayLeafSpot530.jpg,Gray Leaf Spot
/home/sivabharathi/Documents/FinalYearProject/CocoCare/ml/data/raw/mendeley/Gray Leaf Spot/GrayLeafSpot1115.jpg,Gray Leaf Spot
/home/sivabharathi/Documents/FinalYearProject/CocoCare/ml/data/raw/mendeley/Stem Bleeding/StemBleeding902.jpg,Stem Bleeding
/home/sivabharathi/Documents/FinalYearProject/CocoCare/ml/data/raw/mendeley/Leaf Rot/LeafRot701.jpg,Leaf Rot
/home/sivabharathi/Documents/FinalYearProject/CocoCare/ml/data/raw/mendeley/Gray Leaf Spot/GrayLeafSpot1835.jpg,Gray Leaf Spot
/home/sivabharathi/Documents/FinalYearProject/CocoCare/ml/data/raw/mendeley/Stem Bleeding/StemBleeding635.jpg,Stem Bleeding
/home/sivabharathi/Documents/FinalYearProject/CocoCare/ml/data/raw/mendeley/Stem Bleeding/StemBleeding019.jpg,Stem Bleeding
/home/sivabharathi/Documents/FinalYearProject/CocoCare/ml/data/raw/mendeley/Gray Leaf Spot/GrayLeafSpot667.jpg,Gray Leaf Spot
/home/sivabharathi/Documents/FinalYearProject/CocoCare/ml/data/raw/mendeley/Leaf Rot/LeafRot188.jpg,Leaf Rot
/home/sivabharathi/Documents/FinalYearProject/CocoCare/ml/data/raw/mendeley/Leaf Rot/LeafRot720.jpg,Leaf Rot
/home/sivabharathi/Documents/FinalYearProject/CocoCare/ml/data/raw/mendeley/Leaf Rot/LeafRot1397.jpg,Leaf Rot
/home/sivabharathi/Documents/FinalYearProject/CocoCare/ml/data/raw/mendeley/Stem Bleeding/StemBleeding283.jpg,Stem Bleeding
/home/sivabharathi/Documents/FinalYearProject/CocoCare/ml/data/raw/mendeley/Bud Root Dropping/BudRootDropping263.jpg,Bud Root Dropping
/home/sivabharathi/Documents/FinalYearProject/CocoCare/ml/data/raw/mendeley/Gray Leaf Spot/GrayLeafSpot1832.jpg,Gray Leaf Spot
/home/sivabharathi/Documents/FinalYearProject/CocoCare/ml/data/raw/mendeley/Bud Root Dropping/BudRootDropping083.jpg,Bud Root Dropping
/home/sivabharathi/Documents/FinalYearProject/CocoCare/ml/data/raw/mendeley/Gray Leaf Spot/GrayLeafSpot1859.jpg,Gray Leaf Spot
/home/sivabharathi/Documents/FinalYearProject/CocoCare/ml/data/raw/mendeley/Stem Bleeding/StemBleeding572.jpg,Stem Bleeding
/home/sivabharathi/Documents/FinalYearProject/CocoCare/ml/data/raw/mendeley/Stem Bleeding/StemBleeding237.jpg,Stem Bleeding
/home/sivabharathi/Documents/FinalYearProject/CocoCare/ml/data/raw/mendeley/Bud Root Dropping/BudRootDropping155.jpg,Bud Root Dropping
/home/sivabharathi/Documents/FinalYearProject/CocoCare/ml/data/raw/mendeley/Gray Leaf Spot/GrayLeafSpot1636.jpg,Gray Leaf Spot
/home/sivabharathi/Documents/FinalYearProject/CocoCare/ml/data/raw/mendeley/Leaf Rot/LeafRot383.jpg,Leaf Rot
/home/sivabharathi/Documents/FinalYearProject/CocoCare/ml/data/raw/mendeley/Gray Leaf Spot/GrayLeafSpot1335.jpg,Gray Leaf Spot
/home/sivabharathi/Documents/FinalYearProject/CocoCare/ml/data/raw/mendeley/Leaf Rot/LeafRot1351.jpg,Leaf Rot
/home/sivabharathi/Documents/FinalYearProject/CocoCare/ml/data/raw/mendeley/Leaf Rot/LeafRot343.jpg,Leaf Rot
/home/sivabharathi/Documents/FinalYearProject/CocoCare/ml/data/raw/mendeley/Stem Bleeding/StemBleeding647.jpg,Stem Bleeding
/home/sivabharathi/Documents/FinalYearProject/CocoCare/ml/data/raw/mendeley/Gray Leaf Spot/GrayLeafSpot250.jpg,Gray Leaf Spot
/home/sivabharathi/Documents/FinalYearProject/CocoCare/ml/data/raw/mendeley/Bud Root Dropping/BudRootDropping340.jpg,Bud Root Dropping
/home/sivabharathi/Documents/FinalYearProject/CocoCare/ml/data/raw/mendeley/Stem Bleeding/StemBleeding371.jpg,Stem Bleeding
/home/sivabharathi/Documents/FinalYearProject/CocoCare/ml/data/raw/mendeley/Leaf Rot/LeafRot612.jpg,Leaf Rot
/home/sivabharathi/Documents/FinalYearProject/CocoCare/ml/data/raw/mendeley/Stem Bleeding/StemBleeding634.jpg,Stem Bleeding
/home/sivabharathi/Documents/FinalYearProject/CocoCare/ml/data/raw/mendeley/Bud Root Dropping/BudRootDropping369.jpg,Bud Root Dropping
/home/sivabharathi/Documents/FinalYearProject/CocoCare/ml/data/raw/mendeley/Bud Rot/BudRot458.jpg,Bud Rot
/home/sivabharathi/Documents/FinalYearProject/CocoCare/ml/data/raw/mendeley/Gray Leaf Spot/GrayLeafSpot1821.jpg,Gray Leaf Spot
/home/sivabharathi/Documents/FinalYearProject/CocoCare/ml/data/raw/mendeley/Leaf Rot/LeafRot659.jpg,Leaf Rot
/home/sivabharathi/Documents/FinalYearProject/CocoCare/ml/data/raw/mendeley/Leaf Rot/LeafRot633.jpg,Leaf Rot
/home/sivabharathi/Documents/FinalYearProject/CocoCare/ml/data/raw/mendeley/Leaf Rot/LeafRot198.jpg,Leaf Rot
/home/sivabharathi/Documents/FinalYearProject/CocoCare/ml/data/raw/mendeley/Gray Leaf Spot/GrayLeafSpot1255.jpg,Gray Leaf Spot
/home/sivabharathi/Documents/FinalYearProject/CocoCare/ml/data/raw/mendeley/Gray Leaf Spot/GrayLeafSpot637.jpg,Gray Leaf Spot
/home/sivabharathi/Documents/FinalYearProject/CocoCare/ml/data/raw/mendeley/Stem Bleeding/StemBleeding660.jpg,Stem Bleeding
/home/sivabharathi/Documents/FinalYearProject/CocoCare/ml/data/raw/mendeley/Bud Rot/BudRot096.jpg,Bud Rot
/home/sivabharathi/Documents/FinalYearProject/CocoCare/ml/data/raw/mendeley/Bud Rot/BudRot006.jpg,Bud Rot
/home/sivabharathi/Documents/FinalYearProject/CocoCare/ml/data/raw/mendeley/Bud Rot/BudRot450.jpg,Bud Rot
/home/sivabharathi/Documents/FinalYearProject/CocoCare/ml/data/raw/mendeley/Gray Leaf Spot/GrayLeafSpot929.jpg,Gray Leaf Spot
/home/sivabharathi/Documents/FinalYearProject/CocoCare/ml/data/raw/mendeley/Leaf Rot/LeafRot977.jpg,Leaf Rot
/home/sivabharathi/Documents/FinalYearProject/CocoCare/ml/data/raw/mendeley/Gray Leaf Spot/GrayLeafSpot1666.jpg,Gray Leaf Spot
/home/sivabharathi/Documents/FinalYearProject/CocoCare/ml/data/raw/mendeley/Stem Bleeding/StemBleeding399.jpg,Stem Bleeding
/home/sivabharathi/Documents/FinalYearProject/CocoCare/ml/data/raw/mendeley/Gray Leaf Spot/GrayLeafSpot004.jpg,Gray Leaf Spot
/home/sivabharathi/Documents/FinalYearProject/CocoCare/ml/data/raw/mendeley/Gray Leaf Spot/GrayLeafSpot979.jpg,Gray Leaf Spot
/home/sivabharathi/Documents/FinalYearProject/CocoCare/ml/data/raw/mendeley/Stem Bleeding/StemBleeding547.jpg,Stem Bleeding
/home/sivabharathi/Documents/FinalYearProject/CocoCare/ml/data/raw/mendeley/Leaf Rot/LeafRot1060.jpg,Leaf Rot
/home/sivabharathi/Documents/FinalYearProject/CocoCare/ml/data/raw/mendeley/Stem Bleeding/StemBleeding870.jpg,Stem Bleeding
/home/sivabharathi/Documents/FinalYearProject/CocoCare/ml/data/raw/mendeley/Gray Leaf Spot/GrayLeafSpot281.jpg,Gray Leaf Spot
/home/sivabharathi/Documents/FinalYearProject/CocoCare/ml/data/raw/mendeley/Leaf Rot/LeafRot547.jpg,Leaf Rot
/home/sivabharathi/Documents/FinalYearProject/CocoCare/ml/data/raw/mendeley/Stem Bleeding/StemBleeding113.jpg,Stem Bleeding
/home/sivabharathi/Documents/FinalYearProject/CocoCare/ml/data/raw/mendeley/Bud Rot/BudRot257.jpg,Bud Rot
/home/sivabharathi/Documents/FinalYearProject/CocoCare/ml/data/raw/mendeley/Gray Leaf Spot/GrayLeafSpot1171.jpg,Gray Leaf Spot
/home/sivabharathi/Documents/FinalYearProject/CocoCare/ml/data/raw/mendeley/Gray Leaf Spot/GrayLeafSpot295.jpg,Gray Leaf Spot
/home/sivabharathi/Documents/FinalYearProject/CocoCare/ml/data/raw/mendeley/Gray Leaf Spot/GrayLeafSpot1760.jpg,Gray Leaf Spot
/home/sivabharathi/Documents/FinalYearProject/CocoCare/ml/data/raw/mendeley/Gray Leaf Spot/GrayLeafSpot1441.jpg,Gray Leaf Spot
/home/sivabharathi/Documents/FinalYearProject/CocoCare/ml/data/raw/mendeley/Stem Bleeding/StemBleeding022.jpg,Stem Bleeding
/home/sivabharathi/Documents/FinalYearProject/CocoCare/ml/data/raw/mendeley/Bud Root Dropping/BudRootDropping430.jpg,Bud Root Dropping
/home/sivabharathi/Documents/FinalYearProject/CocoCare/ml/data/raw/mendeley/Bud Rot/BudRot059.jpg,Bud Rot
/home/sivabharathi/Documents/FinalYearProject/CocoCare/ml/data/raw/mendeley/Stem Bleeding/StemBleeding520.jpg,Stem Bleeding
/home/sivabharathi/Documents/FinalYearProject/CocoCare/ml/data/raw/mendeley/Gray Leaf Spot/GrayLeafSpot475.jpg,Gray Leaf Spot
/home/sivabharathi/Documents/FinalYearProject/CocoCare/ml/data/raw/mendeley/Gray Leaf Spot/GrayLeafSpot1765.jpg,Gray Leaf Spot
/home/sivabharathi/Documents/FinalYearProject/CocoCare/ml/data/raw/mendeley/Stem Bleeding/StemBleeding733.jpg,Stem Bleeding
/home/sivabharathi/Documents/FinalYearProject/CocoCare/ml/data/raw/mendeley/Stem Bleeding/StemBleeding828.jpg,Stem Bleeding
/home/sivabharathi/Documents/FinalYearProject/CocoCare/ml/data/raw/mendeley/Gray Leaf Spot/GrayLeafSpot683.jpg,Gray Leaf Spot
/home/sivabharathi/Documents/FinalYearProject/CocoCare/ml/data/raw/mendeley/Leaf Rot/LeafRot558.jpg,Leaf Rot
/home/sivabharathi/Documents/FinalYearProject/CocoCare/ml/data/raw/mendeley/Bud Root Dropping/BudRootDropping268.jpg,Bud Root Dropping
/home/sivabharathi/Documents/FinalYearProject/CocoCare/ml/data/raw/mendeley/Leaf Rot/LeafRot1418.jpg,Leaf Rot
/home/sivabharathi/Documents/FinalYearProject/CocoCare/ml/data/raw/mendeley/Gray Leaf Spot/GrayLeafSpot1886.jpg,Gray Leaf Spot
/home/sivabharathi/Documents/FinalYearProject/CocoCare/ml/data/raw/mendeley/Leaf Rot/LeafRot178.jpg,Leaf Rot
/home/sivabharathi/Documents/FinalYearProject/CocoCare/ml/data/raw/mendeley/Leaf Rot/LeafRot1492.jpg,Leaf Rot
/home/sivabharathi/Documents/FinalYearProject/CocoCare/ml/data/raw/mendeley/Stem Bleeding/StemBleeding807.jpg,Stem Bleeding
/home/sivabharathi/Documents/FinalYearProject/CocoCare/ml/data/raw/mendeley/Bud Rot/BudRot134.jpg,Bud Rot
/home/sivabharathi/Documents/FinalYearProject/CocoCare/ml/data/raw/mendeley/Bud Rot/BudRot414.jpg,Bud Rot
/home/sivabharathi/Documents/FinalYearProject/CocoCare/ml/data/raw/mendeley/Leaf Rot/LeafRot085.jpg,Leaf Rot
/home/sivabharathi/Documents/FinalYearProject/CocoCare/ml/data/raw/mendeley/Stem Bleeding/StemBleeding665.jpg,Stem Bleeding
/home/sivabharathi/Documents/FinalYearProject/CocoCare/ml/data/raw/mendeley/Leaf Rot/LeafRot082.jpg,Leaf Rot
/home/sivabharathi/Documents/FinalYearProject/CocoCare/ml/data/raw/mendeley/Leaf Rot/LeafRot649.jpg,Leaf Rot
/home/sivabharathi/Documents/FinalYearProject/CocoCare/ml/data/raw/mendeley/Gray Leaf Spot/GrayLeafSpot1264.jpg,Gray Leaf Spot
/home/sivabharathi/Documents/FinalYearProject/CocoCare/ml/data/raw/mendeley/Gray Leaf Spot/GrayLeafSpot663.jpg,Gray Leaf Spot
/home/sivabharathi/Documents/FinalYearProject/CocoCare/ml/data/raw/mendeley/Bud Root Dropping/BudRootDropping293.jpg,Bud Root Dropping
/home/sivabharathi/Documents/FinalYearProject/CocoCare/ml/data/raw/mendeley/Leaf Rot/LeafRot1376.jpg,Leaf Rot
/home/sivabharathi/Documents/FinalYearProject/CocoCare/ml/data/raw/mendeley/Gray Leaf Spot/GrayLeafSpot002.jpg,Gray Leaf Spot
/home/sivabharathi/Documents/FinalYearProject/CocoCare/ml/data/raw/mendeley/Gray Leaf Spot/GrayLeafSpot674.jpg,Gray Leaf Spot
/home/sivabharathi/Documents/FinalYearProject/CocoCare/ml/data/raw/mendeley/Bud Root Dropping/BudRootDropping042.jpg,Bud Root Dropping
/home/sivabharathi/Documents/FinalYearProject/CocoCare/ml/data/raw/mendeley/Gray Leaf Spot/GrayLeafSpot1556.jpg,Gray Leaf Spot
/home/sivabharathi/Documents/FinalYearProject/CocoCare/ml/data/raw/mendeley/Gray Leaf Spot/GrayLeafSpot2042.jpg,Gray Leaf Spot
/home/sivabharathi/Documents/FinalYearProject/CocoCare/ml/data/raw/mendeley/Leaf Rot/LeafRot1495.jpg,Leaf Rot
/home/sivabharathi/Documents/FinalYearProject/CocoCare/ml/data/raw/mendeley/Leaf Rot/LeafRot893.jpg,Leaf Rot
/home/sivabharathi/Documents/FinalYearProject/CocoCare/ml/data/raw/mendeley/Gray Leaf Spot/GrayLeafSpot1390.jpg,Gray Leaf Spot
/home/sivabharathi/Documents/FinalYearProject/CocoCare/ml/data/raw/mendeley/Leaf Rot/LeafRot1535.jpg,Leaf Rot
/home/sivabharathi/Documents/FinalYearProject/CocoCare/ml/data/raw/mendeley/Stem Bleeding/StemBleeding376.jpg,Stem Bleeding
/home/sivabharathi/Documents/FinalYearProject/CocoCare/ml/data/raw/mendeley/Gray Leaf Spot/GrayLeafSpot1696.jpg,Gray Leaf Spot
/home/sivabharathi/Documents/FinalYearProject/CocoCare/ml/data/raw/mendeley/Leaf Rot/LeafRot1182.jpg,Leaf Rot
/home/sivabharathi/Documents/FinalYearProject/CocoCare/ml/data/raw/mendeley/Gray Leaf Spot/GrayLeafSpot1694.jpg,Gray Leaf Spot
/home/sivabharathi/Documents/FinalYearProject/CocoCare/ml/data/raw/mendeley/Leaf Rot/LeafRot205.jpg,Leaf Rot
/home/sivabharathi/Documents/FinalYearProject/CocoCare/ml/data/raw/mendeley/Gray Leaf Spot/GrayLeafSpot1828.jpg,Gray Leaf Spot
/home/sivabharathi/Documents/FinalYearProject/CocoCare/ml/data/raw/mendeley/Gray Leaf Spot/GrayLeafSpot079.jpg,Gray Leaf Spot
/home/sivabharathi/Documents/FinalYearProject/CocoCare/ml/data/raw/mendeley/Gray Leaf Spot/GrayLeafSpot1836.jpg,Gray Leaf Spot
/home/sivabharathi/Documents/FinalYearProject/CocoCare/ml/data/raw/mendeley/Gray Leaf Spot/GrayLeafSpot1127.jpg,Gray Leaf Spot
/home/sivabharathi/Documents/FinalYearProject/CocoCare/ml/data/raw/mendeley/Bud Rot/BudRot276.jpg,Bud Rot
/home/sivabharathi/Documents/FinalYearProject/CocoCare/ml/data/raw/mendeley/Gray Leaf Spot/GrayLeafSpot1407.jpg,Gray Leaf Spot
/home/sivabharathi/Documents/FinalYearProject/CocoCare/ml/data/raw/mendeley/Gray Leaf Spot/GrayLeafSpot2029.jpg,Gray Leaf Spot
/home/sivabharathi/Documents/FinalYearProject/CocoCare/ml/data/raw/mendeley/Stem Bleeding/StemBleeding735.jpg,Stem Bleeding
/home/sivabharathi/Documents/FinalYearProject/CocoCare/ml/data/raw/mendeley/Leaf Rot/LeafRot320.jpg,Leaf Rot
/home/sivabharathi/Documents/FinalYearProject/CocoCare/ml/data/raw/mendeley/Leaf Rot/LeafRot1181.jpg,Leaf Rot
/home/sivabharathi/Documents/FinalYearProject/CocoCare/ml/data/raw/mendeley/Leaf Rot/LeafRot1572.jpg,Leaf Rot
/home/sivabharathi/Documents/FinalYearProject/CocoCare/ml/data/raw/mendeley/Bud Rot/BudRot417.jpg,Bud Rot
/home/sivabharathi/Documents/FinalYearProject/CocoCare/ml/data/raw/mendeley/Gray Leaf Spot/GrayLeafSpot617.jpg,Gray Leaf Spot
/home/sivabharathi/Documents/FinalYearProject/CocoCare/ml/data/raw/mendeley/Leaf Rot/LeafRot046.jpg,Leaf Rot
/home/sivabharathi/Documents/FinalYearProject/CocoCare/ml/data/raw/mendeley/Stem Bleeding/StemBleeding616.jpg,Stem Bleeding
/home/sivabharathi/Documents/FinalYearProject/CocoCare/ml/data/raw/mendeley/Stem Bleeding/StemBleeding743.jpg,Stem Bleeding
/home/sivabharathi/Documents/FinalYearProject/CocoCare/ml/data/raw/mendeley/Leaf Rot/LeafRot1485.jpg,Leaf Rot
/home/sivabharathi/Documents/FinalYearProject/CocoCare/ml/data/raw/mendeley/Bud Rot/BudRot231.jpg,Bud Rot
/home/sivabharathi/Documents/FinalYearProject/CocoCare/ml/data/raw/mendeley/Gray Leaf Spot/GrayLeafSpot1945.jpg,Gray Leaf Spot
/home/sivabharathi/Documents/FinalYearProject/CocoCare/ml/data/raw/mendeley/Leaf Rot/LeafRot1147.jpg,Leaf Rot
/home/sivabharathi/Documents/FinalYearProject/CocoCare/ml/data/raw/mendeley/Leaf Rot/LeafRot1202.jpg,Leaf Rot
/home/sivabharathi/Documents/FinalYearProject/CocoCare/ml/data/raw/mendeley/Gray Leaf Spot/GrayLeafSpot1632.jpg,Gray Leaf Spot
/home/sivabharathi/Documents/FinalYearProject/CocoCare/ml/data/raw/mendeley/Gray Leaf Spot/GrayLeafSpot2071.jpg,Gray Leaf Spot
/home/sivabharathi/Documents/FinalYearProject/CocoCare/ml/data/raw/mendeley/Stem Bleeding/StemBleeding179.jpg,Stem Bleeding
/home/sivabharathi/Documents/FinalYearProject/CocoCare/ml/data/raw/mendeley/Gray Leaf Spot/GrayLeafSpot502.jpg,Gray Leaf Spot
/home/sivabharathi/Documents/FinalYearProject/CocoCare/ml/data/raw/mendeley/Gray Leaf Spot/GrayLeafSpot2046.jpg,Gray Leaf Spot
/home/sivabharathi/Documents/FinalYearProject/CocoCare/ml/data/raw/mendeley/Stem Bleeding/StemBleeding166.jpg,Stem Bleeding
/home/sivabharathi/Documents/FinalYearProject/CocoCare/ml/data/raw/mendeley/Gray Leaf Spot/GrayLeafSpot1272.jpg,Gray Leaf Spot
/home/sivabharathi/Documents/FinalYearProject/CocoCare/ml/data/raw/mendeley/Leaf Rot/LeafRot1561.jpg,Leaf Rot
/home/sivabharathi/Documents/FinalYearProject/CocoCare/ml/data/raw/mendeley/Bud Rot/BudRot169.jpg,Bud Rot
/home/sivabharathi/Documents/FinalYearProject/CocoCare/ml/data/raw/mendeley/Bud Rot/BudRot447.jpg,Bud Rot
/home/sivabharathi/Documents/FinalYearProject/CocoCare/ml/data/raw/mendeley/Gray Leaf Spot/GrayLeafSpot1787.jpg,Gray Leaf Spot
/home/sivabharathi/Documents/FinalYearProject/CocoCare/ml/data/raw/mendeley/Stem Bleeding/StemBleeding406.jpg,Stem Bleeding
/home/sivabharathi/Documents/FinalYearProject/CocoCare/ml/data/raw/mendeley/Stem Bleeding/StemBleeding714.jpg,Stem Bleeding
/home/sivabharathi/Documents/FinalYearProject/CocoCare/ml/data/raw/mendeley/Leaf Rot/LeafRot1246.jpg,Leaf Rot
/home/sivabharathi/Documents/FinalYearProject/CocoCare/ml/data/raw/mendeley/Gray Leaf Spot/GrayLeafSpot562.jpg,Gray Leaf Spot
/home/sivabharathi/Documents/FinalYearProject/CocoCare/ml/data/raw/mendeley/Stem Bleeding/StemBleeding437.jpg,Stem Bleeding
/home/sivabharathi/Documents/FinalYearProject/CocoCare/ml/data/raw/mendeley/Leaf Rot/LeafRot948.jpg,Leaf Rot
/home/sivabharathi/Documents/FinalYearProject/CocoCare/ml/data/raw/mendeley/Bud Rot/BudRot212.jpg,Bud Rot
/home/sivabharathi/Documents/FinalYearProject/CocoCare/ml/data/raw/mendeley/Gray Leaf Spot/GrayLeafSpot1634.jpg,Gray Leaf Spot
/home/sivabharathi/Documents/FinalYearProject/CocoCare/ml/data/raw/mendeley/Gray Leaf Spot/GrayLeafSpot1907.jpg,Gray Leaf Spot
/home/sivabharathi/Documents/FinalYearProject/CocoCare/ml/data/raw/mendeley/Stem Bleeding/StemBleeding611.jpg,Stem Bleeding
/home/sivabharathi/Documents/FinalYearProject/CocoCare/ml/data/raw/mendeley/Leaf Rot/LeafRot600.jpg,Leaf Rot
/home/sivabharathi/Documents/FinalYearProject/CocoCare/ml/data/raw/mendeley/Stem Bleeding/StemBleeding744.jpg,Stem Bleeding
/home/sivabharathi/Documents/FinalYearProject/CocoCare/ml/data/raw/mendeley/Leaf Rot/LeafRot609.jpg,Leaf Rot
/home/sivabharathi/Documents/FinalYearProject/CocoCare/ml/data/raw/mendeley/Gray Leaf Spot/GrayLeafSpot1225.jpg,Gray Leaf Spot
/home/sivabharathi/Documents/FinalYearProject/CocoCare/ml/data/raw/mendeley/Gray Leaf Spot/GrayLeafSpot1574.jpg,Gray Leaf Spot
/home/sivabharathi/Documents/FinalYearProject/CocoCare/ml/data/raw/mendeley/Gray Leaf Spot/GrayLeafSpot124.jpg,Gray Leaf Spot
/home/sivabharathi/Documents/FinalYearProject/CocoCare/ml/data/raw/mendeley/Stem Bleeding/StemBleeding008.jpg,Stem Bleeding
/home/sivabharathi/Documents/FinalYearProject/CocoCare/ml/data/raw/mendeley/Leaf Rot/LeafRot585.jpg,Leaf Rot
/home/sivabharathi/Documents/FinalYearProject/CocoCare/ml/data/raw/mendeley/Bud Root Dropping/BudRootDropping404.jpg,Bud Root Dropping
/home/sivabharathi/Documents/FinalYearProject/CocoCare/ml/data/raw/mendeley/Gray Leaf Spot/GrayLeafSpot574.jpg,Gray Leaf Spot
/home/sivabharathi/Documents/FinalYearProject/CocoCare/ml/data/raw/mendeley/Gray Leaf Spot/GrayLeafSpot928.jpg,Gray Leaf Spot
/home/sivabharathi/Documents/FinalYearProject/CocoCare/ml/data/raw/mendeley/Gray Leaf Spot/GrayLeafSpot121.jpg,Gray Leaf Spot
/home/sivabharathi/Documents/FinalYearProject/CocoCare/ml/data/raw/mendeley/Gray Leaf Spot/GrayLeafSpot698.jpg,Gray Leaf Spot
/home/sivabharathi/Documents/FinalYearProject/CocoCare/ml/data/raw/mendeley/Leaf Rot/LeafRot1532.jpg,Leaf Rot
/home/sivabharathi/Documents/FinalYearProject/CocoCare/ml/data/raw/mendeley/Leaf Rot/LeafRot994.jpg,Leaf Rot
/home/sivabharathi/Documents/FinalYearProject/CocoCare/ml/data/raw/mendeley/Leaf Rot/LeafRot742.jpg,Leaf Rot
/home/sivabharathi/Documents/FinalYearProject/CocoCare/ml/data/raw/mendeley/Bud Rot/BudRot125.jpg,Bud Rot
/home/sivabharathi/Documents/FinalYearProject/CocoCare/ml/data/raw/mendeley/Leaf Rot/LeafRot696.jpg,Leaf Rot
/home/sivabharathi/Documents/FinalYearProject/CocoCare/ml/data/raw/mendeley/Leaf Rot/LeafRot1304.jpg,Leaf Rot
/home/sivabharathi/Documents/FinalYearProject/CocoCare/ml/data/raw/mendeley/Leaf Rot/LeafRot253.jpg,Leaf Rot
/home/sivabharathi/Documents/FinalYearProject/CocoCare/ml/data/raw/mendeley/Bud Root Dropping/BudRootDropping477.jpg,Bud Root Dropping
/home/sivabharathi/Documents/FinalYearProject/CocoCare/ml/data/raw/mendeley/Gray Leaf Spot/GrayLeafSpot781.jpg,Gray Leaf Spot
/home/sivabharathi/Documents/FinalYearProject/CocoCare/ml/data/raw/mendeley/Gray Leaf Spot/GrayLeafSpot2089.jpg,Gray Leaf Spot
/home/sivabharathi/Documents/FinalYearProject/CocoCare/ml/data/raw/mendeley/Gray Leaf Spot/GrayLeafSpot289.jpg,Gray Leaf Spot
/home/sivabharathi/Documents/FinalYearProject/CocoCare/ml/data/raw/mendeley/Leaf Rot/LeafRot1540.jpg,Leaf Rot
/home/sivabharathi/Documents/FinalYearProject/CocoCare/ml/data/raw/mendeley/Leaf Rot/LeafRot220.jpg,Leaf Rot
/home/sivabharathi/Documents/FinalYearProject/CocoCare/ml/data/raw/mendeley/Stem Bleeding/StemBleeding645.jpg,Stem Bleeding
/home/sivabharathi/Documents/FinalYearProject/CocoCare/ml/data/raw/mendeley/Gray Leaf Spot/GrayLeafSpot418.jpg,Gray Leaf Spot
/home/sivabharathi/Documents/FinalYearProject/CocoCare/ml/data/raw/mendeley/Stem Bleeding/StemBleeding478.jpg,Stem Bleeding
/home/sivabharathi/Documents/FinalYearProject/CocoCare/ml/data/raw/mendeley/Stem Bleeding/StemBleeding642.jpg,Stem Bleeding
/home/sivabharathi/Documents/FinalYearProject/CocoCare/ml/data/raw/mendeley/Leaf Rot/LeafRot080.jpg,Leaf Rot
/home/sivabharathi/Documents/FinalYearProject/CocoCare/ml/data/raw/mendeley/Gray Leaf Spot/GrayLeafSpot738.jpg,Gray Leaf Spot
/home/sivabharathi/Documents/FinalYearProject/CocoCare/ml/data/raw/mendeley/Stem Bleeding/StemBleeding231.jpg,Stem Bleeding
/home/sivabharathi/Documents/FinalYearProject/CocoCare/ml/data/raw/mendeley/Gray Leaf Spot/GrayLeafSpot529.jpg,Gray Leaf Spot
/home/sivabharathi/Documents/FinalYearProject/CocoCare/ml/data/raw/mendeley/Leaf Rot/LeafRot1476.jpg,Leaf Rot
/home/sivabharathi/Documents/FinalYearProject/CocoCare/ml/data/raw/mendeley/Stem Bleeding/StemBleeding424.jpg,Stem Bleeding
/home/sivabharathi/Documents/FinalYearProject/CocoCare/ml/data/raw/mendeley/Stem Bleeding/StemBleeding135.jpg,Stem Bleeding
/home/sivabharathi/Documents/FinalYearProject/CocoCare/ml/data/raw/mendeley/Gray Leaf Spot/GrayLeafSpot886.jpg,Gray Leaf Spot
/home/sivabharathi/Documents/FinalYearProject/CocoCare/ml/data/raw/mendeley/Leaf Rot/LeafRot1259.jpg,Leaf Rot
/home/sivabharathi/Documents/FinalYearProject/CocoCare/ml/data/raw/mendeley/Gray Leaf Spot/GrayLeafSpot1405.jpg,Gray Leaf Spot
/home/sivabharathi/Documents/FinalYearProject/CocoCare/ml/data/raw/mendeley/Bud Root Dropping/BudRootDropping373.jpg,Bud Root Dropping
/home/sivabharathi/Documents/FinalYearProject/CocoCare/ml/data/raw/mendeley/Leaf Rot/LeafRot1074.jpg,Leaf Rot
/home/sivabharathi/Documents/FinalYearProject/CocoCare/ml/data/raw/mendeley/Leaf Rot/LeafRot734.jpg,Leaf Rot
/home/sivabharathi/Documents/FinalYearProject/CocoCare/ml/data/raw/mendeley/Bud Rot/BudRot067.jpg,Bud Rot
/home/sivabharathi/Documents/FinalYearProject/CocoCare/ml/data/raw/mendeley/Leaf Rot/LeafRot1059.jpg,Leaf Rot
/home/sivabharathi/Documents/FinalYearProject/CocoCare/ml/data/raw/mendeley/Gray Leaf Spot/GrayLeafSpot952.jpg,Gray Leaf Spot
/home/sivabharathi/Documents/FinalYearProject/CocoCare/ml/data/raw/mendeley/Gray Leaf Spot/GrayLeafSpot1327.jpg,Gray Leaf Spot
/home/sivabharathi/Documents/FinalYearProject/CocoCare/ml/data/raw/mendeley/Gray Leaf Spot/GrayLeafSpot1340.jpg,Gray Leaf Spot
/home/sivabharathi/Documents/FinalYearProject/CocoCare/ml/data/raw/mendeley/Gray Leaf Spot/GrayLeafSpot544.jpg,Gray Leaf Spot
/home/sivabharathi/Documents/FinalYearProject/CocoCare/ml/data/raw/mendeley/Stem Bleeding/StemBleeding924.jpg,Stem Bleeding
/home/sivabharathi/Documents/FinalYearProject/CocoCare/ml/data/raw/mendeley/Stem Bleeding/StemBleeding141.jpg,Stem Bleeding
/home/sivabharathi/Documents/FinalYearProject/CocoCare/ml/data/raw/mendeley/Gray Leaf Spot/GrayLeafSpot1021.jpg,Gray Leaf Spot
/home/sivabharathi/Documents/FinalYearProject/CocoCare/ml/data/raw/mendeley/Bud Root Dropping/BudRootDropping185.jpg,Bud Root Dropping
/home/sivabharathi/Documents/FinalYearProject/CocoCare/ml/data/raw/mendeley/Stem Bleeding/StemBleeding541.jpg,Stem Bleeding
/home/sivabharathi/Documents/FinalYearProject/CocoCare/ml/data/raw/mendeley/Leaf Rot/LeafRot1512.jpg,Leaf Rot
/home/sivabharathi/Documents/FinalYearProject/CocoCare/ml/data/raw/mendeley/Stem Bleeding/StemBleeding208.jpg,Stem Bleeding
/home/sivabharathi/Documents/FinalYearProject/CocoCare/ml/data/raw/mendeley/Gray Leaf Spot/GrayLeafSpot1718.jpg,Gray Leaf Spot
/home/sivabharathi/Documents/FinalYearProject/CocoCare/ml/data/raw/mendeley/Gray Leaf Spot/GrayLeafSpot138.jpg,Gray Leaf Spot
/home/sivabharathi/Documents/FinalYearProject/CocoCare/ml/data/raw/mendeley/Gray Leaf Spot/GrayLeafSpot571.jpg,Gray Leaf Spot
/home/sivabharathi/Documents/FinalYearProject/CocoCare/ml/data/raw/mendeley/Leaf Rot/LeafRot1145.jpg,Leaf Rot
/home/sivabharathi/Documents/FinalYearProject/CocoCare/ml/data/raw/mendeley/Gray Leaf Spot/GrayLeafSpot107.jpg,Gray Leaf Spot
/home/sivabharathi/Documents/FinalYearProject/CocoCare/ml/data/raw/mendeley/Gray Leaf Spot/GrayLeafSpot1028.jpg,Gray Leaf Spot
/home/sivabharathi/Documents/FinalYearProject/CocoCare/ml/data/raw/mendeley/Gray Leaf Spot/GrayLeafSpot1415.jpg,Gray Leaf Spot
/home/sivabharathi/Documents/FinalYearProject/CocoCare/ml/data/raw/mendeley/Gray Leaf Spot/GrayLeafSpot1558.jpg,Gray Leaf Spot
/home/sivabharathi/Documents/FinalYearProject/CocoCare/ml/data/raw/mendeley/Stem Bleeding/StemBleeding612.jpg,Stem Bleeding
/home/sivabharathi/Documents/FinalYearProject/CocoCare/ml/data/raw/mendeley/Gray Leaf Spot/GrayLeafSpot1877.jpg,Gray Leaf Spot
/home/sivabharathi/Documents/FinalYearProject/CocoCare/ml/data/raw/mendeley/Stem Bleeding/StemBleeding387.jpg,Stem Bleeding
/home/sivabharathi/Documents/FinalYearProject/CocoCare/ml/data/raw/mendeley/Bud Root Dropping/BudRootDropping273.jpg,Bud Root Dropping
/home/sivabharathi/Documents/FinalYearProject/CocoCare/ml/data/raw/mendeley/Gray Leaf Spot/GrayLeafSpot037.jpg,Gray Leaf Spot
/home/sivabharathi/Documents/FinalYearProject/CocoCare/ml/data/raw/mendeley/Gray Leaf Spot/GrayLeafSpot1829.jpg,Gray Leaf Spot
/home/sivabharathi/Documents/FinalYearProject/CocoCare/ml/data/raw/mendeley/Gray Leaf Spot/GrayLeafSpot1069.jpg,Gray Leaf Spot
/home/sivabharathi/Documents/FinalYearProject/CocoCare/ml/data/raw/mendeley/Leaf Rot/LeafRot262.jpg,Leaf Rot
/home/sivabharathi/Documents/FinalYearProject/CocoCare/ml/data/raw/mendeley/Gray Leaf Spot/GrayLeafSpot967.jpg,Gray Leaf Spot
/home/sivabharathi/Documents/FinalYearProject/CocoCare/ml/data/raw/mendeley/Stem Bleeding/StemBleeding396.jpg,Stem Bleeding
/home/sivabharathi/Documents/FinalYearProject/CocoCare/ml/data/raw/mendeley/Stem Bleeding/StemBleeding944.jpg,Stem Bleeding
/home/sivabharathi/Documents/FinalYearProject/CocoCare/ml/data/raw/mendeley/Gray Leaf Spot/GrayLeafSpot1128.jpg,Gray Leaf Spot
/home/sivabharathi/Documents/FinalYearProject/CocoCare/ml/data/raw/mendeley/Leaf Rot/LeafRot1183.jpg,Leaf Rot
/home/sivabharathi/Documents/FinalYearProject/CocoCare/ml/data/raw/mendeley/Gray Leaf Spot/GrayLeafSpot1458.jpg,Gray Leaf Spot
/home/sivabharathi/Documents/FinalYearProject/CocoCare/ml/data/raw/mendeley/Leaf Rot/LeafRot746.jpg,Leaf Rot
/home/sivabharathi/Documents/FinalYearProject/CocoCare/ml/data/raw/mendeley/Gray Leaf Spot/GrayLeafSpot1347.jpg,Gray Leaf Spot
/home/sivabharathi/Documents/FinalYearProject/CocoCare/ml/data/raw/mendeley/Bud Rot/BudRot258.jpg,Bud Rot
/home/sivabharathi/Documents/FinalYearProject/CocoCare/ml/data/raw/mendeley/Bud Rot/BudRot165.jpg,Bud Rot
/home/sivabharathi/Documents/FinalYearProject/CocoCare/ml/data/raw/mendeley/Bud Rot/BudRot292.jpg,Bud Rot
/home/sivabharathi/Documents/FinalYearProject/CocoCare/ml/data/raw/mendeley/Gray Leaf Spot/GrayLeafSpot474.jpg,Gray Leaf Spot
/home/sivabharathi/Documents/FinalYearProject/CocoCare/ml/data/raw/mendeley/Gray Leaf Spot/GrayLeafSpot259.jpg,Gray Leaf Spot
/home/sivabharathi/Documents/FinalYearProject/CocoCare/ml/data/raw/mendeley/Bud Root Dropping/BudRootDropping162.jpg,Bud Root Dropping
/home/sivabharathi/Documents/FinalYearProject/CocoCare/ml/data/raw/mendeley/Bud Root Dropping/BudRootDropping420.jpg,Bud Root Dropping
/home/sivabharathi/Documents/FinalYearProject/CocoCare/ml/data/raw/mendeley/Gray Leaf Spot/GrayLeafSpot1201.jpg,Gray Leaf Spot
/home/sivabharathi/Documents/FinalYearProject/CocoCare/ml/data/raw/mendeley/Leaf Rot/LeafRot795.jpg,Leaf Rot
/home/sivabharathi/Documents/FinalYearProject/CocoCare/ml/data/raw/mendeley/Gray Leaf Spot/GrayLeafSpot519.jpg,Gray Leaf Spot
/home/sivabharathi/Documents/FinalYearProject/CocoCare/ml/data/raw/mendeley/Leaf Rot/LeafRot411.jpg,Leaf Rot
/home/sivabharathi/Documents/FinalYearProject/CocoCare/ml/data/raw/mendeley/Leaf Rot/LeafRot1258.jpg,Leaf Rot
/home/sivabharathi/Documents/FinalYearProject/CocoCare/ml/data/raw/mendeley/Stem Bleeding/StemBleeding997.jpg,Stem Bleeding
/home/sivabharathi/Documents/FinalYearProject/CocoCare/ml/data/raw/mendeley/Bud Rot/BudRot389.jpg,Bud Rot
/home/sivabharathi/Documents/FinalYearProject/CocoCare/ml/data/raw/mendeley/Stem Bleeding/StemBleeding715.jpg,Stem Bleeding
/home/sivabharathi/Documents/FinalYearProject/CocoCare/ml/data/raw/mendeley/Leaf Rot/LeafRot904.jpg,Leaf Rot
/home/sivabharathi/Documents/FinalYearProject/CocoCare/ml/data/raw/mendeley/Gray Leaf Spot/GrayLeafSpot1534.jpg,Gray Leaf Spot
/home/sivabharathi/Documents/FinalYearProject/CocoCare/ml/data/raw/mendeley/Bud Root Dropping/BudRootDropping046.jpg,Bud Root Dropping
/home/sivabharathi/Documents/FinalYearProject/CocoCare/ml/data/raw/mendeley/Leaf Rot/LeafRot261.jpg,Leaf Rot
/home/sivabharathi/Documents/FinalYearProject/CocoCare/ml/data/raw/mendeley/Bud Root Dropping/BudRootDropping061.jpg,Bud Root Dropping
/home/sivabharathi/Documents/FinalYearProject/CocoCare/ml/data/raw/mendeley/Leaf Rot/LeafRot1486.jpg,Leaf Rot
/home/sivabharathi/Documents/FinalYearProject/CocoCare/ml/data/raw/mendeley/Gray Leaf Spot/GrayLeafSpot1315.jpg,Gray Leaf Spot
/home/sivabharathi/Documents/FinalYearProject/CocoCare/ml/data/raw/mendeley/Gray Leaf Spot/GrayLeafSpot1296.jpg,Gray Leaf Spot
/home/sivabharathi/Documents/FinalYearProject/CocoCare/ml/data/raw/mendeley/Gray Leaf Spot/GrayLeafSpot1336.jpg,Gray Leaf Spot
/home/sivabharathi/Documents/FinalYearProject/CocoCare/ml/data/raw/mendeley/Gray Leaf Spot/GrayLeafSpot1700.jpg,Gray Leaf Spot
/home/sivabharathi/Documents/FinalYearProject/CocoCare/ml/data/raw/mendeley/Gray Leaf Spot/GrayLeafSpot700.jpg,Gray Leaf Spot
/home/sivabharathi/Documents/FinalYearProject/CocoCare/ml/data/raw/mendeley/Gray Leaf Spot/GrayLeafSpot960.jpg,Gray Leaf Spot
/home/sivabharathi/Documents/FinalYearProject/CocoCare/ml/data/raw/mendeley/Gray Leaf Spot/GrayLeafSpot1103.jpg,Gray Leaf Spot
/home/sivabharathi/Documents/FinalYearProject/CocoCare/ml/data/raw/mendeley/Leaf Rot/LeafRot1317.jpg,Leaf Rot
/home/sivabharathi/Documents/FinalYearProject/CocoCare/ml/data/raw/mendeley/Gray Leaf Spot/GrayLeafSpot243.jpg,Gray Leaf Spot
/home/sivabharathi/Documents/FinalYearProject/CocoCare/ml/data/raw/mendeley/Stem Bleeding/StemBleeding745.jpg,Stem Bleeding
/home/sivabharathi/Documents/FinalYearProject/CocoCare/ml/data/raw/mendeley/Stem Bleeding/StemBleeding357.jpg,Stem Bleeding
/home/sivabharathi/Documents/FinalYearProject/CocoCare/ml/data/raw/mendeley/Leaf Rot/LeafRot1165.jpg,Leaf Rot
/home/sivabharathi/Documents/FinalYearProject/CocoCare/ml/data/raw/mendeley/Gray Leaf Spot/GrayLeafSpot1260.jpg,Gray Leaf Spot
/home/sivabharathi/Documents/FinalYearProject/CocoCare/ml/data/raw/mendeley/Leaf Rot/LeafRot1326.jpg,Leaf Rot
/home/sivabharathi/Documents/FinalYearProject/CocoCare/ml/data/raw/mendeley/Leaf Rot/LeafRot064.jpg,Leaf Rot
/home/sivabharathi/Documents/FinalYearProject/CocoCare/ml/data/raw/mendeley/Stem Bleeding/StemBleeding265.jpg,Stem Bleeding
/home/sivabharathi/Documents/FinalYearProject/CocoCare/ml/data/raw/mendeley/Leaf Rot/LeafRot062.jpg,Leaf Rot
/home/sivabharathi/Documents/FinalYearProject/CocoCare/ml/data/raw/mendeley/Bud Rot/BudRot163.jpg,Bud Rot
/home/sivabharathi/Documents/FinalYearProject/CocoCare/ml/data/raw/mendeley/Gray Leaf Spot/GrayLeafSpot798.jpg,Gray Leaf Spot
/home/sivabharathi/Documents/FinalYearProject/CocoCare/ml/data/raw/mendeley/Bud Root Dropping/BudRootDropping109.jpg,Bud Root Dropping
/home/sivabharathi/Documents/FinalYearProject/CocoCare/ml/data/raw/mendeley/Bud Rot/BudRot367.jpg,Bud Rot
/home/sivabharathi/Documents/FinalYearProject/CocoCare/ml/data/raw/mendeley/Gray Leaf Spot/GrayLeafSpot553.jpg,Gray Leaf Spot
/home/sivabharathi/Documents/FinalYearProject/CocoCare/ml/data/raw/mendeley/Bud Root Dropping/BudRootDropping366.jpg,Bud Root Dropping
/home/sivabharathi/Documents/FinalYearProject/CocoCare/ml/data/raw/mendeley/Bud Root Dropping/BudRootDropping219.jpg,Bud Root Dropping
/home/sivabharathi/Documents/FinalYearProject/CocoCare/ml/data/raw/mendeley/Bud Root Dropping/BudRootDropping418.jpg,Bud Root Dropping
/home/sivabharathi/Documents/FinalYearProject/CocoCare/ml/data/raw/mendeley/Gray Leaf Spot/GrayLeafSpot1467.jpg,Gray Leaf Spot
/home/sivabharathi/Documents/FinalYearProject/CocoCare/ml/data/raw/mendeley/Stem Bleeding/StemBleeding615.jpg,Stem Bleeding
/home/sivabharathi/Documents/FinalYearProject/CocoCare/ml/data/raw/mendeley/Gray Leaf Spot/GrayLeafSpot085.jpg,Gray Leaf Spot
/home/sivabharathi/Documents/FinalYearProject/CocoCare/ml/data/raw/mendeley/Bud Root Dropping/BudRootDropping251.jpg,Bud Root Dropping
/home/sivabharathi/Documents/FinalYearProject/CocoCare/ml/data/raw/mendeley/Gray Leaf Spot/GrayLeafSpot1211.jpg,Gray Leaf Spot
/home/sivabharathi/Documents/FinalYearProject/CocoCare/ml/data/raw/mendeley/Gray Leaf Spot/GrayLeafSpot743.jpg,Gray Leaf Spot
/home/sivabharathi/Documents/FinalYearProject/CocoCare/ml/data/raw/mendeley/Leaf Rot/LeafRot972.jpg,Leaf Rot
/home/sivabharathi/Documents/FinalYearProject/CocoCare/ml/data/raw/mendeley/Leaf Rot/LeafRot534.jpg,Leaf Rot
/home/sivabharathi/Documents/FinalYearProject/CocoCare/ml/data/raw/mendeley/Leaf Rot/LeafRot1323.jpg,Leaf Rot
/home/sivabharathi/Documents/FinalYearProject/CocoCare/ml/data/raw/mendeley/Leaf Rot/LeafRot108.jpg,Leaf Rot
/home/sivabharathi/Documents/FinalYearProject/CocoCare/ml/data/raw/mendeley/Gray Leaf Spot/GrayLeafSpot233.jpg,Gray Leaf Spot
/home/sivabharathi/Documents/FinalYearProject/CocoCare/ml/data/raw/mendeley/Gray Leaf Spot/GrayLeafSpot1456.jpg,Gray Leaf Spot
/home/sivabharathi/Documents/FinalYearProject/CocoCare/ml/data/raw/mendeley/Bud Rot/BudRot083.jpg,Bud Rot
/home/sivabharathi/Documents/FinalYearProject/CocoCare/ml/data/raw/mendeley/Leaf Rot/LeafRot336.jpg,Leaf Rot
/home/sivabharathi/Documents/FinalYearProject/CocoCare/ml/data/raw/mendeley/Gray Leaf Spot/GrayLeafSpot2135.jpg,Gray Leaf Spot
/home/sivabharathi/Documents/FinalYearProject/CocoCare/ml/data/raw/mendeley/Gray Leaf Spot/GrayLeafSpot645.jpg,Gray Leaf Spot
/home/sivabharathi/Documents/FinalYearProject/CocoCare/ml/data/raw/mendeley/Gray Leaf Spot/GrayLeafSpot1963.jpg,Gray Leaf Spot
/home/sivabharathi/Documents/FinalYearProject/CocoCare/ml/data/raw/mendeley/Leaf Rot/LeafRot1670.jpg,Leaf Rot
/home/sivabharathi/Documents/FinalYearProject/CocoCare/ml/data/raw/mendeley/Gray Leaf Spot/GrayLeafSpot550.jpg,Gray Leaf Spot
/home/sivabharathi/Documents/FinalYearProject/CocoCare/ml/data/raw/mendeley/Gray Leaf Spot/GrayLeafSpot768.jpg,Gray Leaf Spot
/home/sivabharathi/Documents/FinalYearProject/CocoCare/ml/data/raw/mendeley/Leaf Rot/LeafRot828.jpg,Leaf Rot
/home/sivabharathi/Documents/FinalYearProject/CocoCare/ml/data/raw/mendeley/Gray Leaf Spot/GrayLeafSpot690.jpg,Gray Leaf Spot
/home/sivabharathi/Documents/FinalYearProject/CocoCare/ml/data/raw/mendeley/Gray Leaf Spot/GrayLeafSpot604.jpg,Gray Leaf Spot
/home/sivabharathi/Documents/FinalYearProject/CocoCare/ml/data/raw/mendeley/Bud Rot/BudRot305.jpg,Bud Rot
/home/sivabharathi/Documents/FinalYearProject/CocoCare/ml/data/raw/mendeley/Stem Bleeding/StemBleeding509.jpg,Stem Bleeding
/home/sivabharathi/Documents/FinalYearProject/CocoCare/ml/data/raw/mendeley/Leaf Rot/LeafRot864.jpg,Leaf Rot
/home/sivabharathi/Documents/FinalYearProject/CocoCare/ml/data/raw/mendeley/Leaf Rot/LeafRot869.jpg,Leaf Rot
/home/sivabharathi/Documents/FinalYearProject/CocoCare/ml/data/raw/mendeley/Gray Leaf Spot/GrayLeafSpot704.jpg,Gray Leaf Spot
/home/sivabharathi/Documents/FinalYearProject/CocoCare/ml/data/raw/mendeley/Stem Bleeding/StemBleeding069.jpg,Stem Bleeding
/home/sivabharathi/Documents/FinalYearProject/CocoCare/ml/data/raw/mendeley/Stem Bleeding/StemBleeding904.jpg,Stem Bleeding
/home/sivabharathi/Documents/FinalYearProject/CocoCare/ml/data/raw/mendeley/Stem Bleeding/StemBleeding897.jpg,Stem Bleeding
/home/sivabharathi/Documents/FinalYearProject/CocoCare/ml/data/raw/mendeley/Gray Leaf Spot/GrayLeafSpot1079.jpg,Gray Leaf Spot
/home/sivabharathi/Documents/FinalYearProject/CocoCare/ml/data/raw/mendeley/Gray Leaf Spot/GrayLeafSpot1568.jpg,Gray Leaf Spot
/home/sivabharathi/Documents/FinalYearProject/CocoCare/ml/data/raw/mendeley/Leaf Rot/LeafRot274.jpg,Leaf Rot
/home/sivabharathi/Documents/FinalYearProject/CocoCare/ml/data/raw/mendeley/Bud Root Dropping/BudRootDropping468.jpg,Bud Root Dropping
/home/sivabharathi/Documents/FinalYearProject/CocoCare/ml/data/raw/mendeley/Bud Root Dropping/BudRootDropping423.jpg,Bud Root Dropping
/home/sivabharathi/Documents/FinalYearProject/CocoCare/ml/data/raw/mendeley/Gray Leaf Spot/GrayLeafSpot1758.jpg,Gray Leaf Spot
/home/sivabharathi/Documents/FinalYearProject/CocoCare/ml/data/raw/mendeley/Gray Leaf Spot/GrayLeafSpot1806.jpg,Gray Leaf Spot
/home/sivabharathi/Documents/FinalYearProject/CocoCare/ml/data/raw/mendeley/Gray Leaf Spot/GrayLeafSpot1373.jpg,Gray Leaf Spot
/home/sivabharathi/Documents/FinalYearProject/CocoCare/ml/data/raw/mendeley/Bud Root Dropping/BudRootDropping362.jpg,Bud Root Dropping
/home/sivabharathi/Documents/FinalYearProject/CocoCare/ml/data/raw/mendeley/Leaf Rot/LeafRot448.jpg,Leaf Rot
/home/sivabharathi/Documents/FinalYearProject/CocoCare/ml/data/raw/mendeley/Gray Leaf Spot/GrayLeafSpot1376.jpg,Gray Leaf Spot
/home/sivabharathi/Documents/FinalYearProject/CocoCare/ml/data/raw/mendeley/Stem Bleeding/StemBleeding731.jpg,Stem Bleeding
/home/sivabharathi/Documents/FinalYearProject/CocoCare/ml/data/raw/mendeley/Gray Leaf Spot/GrayLeafSpot1588.jpg,Gray Leaf Spot
/home/sivabharathi/Documents/FinalYearProject/CocoCare/ml/data/raw/mendeley/Gray Leaf Spot/GrayLeafSpot1552.jpg,Gray Leaf Spot
/home/sivabharathi/Documents/FinalYearProject/CocoCare/ml/data/raw/mendeley/Gray Leaf Spot/GrayLeafSpot1791.jpg,Gray Leaf Spot
/home/sivabharathi/Documents/FinalYearProject/CocoCare/ml/data/raw/mendeley/Gray Leaf Spot/GrayLeafSpot386.jpg,Gray Leaf Spot
/home/sivabharathi/Documents/FinalYearProject/CocoCare/ml/data/raw/mendeley/Bud Rot/BudRot135.jpg,Bud Rot
/home/sivabharathi/Documents/FinalYearProject/CocoCare/ml/data/raw/mendeley/Gray Leaf Spot/GrayLeafSpot1619.jpg,Gray Leaf Spot
/home/sivabharathi/Documents/FinalYearProject/CocoCare/ml/data/raw/mendeley/Gray Leaf Spot/GrayLeafSpot873.jpg,Gray Leaf Spot
/home/sivabharathi/Documents/FinalYearProject/CocoCare/ml/data/raw/mendeley/Stem Bleeding/StemBleeding554.jpg,Stem Bleeding
/home/sivabharathi/Documents/FinalYearProject/CocoCare/ml/data/raw/mendeley/Bud Root Dropping/BudRootDropping336.jpg,Bud Root Dropping
/home/sivabharathi/Documents/FinalYearProject/CocoCare/ml/data/raw/mendeley/Gray Leaf Spot/GrayLeafSpot1763.jpg,Gray Leaf Spot
/home/sivabharathi/Documents/FinalYearProject/CocoCare/ml/data/raw/mendeley/Gray Leaf Spot/GrayLeafSpot2035.jpg,Gray Leaf Spot
/home/sivabharathi/Documents/FinalYearProject/CocoCare/ml/data/raw/mendeley/Leaf Rot/LeafRot208.jpg,Leaf Rot
/home/sivabharathi/Documents/FinalYearProject/CocoCare/ml/data/raw/mendeley/Gray Leaf Spot/GrayLeafSpot1943.jpg,Gray Leaf Spot
/home/sivabharathi/Documents/FinalYearProject/CocoCare/ml/data/raw/mendeley/Gray Leaf Spot/GrayLeafSpot1478.jpg,Gray Leaf Spot
/home/sivabharathi/Documents/FinalYearProject/CocoCare/ml/data/raw/mendeley/Gray Leaf Spot/GrayLeafSpot2049.jpg,Gray Leaf Spot
/home/sivabharathi/Documents/FinalYearProject/CocoCare/ml/data/raw/mendeley/Gray Leaf Spot/GrayLeafSpot239.jpg,Gray Leaf Spot
/home/sivabharathi/Documents/FinalYearProject/CocoCare/ml/data/raw/mendeley/Leaf Rot/LeafRot010.jpg,Leaf Rot
/home/sivabharathi/Documents/FinalYearProject/CocoCare/ml/data/raw/mendeley/Gray Leaf Spot/GrayLeafSpot1676.jpg,Gray Leaf Spot
/home/sivabharathi/Documents/FinalYearProject/CocoCare/ml/data/raw/mendeley/Bud Root Dropping/BudRootDropping220.jpg,Bud Root Dropping
/home/sivabharathi/Documents/FinalYearProject/CocoCare/ml/data/raw/mendeley/Leaf Rot/LeafRot1657.jpg,Leaf Rot
/home/sivabharathi/Documents/FinalYearProject/CocoCare/ml/data/raw/mendeley/Gray Leaf Spot/GrayLeafSpot2016.jpg,Gray Leaf Spot
/home/sivabharathi/Documents/FinalYearProject/CocoCare/ml/data/raw/mendeley/Leaf Rot/LeafRot646.jpg,Leaf Rot
/home/sivabharathi/Documents/FinalYearProject/CocoCare/ml/data/raw/mendeley/Bud Rot/BudRot401.jpg,Bud Rot
/home/sivabharathi/Documents/FinalYearProject/CocoCare/ml/data/raw/mendeley/Leaf Rot/LeafRot453.jpg,Leaf Rot
/home/sivabharathi/Documents/FinalYearProject/CocoCare/ml/data/raw/mendeley/Gray Leaf Spot/GrayLeafSpot1895.jpg,Gray Leaf Spot
/home/sivabharathi/Documents/FinalYearProject/CocoCare/ml/data/raw/mendeley/Leaf Rot/LeafRot016.jpg,Leaf Rot
/home/sivabharathi/Documents/FinalYearProject/CocoCare/ml/data/raw/mendeley/Gray Leaf Spot/GrayLeafSpot403.jpg,Gray Leaf Spot
/home/sivabharathi/Documents/FinalYearProject/CocoCare/ml/data/raw/mendeley/Bud Rot/BudRot366.jpg,Bud Rot
/home/sivabharathi/Documents/FinalYearProject/CocoCare/ml/data/raw/mendeley/Leaf Rot/LeafRot916.jpg,Leaf Rot
/home/sivabharathi/Documents/FinalYearProject/CocoCare/ml/data/raw/mendeley/Bud Root Dropping/BudRootDropping300.jpg,Bud Root Dropping
/home/sivabharathi/Documents/FinalYearProject/CocoCare/ml/data/raw/mendeley/Leaf Rot/LeafRot445.jpg,Leaf Rot
/home/sivabharathi/Documents/FinalYearProject/CocoCare/ml/data/raw/mendeley/Gray Leaf Spot/GrayLeafSpot1843.jpg,Gray Leaf Spot
/home/sivabharathi/Documents/FinalYearProject/CocoCare/ml/data/raw/mendeley/Bud Root Dropping/BudRootDropping497.jpg,Bud Root Dropping
/home/sivabharathi/Documents/FinalYearProject/CocoCare/ml/data/raw/mendeley/Gray Leaf Spot/GrayLeafSpot1662.jpg,Gray Leaf Spot
/home/sivabharathi/Documents/FinalYearProject/CocoCare/ml/data/raw/mendeley/Leaf Rot/LeafRot808.jpg,Leaf Rot
/home/sivabharathi/Documents/FinalYearProject/CocoCare/ml/data/raw/mendeley/Gray Leaf Spot/GrayLeafSpot187.jpg,Gray Leaf Spot
/home/sivabharathi/Documents/FinalYearProject/CocoCare/ml/data/raw/mendeley/Gray Leaf Spot/GrayLeafSpot1488.jpg,Gray Leaf Spot
/home/sivabharathi/Documents/FinalYearProject/CocoCare/ml/data/raw/mendeley/Leaf Rot/LeafRot1349.jpg,Leaf Rot
/home/sivabharathi/Documents/FinalYearProject/CocoCare/ml/data/raw/mendeley/Leaf Rot/LeafRot283.jpg,Leaf Rot
/home/sivabharathi/Documents/FinalYearProject/CocoCare/ml/data/raw/mendeley/Gray Leaf Spot/GrayLeafSpot1424.jpg,Gray Leaf Spot
/home/sivabharathi/Documents/FinalYearProject/CocoCare/ml/data/raw/mendeley/Gray Leaf Spot/GrayLeafSpot352.jpg,Gray Leaf Spot
/home/sivabharathi/Documents/FinalYearProject/CocoCare/ml/data/raw/mendeley/Leaf Rot/LeafRot485.jpg,Leaf Rot
/home/sivabharathi/Documents/FinalYearProject/CocoCare/ml/data/raw/mendeley/Gray Leaf Spot/GrayLeafSpot1815.jpg,Gray Leaf Spot
/home/sivabharathi/Documents/FinalYearProject/CocoCare/ml/data/raw/mendeley/Leaf Rot/LeafRot1465.jpg,Leaf Rot
/home/sivabharathi/Documents/FinalYearProject/CocoCare/ml/data/raw/mendeley/Stem Bleeding/StemBleeding934.jpg,Stem Bleeding
/home/sivabharathi/Documents/FinalYearProject/CocoCare/ml/data/raw/mendeley/Leaf Rot/LeafRot228.jpg,Leaf Rot
/home/sivabharathi/Documents/FinalYearProject/CocoCare/ml/data/raw/mendeley/Stem Bleeding/StemBleeding979.jpg,Stem Bleeding
/home/sivabharathi/Documents/FinalYearProject/CocoCare/ml/data/raw/mendeley/Bud Root Dropping/BudRootDropping191.jpg,Bud Root Dropping
/home/sivabharathi/Documents/FinalYearProject/CocoCare/ml/data/raw/mendeley/Stem Bleeding/StemBleeding323.jpg,Stem Bleeding
/home/sivabharathi/Documents/FinalYearProject/CocoCare/ml/data/raw/mendeley/Gray Leaf Spot/GrayLeafSpot1443.jpg,Gray Leaf Spot
/home/sivabharathi/Documents/FinalYearProject/CocoCare/ml/data/raw/mendeley/Bud Rot/BudRot063.jpg,Bud Rot
/home/sivabharathi/Documents/FinalYearProject/CocoCare/ml/data/raw/mendeley/Leaf Rot/LeafRot500.jpg,Leaf Rot
/home/sivabharathi/Documents/FinalYearProject/CocoCare/ml/data/raw/mendeley/Leaf Rot/LeafRot1104.jpg,Leaf Rot
/home/sivabharathi/Documents/FinalYearProject/CocoCare/ml/data/raw/mendeley/Leaf Rot/LeafRot1410.jpg,Leaf Rot
/home/sivabharathi/Documents/FinalYearProject/CocoCare/ml/data/raw/mendeley/Bud Rot/BudRot208.jpg,Bud Rot
/home/sivabharathi/Documents/FinalYearProject/CocoCare/ml/data/raw/mendeley/Stem Bleeding/StemBleeding985.jpg,Stem Bleeding
/home/sivabharathi/Documents/FinalYearProject/CocoCare/ml/data/raw/mendeley/Stem Bleeding/StemBleeding242.jpg,Stem Bleeding
/home/sivabharathi/Documents/FinalYearProject/CocoCare/ml/data/raw/mendeley/Gray Leaf Spot/GrayLeafSpot1308.jpg,Gray Leaf Spot
/home/sivabharathi/Documents/FinalYearProject/CocoCare/ml/data/raw/mendeley/Stem Bleeding/StemBleeding254.jpg,Stem Bleeding
/home/sivabharathi/Documents/FinalYearProject/CocoCare/ml/data/raw/mendeley/Gray Leaf Spot/GrayLeafSpot392.jpg,Gray Leaf Spot
/home/sivabharathi/Documents/FinalYearProject/CocoCare/ml/data/raw/mendeley/Bud Rot/BudRot332.jpg,Bud Rot
/home/sivabharathi/Documents/FinalYearProject/CocoCare/ml/data/raw/mendeley/Gray Leaf Spot/GrayLeafSpot1055.jpg,Gray Leaf Spot
/home/sivabharathi/Documents/FinalYearProject/CocoCare/ml/data/raw/mendeley/Gray Leaf Spot/GrayLeafSpot1911.jpg,Gray Leaf Spot
/home/sivabharathi/Documents/FinalYearProject/CocoCare/ml/data/raw/mendeley/Gray Leaf Spot/GrayLeafSpot942.jpg,Gray Leaf Spot
/home/sivabharathi/Documents/FinalYearProject/CocoCare/ml/data/raw/mendeley/Gray Leaf Spot/GrayLeafSpot628.jpg,Gray Leaf Spot
/home/sivabharathi/Documents/FinalYearProject/CocoCare/ml/data/raw/mendeley/Gray Leaf Spot/GrayLeafSpot159.jpg,Gray Leaf Spot
/home/sivabharathi/Documents/FinalYearProject/CocoCare/ml/data/raw/mendeley/Gray Leaf Spot/GrayLeafSpot2028.jpg,Gray Leaf Spot
/home/sivabharathi/Documents/FinalYearProject/CocoCare/ml/data/raw/mendeley/Gray Leaf Spot/GrayLeafSpot1529.jpg,Gray Leaf Spot
/home/sivabharathi/Documents/FinalYearProject/CocoCare/ml/data/raw/mendeley/Leaf Rot/LeafRot1298.jpg,Leaf Rot
/home/sivabharathi/Documents/FinalYearProject/CocoCare/ml/data/raw/mendeley/Gray Leaf Spot/GrayLeafSpot826.jpg,Gray Leaf Spot
/home/sivabharathi/Documents/FinalYearProject/CocoCare/ml/data/raw/mendeley/Stem Bleeding/StemBleeding1002.jpg,Stem Bleeding
/home/sivabharathi/Documents/FinalYearProject/CocoCare/ml/data/raw/mendeley/Bud Root Dropping/BudRootDropping389.jpg,Bud Root Dropping
/home/sivabharathi/Documents/FinalYearProject/CocoCare/ml/data/raw/mendeley/Leaf Rot/LeafRot1413.jpg,Leaf Rot
/home/sivabharathi/Documents/FinalYearProject/CocoCare/ml/data/raw/mendeley/Bud Rot/BudRot296.jpg,Bud Rot
/home/sivabharathi/Documents/FinalYearProject/CocoCare/ml/data/raw/mendeley/Leaf Rot/LeafRot248.jpg,Leaf Rot
/home/sivabharathi/Documents/FinalYearProject/CocoCare/ml/data/raw/mendeley/Leaf Rot/LeafRot527.jpg,Leaf Rot
/home/sivabharathi/Documents/FinalYearProject/CocoCare/ml/data/raw/mendeley/Gray Leaf Spot/GrayLeafSpot1082.jpg,Gray Leaf Spot
/home/sivabharathi/Documents/FinalYearProject/CocoCare/ml/data/raw/mendeley/Stem Bleeding/StemBleeding109.jpg,Stem Bleeding
/home/sivabharathi/Documents/FinalYearProject/CocoCare/ml/data/raw/mendeley/Gray Leaf Spot/GrayLeafSpot1715.jpg,Gray Leaf Spot
/home/sivabharathi/Documents/FinalYearProject/CocoCare/ml/data/raw/mendeley/Gray Leaf Spot/GrayLeafSpot1319.jpg,Gray Leaf Spot
/home/sivabharathi/Documents/FinalYearProject/CocoCare/ml/data/raw/mendeley/Bud Rot/BudRot441.jpg,Bud Rot
/home/sivabharathi/Documents/FinalYearProject/CocoCare/ml/data/raw/mendeley/Stem Bleeding/StemBleeding298.jpg,Stem Bleeding
/home/sivabharathi/Documents/FinalYearProject/CocoCare/ml/data/raw/mendeley/Bud Rot/BudRot178.jpg,Bud Rot
/home/sivabharathi/Documents/FinalYearProject/CocoCare/ml/data/raw/mendeley/Gray Leaf Spot/GrayLeafSpot1629.jpg,Gray Leaf Spot
/home/sivabharathi/Documents/FinalYearProject/CocoCare/ml/data/raw/mendeley/Gray Leaf Spot/GrayLeafSpot1848.jpg,Gray Leaf Spot
/home/sivabharathi/Documents/FinalYearProject/CocoCare/ml/data/raw/mendeley/Gray Leaf Spot/GrayLeafSpot1592.jpg,Gray Leaf Spot
/home/sivabharathi/Documents/FinalYearProject/CocoCare/ml/data/raw/mendeley/Gray Leaf Spot/GrayLeafSpot1404.jpg,Gray Leaf Spot
/home/sivabharathi/Documents/FinalYearProject/CocoCare/ml/data/raw/mendeley/Leaf Rot/LeafRot115.jpg,Leaf Rot
/home/sivabharathi/Documents/FinalYearProject/CocoCare/ml/data/raw/mendeley/Gray Leaf Spot/GrayLeafSpot1227.jpg,Gray Leaf Spot
/home/sivabharathi/Documents/FinalYearProject/CocoCare/ml/data/raw/mendeley/Leaf Rot/LeafRot778.jpg,Leaf Rot
/home/sivabharathi/Documents/FinalYearProject/CocoCare/ml/data/raw/mendeley/Bud Rot/BudRot104.jpg,Bud Rot
/home/sivabharathi/Documents/FinalYearProject/CocoCare/ml/data/raw/mendeley/Gray Leaf Spot/GrayLeafSpot1954.jpg,Gray Leaf Spot
/home/sivabharathi/Documents/FinalYearProject/CocoCare/ml/data/raw/mendeley/Gray Leaf Spot/GrayLeafSpot266.jpg,Gray Leaf Spot
/home/sivabharathi/Documents/FinalYearProject/CocoCare/ml/data/raw/mendeley/Stem Bleeding/StemBleeding309.jpg,Stem Bleeding
/home/sivabharathi/Documents/FinalYearProject/CocoCare/ml/data/raw/mendeley/Stem Bleeding/StemBleeding235.jpg,Stem Bleeding
/home/sivabharathi/Documents/FinalYearProject/CocoCare/ml/data/raw/mendeley/Stem Bleeding/StemBleeding915.jpg,Stem Bleeding
/home/sivabharathi/Documents/FinalYearProject/CocoCare/ml/data/raw/mendeley/Gray Leaf Spot/GrayLeafSpot1367.jpg,Gray Leaf Spot
/home/sivabharathi/Documents/FinalYearProject/CocoCare/ml/data/raw/mendeley/Bud Rot/BudRot077.jpg,Bud Rot
/home/sivabharathi/Documents/FinalYearProject/CocoCare/ml/data/raw/mendeley/Gray Leaf Spot/GrayLeafSpot1880.jpg,Gray Leaf Spot
/home/sivabharathi/Documents/FinalYearProject/CocoCare/ml/data/raw/mendeley/Bud Rot/BudRot370.jpg,Bud Rot
/home/sivabharathi/Documents/FinalYearProject/CocoCare/ml/data/raw/mendeley/Bud Root Dropping/BudRootDropping470.jpg,Bud Root Dropping
/home/sivabharathi/Documents/FinalYearProject/CocoCare/ml/data/raw/mendeley/Gray Leaf Spot/GrayLeafSpot2063.jpg,Gray Leaf Spot
/home/sivabharathi/Documents/FinalYearProject/CocoCare/ml/data/raw/mendeley/Leaf Rot/LeafRot091.jpg,Leaf Rot
/home/sivabharathi/Documents/FinalYearProject/CocoCare/ml/data/raw/mendeley/Stem Bleeding/StemBleeding432.jpg,Stem Bleeding
/home/sivabharathi/Documents/FinalYearProject/CocoCare/ml/data/raw/mendeley/Leaf Rot/LeafRot981.jpg,Leaf Rot
/home/sivabharathi/Documents/FinalYearProject/CocoCare/ml/data/raw/mendeley/Stem Bleeding/StemBleeding717.jpg,Stem Bleeding
/home/sivabharathi/Documents/FinalYearProject/CocoCare/ml/data/raw/mendeley/Stem Bleeding/StemBleeding282.jpg,Stem Bleeding
/home/sivabharathi/Documents/FinalYearProject/CocoCare/ml/data/raw/mendeley/Leaf Rot/LeafRot1368.jpg,Leaf Rot
/home/sivabharathi/Documents/FinalYearProject/CocoCare/ml/data/raw/mendeley/Leaf Rot/LeafRot1321.jpg,Leaf Rot
/home/sivabharathi/Documents/FinalYearProject/CocoCare/ml/data/raw/mendeley/Stem Bleeding/StemBleeding134.jpg,Stem Bleeding
/home/sivabharathi/Documents/FinalYearProject/CocoCare/ml/data/raw/mendeley/Bud Rot/BudRot413.jpg,Bud Rot
/home/sivabharathi/Documents/FinalYearProject/CocoCare/ml/data/raw/mendeley/Bud Rot/BudRot196.jpg,Bud Rot
/home/sivabharathi/Documents/FinalYearProject/CocoCare/ml/data/raw/mendeley/Bud Root Dropping/BudRootDropping393.jpg,Bud Root Dropping
/home/sivabharathi/Documents/FinalYearProject/CocoCare/ml/data/raw/mendeley/Leaf Rot/LeafRot576.jpg,Leaf Rot
/home/sivabharathi/Documents/FinalYearProject/CocoCare/ml/data/raw/mendeley/Leaf Rot/LeafRot420.jpg,Leaf Rot
/home/sivabharathi/Documents/FinalYearProject/CocoCare/ml/data/raw/mendeley/Leaf Rot/LeafRot1300.jpg,Leaf Rot
/home/sivabharathi/Documents/FinalYearProject/CocoCare/ml/data/raw/mendeley/Gray Leaf Spot/GrayLeafSpot564.jpg,Gray Leaf Spot
/home/sivabharathi/Documents/FinalYearProject/CocoCare/ml/data/raw/mendeley/Bud Rot/BudRot213.jpg,Bud Rot
/home/sivabharathi/Documents/FinalYearProject/CocoCare/ml/data/raw/mendeley/Leaf Rot/LeafRot014.jpg,Leaf Rot
/home/sivabharathi/Documents/FinalYearProject/CocoCare/ml/data/raw/mendeley/Leaf Rot/LeafRot588.jpg,Leaf Rot
/home/sivabharathi/Documents/FinalYearProject/CocoCare/ml/data/raw/mendeley/Gray Leaf Spot/GrayLeafSpot1077.jpg,Gray Leaf Spot
/home/sivabharathi/Documents/FinalYearProject/CocoCare/ml/data/raw/mendeley/Leaf Rot/LeafRot1329.jpg,Leaf Rot
/home/sivabharathi/Documents/FinalYearProject/CocoCare/ml/data/raw/mendeley/Stem Bleeding/StemBleeding711.jpg,Stem Bleeding
/home/sivabharathi/Documents/FinalYearProject/CocoCare/ml/data/raw/mendeley/Bud Rot/BudRot423.jpg,Bud Rot
/home/sivabharathi/Documents/FinalYearProject/CocoCare/ml/data/raw/mendeley/Gray Leaf Spot/GrayLeafSpot1870.jpg,Gray Leaf Spot
/home/sivabharathi/Documents/FinalYearProject/CocoCare/ml/data/raw/mendeley/Bud Rot/BudRot455.jpg,Bud Rot
/home/sivabharathi/Documents/FinalYearProject/CocoCare/ml/data/raw/mendeley/Leaf Rot/LeafRot773.jpg,Leaf Rot
/home/sivabharathi/Documents/FinalYearProject/CocoCare/ml/data/raw/mendeley/Leaf Rot/LeafRot1291.jpg,Leaf Rot
/home/sivabharathi/Documents/FinalYearProject/CocoCare/ml/data/raw/mendeley/Stem Bleeding/StemBleeding552.jpg,Stem Bleeding
/home/sivabharathi/Documents/FinalYearProject/CocoCare/ml/data/raw/mendeley/Gray Leaf Spot/GrayLeafSpot270.jpg,Gray Leaf Spot
/home/sivabharathi/Documents/FinalYearProject/CocoCare/ml/data/raw/mendeley/Stem Bleeding/StemBleeding252.jpg,Stem Bleeding
/home/sivabharathi/Documents/FinalYearProject/CocoCare/ml/data/raw/mendeley/Leaf Rot/LeafRot700.jpg,Leaf Rot
/home/sivabharathi/Documents/FinalYearProject/CocoCare/ml/data/raw/mendeley/Bud Root Dropping/BudRootDropping354.jpg,Bud Root Dropping
/home/sivabharathi/Documents/FinalYearProject/CocoCare/ml/data/raw/mendeley/Bud Root Dropping/BudRootDropping208.jpg,Bud Root Dropping
/home/sivabharathi/Documents/FinalYearProject/CocoCare/ml/data/raw/mendeley/Gray Leaf Spot/GrayLeafSpot933.jpg,Gray Leaf Spot
/home/sivabharathi/Documents/FinalYearProject/CocoCare/ml/data/raw/mendeley/Stem Bleeding/StemBleeding641.jpg,Stem Bleeding
/home/sivabharathi/Documents/FinalYearProject/CocoCare/ml/data/raw/mendeley/Leaf Rot/LeafRot375.jpg,Leaf Rot
/home/sivabharathi/Documents/FinalYearProject/CocoCare/ml/data/raw/mendeley/Leaf Rot/LeafRot128.jpg,Leaf Rot
/home/sivabharathi/Documents/FinalYearProject/CocoCare/ml/data/raw/mendeley/Leaf Rot/LeafRot354.jpg,Leaf Rot
/home/sivabharathi/Documents/FinalYearProject/CocoCare/ml/data/raw/mendeley/Leaf Rot/LeafRot1554.jpg,Leaf Rot
/home/sivabharathi/Documents/FinalYearProject/CocoCare/ml/data/raw/mendeley/Gray Leaf Spot/GrayLeafSpot1072.jpg,Gray Leaf Spot
/home/sivabharathi/Documents/FinalYearProject/CocoCare/ml/data/raw/mendeley/Stem Bleeding/StemBleeding988.jpg,Stem Bleeding
/home/sivabharathi/Documents/FinalYearProject/CocoCare/ml/data/raw/mendeley/Gray Leaf Spot/GrayLeafSpot2057.jpg,Gray Leaf Spot
/home/sivabharathi/Documents/FinalYearProject/CocoCare/ml/data/raw/mendeley/Gray Leaf Spot/GrayLeafSpot2119.jpg,Gray Leaf Spot
/home/sivabharathi/Documents/FinalYearProject/CocoCare/ml/data/raw/mendeley/Bud Rot/BudRot005.jpg,Bud Rot
/home/sivabharathi/Documents/FinalYearProject/CocoCare/ml/data/raw/mendeley/Bud Root Dropping/BudRootDropping194.jpg,Bud Root Dropping
/home/sivabharathi/Documents/FinalYearProject/CocoCare/ml/data/raw/mendeley/Leaf Rot/LeafRot1236.jpg,Leaf Rot
/home/sivabharathi/Documents/FinalYearProject/CocoCare/ml/data/raw/mendeley/Gray Leaf Spot/GrayLeafSpot420.jpg,Gray Leaf Spot
/home/sivabharathi/Documents/FinalYearProject/CocoCare/ml/data/raw/mendeley/Stem Bleeding/StemBleeding112.jpg,Stem Bleeding
/home/sivabharathi/Documents/FinalYearProject/CocoCare/ml/data/raw/mendeley/Stem Bleeding/StemBleeding033.jpg,Stem Bleeding
/home/sivabharathi/Documents/FinalYearProject/CocoCare/ml/data/raw/mendeley/Gray Leaf Spot/GrayLeafSpot311.jpg,Gray Leaf Spot
/home/sivabharathi/Documents/FinalYearProject/CocoCare/ml/data/raw/mendeley/Leaf Rot/LeafRot899.jpg,Leaf Rot
/home/sivabharathi/Documents/FinalYearProject/CocoCare/ml/data/raw/mendeley/Leaf Rot/LeafRot824.jpg,Leaf Rot
/home/sivabharathi/Documents/FinalYearProject/CocoCare/ml/data/raw/mendeley/Gray Leaf Spot/GrayLeafSpot1912.jpg,Gray Leaf Spot
/home/sivabharathi/Documents/FinalYearProject/CocoCare/ml/data/raw/mendeley/Gray Leaf Spot/GrayLeafSpot750.jpg,Gray Leaf Spot
/home/sivabharathi/Documents/FinalYearProject/CocoCare/ml/data/raw/mendeley/Stem Bleeding/StemBleeding815.jpg,Stem Bleeding
/home/sivabharathi/Documents/FinalYearProject/CocoCare/ml/data/raw/mendeley/Leaf Rot/LeafRot1392.jpg,Leaf Rot
/home/sivabharathi/Documents/FinalYearProject/CocoCare/ml/data/raw/mendeley/Gray Leaf Spot/GrayLeafSpot991.jpg,Gray Leaf Spot
/home/sivabharathi/Documents/FinalYearProject/CocoCare/ml/data/raw/mendeley/Bud Rot/BudRot260.jpg,Bud Rot
/home/sivabharathi/Documents/FinalYearProject/CocoCare/ml/data/raw/mendeley/Gray Leaf Spot/GrayLeafSpot989.jpg,Gray Leaf Spot
/home/sivabharathi/Documents/FinalYearProject/CocoCare/ml/data/raw/mendeley/Leaf Rot/LeafRot657.jpg,Leaf Rot
/home/sivabharathi/Documents/FinalYearProject/CocoCare/ml/data/raw/mendeley/Gray Leaf Spot/GrayLeafSpot1432.jpg,Gray Leaf Spot
/home/sivabharathi/Documents/FinalYearProject/CocoCare/ml/data/raw/mendeley/Gray Leaf Spot/GrayLeafSpot1479.jpg,Gray Leaf Spot
/home/sivabharathi/Documents/FinalYearProject/CocoCare/ml/data/raw/mendeley/Bud Root Dropping/BudRootDropping388.jpg,Bud Root Dropping
/home/sivabharathi/Documents/FinalYearProject/CocoCare/ml/data/raw/mendeley/Stem Bleeding/StemBleeding623.jpg,Stem Bleeding
/home/sivabharathi/Documents/FinalYearProject/CocoCare/ml/data/raw/mendeley/Gray Leaf Spot/GrayLeafSpot1865.jpg,Gray Leaf Spot
/home/sivabharathi/Documents/FinalYearProject/CocoCare/ml/data/raw/mendeley/Stem Bleeding/StemBleeding578.jpg,Stem Bleeding
/home/sivabharathi/Documents/FinalYearProject/CocoCare/ml/data/raw/mendeley/Bud Root Dropping/BudRootDropping360.jpg,Bud Root Dropping
/home/sivabharathi/Documents/FinalYearProject/CocoCare/ml/data/raw/mendeley/Bud Rot/BudRot053.jpg,Bud Rot
/home/sivabharathi/Documents/FinalYearProject/CocoCare/ml/data/raw/mendeley/Bud Rot/BudRot399.jpg,Bud Rot
/home/sivabharathi/Documents/FinalYearProject/CocoCare/ml/data/raw/mendeley/Gray Leaf Spot/GrayLeafSpot1892.jpg,Gray Leaf Spot
/home/sivabharathi/Documents/FinalYearProject/CocoCare/ml/data/raw/mendeley/Gray Leaf Spot/GrayLeafSpot1254.jpg,Gray Leaf Spot
/home/sivabharathi/Documents/FinalYearProject/CocoCare/ml/data/raw/mendeley/Gray Leaf Spot/GrayLeafSpot2054.jpg,Gray Leaf Spot
/home/sivabharathi/Documents/FinalYearProject/CocoCare/ml/data/raw/mendeley/Bud Rot/BudRot032.jpg,Bud Rot
/home/sivabharathi/Documents/FinalYearProject/CocoCare/ml/data/raw/mendeley/Bud Root Dropping/BudRootDropping010.jpg,Bud Root Dropping
/home/sivabharathi/Documents/FinalYearProject/CocoCare/ml/data/raw/mendeley/Gray Leaf Spot/GrayLeafSpot493.jpg,Gray Leaf Spot
/home/sivabharathi/Documents/FinalYearProject/CocoCare/ml/data/raw/mendeley/Gray Leaf Spot/GrayLeafSpot1497.jpg,Gray Leaf Spot
/home/sivabharathi/Documents/FinalYearProject/CocoCare/ml/data/raw/mendeley/Stem Bleeding/StemBleeding425.jpg,Stem Bleeding
/home/sivabharathi/Documents/FinalYearProject/CocoCare/ml/data/raw/mendeley/Leaf Rot/LeafRot482.jpg,Leaf Rot
/home/sivabharathi/Documents/FinalYearProject/CocoCare/ml/data/raw/mendeley/Gray Leaf Spot/GrayLeafSpot210.jpg,Gray Leaf Spot
/home/sivabharathi/Documents/FinalYearProject/CocoCare/ml/data/raw/mendeley/Gray Leaf Spot/GrayLeafSpot1767.jpg,Gray Leaf Spot
/home/sivabharathi/Documents/FinalYearProject/CocoCare/ml/data/raw/mendeley/Stem Bleeding/StemBleeding1003.jpg,Stem Bleeding
/home/sivabharathi/Documents/FinalYearProject/CocoCare/ml/data/raw/mendeley/Gray Leaf Spot/GrayLeafSpot1309.jpg,Gray Leaf Spot
/home/sivabharathi/Documents/FinalYearProject/CocoCare/ml/data/raw/mendeley/Stem Bleeding/StemBleeding681.jpg,Stem Bleeding
/home/sivabharathi/Documents/FinalYearProject/CocoCare/ml/data/raw/mendeley/Stem Bleeding/StemBleeding903.jpg,Stem Bleeding
/home/sivabharathi/Documents/FinalYearProject/CocoCare/ml/data/raw/mendeley/Leaf Rot/LeafRot234.jpg,Leaf Rot
/home/sivabharathi/Documents/FinalYearProject/CocoCare/ml/data/raw/mendeley/Bud Root Dropping/BudRootDropping105.jpg,Bud Root Dropping
/home/sivabharathi/Documents/FinalYearProject/CocoCare/ml/data/raw/mendeley/Bud Root Dropping/BudRootDropping018.jpg,Bud Root Dropping
/home/sivabharathi/Documents/FinalYearProject/CocoCare/ml/data/raw/mendeley/Bud Rot/BudRot002.jpg,Bud Rot
/home/sivabharathi/Documents/FinalYearProject/CocoCare/ml/data/raw/mendeley/Gray Leaf Spot/GrayLeafSpot2110.jpg,Gray Leaf Spot
/home/sivabharathi/Documents/FinalYearProject/CocoCare/ml/data/raw/mendeley/Stem Bleeding/StemBleeding079.jpg,Stem Bleeding
/home/sivabharathi/Documents/FinalYearProject/CocoCare/ml/data/raw/mendeley/Gray Leaf Spot/GrayLeafSpot009.jpg,Gray Leaf Spot
/home/sivabharathi/Documents/FinalYearProject/CocoCare/ml/data/raw/mendeley/Bud Root Dropping/BudRootDropping125.jpg,Bud Root Dropping
/home/sivabharathi/Documents/FinalYearProject/CocoCare/ml/data/raw/mendeley/Gray Leaf Spot/GrayLeafSpot275.jpg,Gray Leaf Spot
/home/sivabharathi/Documents/FinalYearProject/CocoCare/ml/data/raw/mendeley/Gray Leaf Spot/GrayLeafSpot1868.jpg,Gray Leaf Spot
/home/sivabharathi/Documents/FinalYearProject/CocoCare/ml/data/raw/mendeley/Gray Leaf Spot/GrayLeafSpot815.jpg,Gray Leaf Spot
/home/sivabharathi/Documents/FinalYearProject/CocoCare/ml/data/raw/mendeley/Gray Leaf Spot/GrayLeafSpot488.jpg,Gray Leaf Spot
/home/sivabharathi/Documents/FinalYearProject/CocoCare/ml/data/raw/mendeley/Gray Leaf Spot/GrayLeafSpot910.jpg,Gray Leaf Spot
/home/sivabharathi/Documents/FinalYearProject/CocoCare/ml/data/raw/mendeley/Gray Leaf Spot/GrayLeafSpot1307.jpg,Gray Leaf Spot
/home/sivabharathi/Documents/FinalYearProject/CocoCare/ml/data/raw/mendeley/Gray Leaf Spot/GrayLeafSpot1388.jpg,Gray Leaf Spot
/home/sivabharathi/Documents/FinalYearProject/CocoCare/ml/data/raw/mendeley/Leaf Rot/LeafRot1587.jpg,Leaf Rot
/home/sivabharathi/Documents/FinalYearProject/CocoCare/ml/data/raw/mendeley/Gray Leaf Spot/GrayLeafSpot706.jpg,Gray Leaf Spot
/home/sivabharathi/Documents/FinalYearProject/CocoCare/ml/data/raw/mendeley/Leaf Rot/LeafRot1515.jpg,Leaf Rot
/home/sivabharathi/Documents/FinalYearProject/CocoCare/ml/data/raw/mendeley/Bud Rot/BudRot033.jpg,Bud Rot
/home/sivabharathi/Documents/FinalYearProject/CocoCare/ml/data/raw/mendeley/Leaf Rot/LeafRot801.jpg,Leaf Rot
/home/sivabharathi/Documents/FinalYearProject/CocoCare/ml/data/raw/mendeley/Leaf Rot/LeafRot132.jpg,Leaf Rot
/home/sivabharathi/Documents/FinalYearProject/CocoCare/ml/data/raw/mendeley/Stem Bleeding/StemBleeding412.jpg,Stem Bleeding
/home/sivabharathi/Documents/FinalYearProject/CocoCare/ml/data/raw/mendeley/Bud Rot/BudRot129.jpg,Bud Rot
/home/sivabharathi/Documents/FinalYearProject/CocoCare/ml/data/raw/mendeley/Gray Leaf Spot/GrayLeafSpot1039.jpg,Gray Leaf Spot
/home/sivabharathi/Documents/FinalYearProject/CocoCare/ml/data/raw/mendeley/Leaf Rot/LeafRot1176.jpg,Leaf Rot
/home/sivabharathi/Documents/FinalYearProject/CocoCare/ml/data/raw/mendeley/Gray Leaf Spot/GrayLeafSpot1169.jpg,Gray Leaf Spot
/home/sivabharathi/Documents/FinalYearProject/CocoCare/ml/data/raw/mendeley/Leaf Rot/LeafRot209.jpg,Leaf Rot
/home/sivabharathi/Documents/FinalYearProject/CocoCare/ml/data/raw/mendeley/Gray Leaf Spot/GrayLeafSpot673.jpg,Gray Leaf Spot
/home/sivabharathi/Documents/FinalYearProject/CocoCare/ml/data/raw/mendeley/Gray Leaf Spot/GrayLeafSpot1484.jpg,Gray Leaf Spot
/home/sivabharathi/Documents/FinalYearProject/CocoCare/ml/data/raw/mendeley/Leaf Rot/LeafRot1213.jpg,Leaf Rot
/home/sivabharathi/Documents/FinalYearProject/CocoCare/ml/data/raw/mendeley/Gray Leaf Spot/GrayLeafSpot1962.jpg,Gray Leaf Spot
/home/sivabharathi/Documents/FinalYearProject/CocoCare/ml/data/raw/mendeley/Leaf Rot/LeafRot698.jpg,Leaf Rot
/home/sivabharathi/Documents/FinalYearProject/CocoCare/ml/data/raw/mendeley/Bud Root Dropping/BudRootDropping275.jpg,Bud Root Dropping
/home/sivabharathi/Documents/FinalYearProject/CocoCare/ml/data/raw/mendeley/Leaf Rot/LeafRot410.jpg,Leaf Rot
/home/sivabharathi/Documents/FinalYearProject/CocoCare/ml/data/raw/mendeley/Gray Leaf Spot/GrayLeafSpot1501.jpg,Gray Leaf Spot
/home/sivabharathi/Documents/FinalYearProject/CocoCare/ml/data/raw/mendeley/Bud Root Dropping/BudRootDropping507.jpg,Bud Root Dropping
/home/sivabharathi/Documents/FinalYearProject/CocoCare/ml/data/raw/mendeley/Gray Leaf Spot/GrayLeafSpot043.jpg,Gray Leaf Spot
/home/sivabharathi/Documents/FinalYearProject/CocoCare/ml/data/raw/mendeley/Leaf Rot/LeafRot1518.jpg,Leaf Rot
/home/sivabharathi/Documents/FinalYearProject/CocoCare/ml/data/raw/mendeley/Bud Root Dropping/BudRootDropping308.jpg,Bud Root Dropping
/home/sivabharathi/Documents/FinalYearProject/CocoCare/ml/data/raw/mendeley/Gray Leaf Spot/GrayLeafSpot623.jpg,Gray Leaf Spot
/home/sivabharathi/Documents/FinalYearProject/CocoCare/ml/data/raw/mendeley/Leaf Rot/LeafRot1537.jpg,Leaf Rot
/home/sivabharathi/Documents/FinalYearProject/CocoCare/ml/data/raw/mendeley/Stem Bleeding/StemBleeding190.jpg,Stem Bleeding
/home/sivabharathi/Documents/FinalYearProject/CocoCare/ml/data/raw/mendeley/Gray Leaf Spot/GrayLeafSpot954.jpg,Gray Leaf Spot
/home/sivabharathi/Documents/FinalYearProject/CocoCare/ml/data/raw/mendeley/Stem Bleeding/StemBleeding203.jpg,Stem Bleeding
/home/sivabharathi/Documents/FinalYearProject/CocoCare/ml/data/raw/mendeley/Leaf Rot/LeafRot622.jpg,Leaf Rot
/home/sivabharathi/Documents/FinalYearProject/CocoCare/ml/data/raw/mendeley/Gray Leaf Spot/GrayLeafSpot1266.jpg,Gray Leaf Spot
/home/sivabharathi/Documents/FinalYearProject/CocoCare/ml/data/raw/mendeley/Leaf Rot/LeafRot1581.jpg,Leaf Rot
/home/sivabharathi/Documents/FinalYearProject/CocoCare/ml/data/raw/mendeley/Gray Leaf Spot/GrayLeafSpot1192.jpg,Gray Leaf Spot
/home/sivabharathi/Documents/FinalYearProject/CocoCare/ml/data/raw/mendeley/Leaf Rot/LeafRot1123.jpg,Leaf Rot
/home/sivabharathi/Documents/FinalYearProject/CocoCare/ml/data/raw/mendeley/Gray Leaf Spot/GrayLeafSpot859.jpg,Gray Leaf Spot
/home/sivabharathi/Documents/FinalYearProject/CocoCare/ml/data/raw/mendeley/Gray Leaf Spot/GrayLeafSpot870.jpg,Gray Leaf Spot
/home/sivabharathi/Documents/FinalYearProject/CocoCare/ml/data/raw/mendeley/Gray Leaf Spot/GrayLeafSpot169.jpg,Gray Leaf Spot
/home/sivabharathi/Documents/FinalYearProject/CocoCare/ml/data/raw/mendeley/Gray Leaf Spot/GrayLeafSpot2026.jpg,Gray Leaf Spot
/home/sivabharathi/Documents/FinalYearProject/CocoCare/ml/data/raw/mendeley/Gray Leaf Spot/GrayLeafSpot854.jpg,Gray Leaf Spot
/home/sivabharathi/Documents/FinalYearProject/CocoCare/ml/data/raw/mendeley/Stem Bleeding/StemBleeding143.jpg,Stem Bleeding
/home/sivabharathi/Documents/FinalYearProject/CocoCare/ml/data/raw/mendeley/Stem Bleeding/StemBleeding433.jpg,Stem Bleeding
/home/sivabharathi/Documents/FinalYearProject/CocoCare/ml/data/raw/mendeley/Gray Leaf Spot/GrayLeafSpot115.jpg,Gray Leaf Spot
/home/sivabharathi/Documents/FinalYearProject/CocoCare/ml/data/raw/mendeley/Bud Rot/BudRot411.jpg,Bud Rot
/home/sivabharathi/Documents/FinalYearProject/CocoCare/ml/data/raw/mendeley/Bud Root Dropping/BudRootDropping469.jpg,Bud Root Dropping
/home/sivabharathi/Documents/FinalYearProject/CocoCare/ml/data/raw/mendeley/Leaf Rot/LeafRot709.jpg,Leaf Rot
/home/sivabharathi/Documents/FinalYearProject/CocoCare/ml/data/raw/mendeley/Leaf Rot/LeafRot1077.jpg,Leaf Rot
/home/sivabharathi/Documents/FinalYearProject/CocoCare/ml/data/raw/mendeley/Leaf Rot/LeafRot425.jpg,Leaf Rot
/home/sivabharathi/Documents/FinalYearProject/CocoCare/ml/data/raw/mendeley/Stem Bleeding/StemBleeding087.jpg,Stem Bleeding
/home/sivabharathi/Documents/FinalYearProject/CocoCare/ml/data/raw/mendeley/Bud Root Dropping/BudRootDropping088.jpg,Bud Root Dropping
/home/sivabharathi/Documents/FinalYearProject/CocoCare/ml/data/raw/mendeley/Gray Leaf Spot/GrayLeafSpot1285.jpg,Gray Leaf Spot
/home/sivabharathi/Documents/FinalYearProject/CocoCare/ml/data/raw/mendeley/Gray Leaf Spot/GrayLeafSpot1164.jpg,Gray Leaf Spot
/home/sivabharathi/Documents/FinalYearProject/CocoCare/ml/data/raw/mendeley/Leaf Rot/LeafRot723.jpg,Leaf Rot
/home/sivabharathi/Documents/FinalYearProject/CocoCare/ml/data/raw/mendeley/Bud Root Dropping/BudRootDropping291.jpg,Bud Root Dropping
/home/sivabharathi/Documents/FinalYearProject/CocoCare/ml/data/raw/mendeley/Gray Leaf Spot/GrayLeafSpot1378.jpg,Gray Leaf Spot
/home/sivabharathi/Documents/FinalYearProject/CocoCare/ml/data/raw/mendeley/Leaf Rot/LeafRot1461.jpg,Leaf Rot
/home/sivabharathi/Documents/FinalYearProject/CocoCare/ml/data/raw/mendeley/Leaf Rot/LeafRot257.jpg,Leaf Rot
/home/sivabharathi/Documents/FinalYearProject/CocoCare/ml/data/raw/mendeley/Stem Bleeding/StemBleeding197.jpg,Stem Bleeding
/home/sivabharathi/Documents/FinalYearProject/CocoCare/ml/data/raw/mendeley/Gray Leaf Spot/GrayLeafSpot310.jpg,Gray Leaf Spot
/home/sivabharathi/Documents/FinalYearProject/CocoCare/ml/data/raw/mendeley/Leaf Rot/LeafRot390.jpg,Leaf Rot
/home/sivabharathi/Documents/FinalYearProject/CocoCare/ml/data/raw/mendeley/Gray Leaf Spot/GrayLeafSpot485.jpg,Gray Leaf Spot
/home/sivabharathi/Documents/FinalYearProject/CocoCare/ml/data/raw/mendeley/Leaf Rot/LeafRot008.jpg,Leaf Rot
/home/sivabharathi/Documents/FinalYearProject/CocoCare/ml/data/raw/mendeley/Gray Leaf Spot/GrayLeafSpot1453.jpg,Gray Leaf Spot
/home/sivabharathi/Documents/FinalYearProject/CocoCare/ml/data/raw/mendeley/Stem Bleeding/StemBleeding968.jpg,Stem Bleeding
/home/sivabharathi/Documents/FinalYearProject/CocoCare/ml/data/raw/mendeley/Leaf Rot/LeafRot1655.jpg,Leaf Rot
/home/sivabharathi/Documents/FinalYearProject/CocoCare/ml/data/raw/mendeley/Gray Leaf Spot/GrayLeafSpot1486.jpg,Gray Leaf Spot
/home/sivabharathi/Documents/FinalYearProject/CocoCare/ml/data/raw/mendeley/Gray Leaf Spot/GrayLeafSpot1699.jpg,Gray Leaf Spot
/home/sivabharathi/Documents/FinalYearProject/CocoCare/ml/data/raw/mendeley/Bud Root Dropping/BudRootDropping256.jpg,Bud Root Dropping
/home/sivabharathi/Documents/FinalYearProject/CocoCare/ml/data/raw/mendeley/Stem Bleeding/StemBleeding916.jpg,Stem Bleeding
/home/sivabharathi/Documents/FinalYearProject/CocoCare/ml/data/raw/mendeley/Gray Leaf Spot/GrayLeafSpot1679.jpg,Gray Leaf Spot
/home/sivabharathi/Documents/FinalYearProject/CocoCare/ml/data/raw/mendeley/Gray Leaf Spot/GrayLeafSpot1665.jpg,Gray Leaf Spot
/home/sivabharathi/Documents/FinalYearProject/CocoCare/ml/data/raw/mendeley/Gray Leaf Spot/GrayLeafSpot321.jpg,Gray Leaf Spot
/home/sivabharathi/Documents/FinalYearProject/CocoCare/ml/data/raw/mendeley/Bud Root Dropping/BudRootDropping353.jpg,Bud Root Dropping
/home/sivabharathi/Documents/FinalYearProject/CocoCare/ml/data/raw/mendeley/Leaf Rot/LeafRot1627.jpg,Leaf Rot
/home/sivabharathi/Documents/FinalYearProject/CocoCare/ml/data/raw/mendeley/Stem Bleeding/StemBleeding597.jpg,Stem Bleeding
/home/sivabharathi/Documents/FinalYearProject/CocoCare/ml/data/raw/mendeley/Gray Leaf Spot/GrayLeafSpot1504.jpg,Gray Leaf Spot
/home/sivabharathi/Documents/FinalYearProject/CocoCare/ml/data/raw/mendeley/Leaf Rot/LeafRot214.jpg,Leaf Rot
/home/sivabharathi/Documents/FinalYearProject/CocoCare/ml/data/raw/mendeley/Gray Leaf Spot/GrayLeafSpot1121.jpg,Gray Leaf Spot
/home/sivabharathi/Documents/FinalYearProject/CocoCare/ml/data/raw/mendeley/Gray Leaf Spot/GrayLeafSpot648.jpg,Gray Leaf Spot
/home/sivabharathi/Documents/FinalYearProject/CocoCare/ml/data/raw/mendeley/Stem Bleeding/StemBleeding957.jpg,Stem Bleeding
/home/sivabharathi/Documents/FinalYearProject/CocoCare/ml/data/raw/mendeley/Leaf Rot/LeafRot447.jpg,Leaf Rot
/home/sivabharathi/Documents/FinalYearProject/CocoCare/ml/data/raw/mendeley/Leaf Rot/LeafRot496.jpg,Leaf Rot
/home/sivabharathi/Documents/FinalYearProject/CocoCare/ml/data/raw/mendeley/Gray Leaf Spot/GrayLeafSpot1646.jpg,Gray Leaf Spot
/home/sivabharathi/Documents/FinalYearProject/CocoCare/ml/data/raw/mendeley/Gray Leaf Spot/GrayLeafSpot640.jpg,Gray Leaf Spot
/home/sivabharathi/Documents/FinalYearProject/CocoCare/ml/data/raw/mendeley/Gray Leaf Spot/GrayLeafSpot549.jpg,Gray Leaf Spot
/home/sivabharathi/Documents/FinalYearProject/CocoCare/ml/data/raw/mendeley/Bud Rot/BudRot352.jpg,Bud Rot
/home/sivabharathi/Documents/FinalYearProject/CocoCare/ml/data/raw/mendeley/Gray Leaf Spot/GrayLeafSpot1466.jpg,Gray Leaf Spot
/home/sivabharathi/Documents/FinalYearProject/CocoCare/ml/data/raw/mendeley/Stem Bleeding/StemBleeding403.jpg,Stem Bleeding
/home/sivabharathi/Documents/FinalYearProject/CocoCare/ml/data/raw/mendeley/Bud Rot/BudRot409.jpg,Bud Rot
/home/sivabharathi/Documents/FinalYearProject/CocoCare/ml/data/raw/mendeley/Gray Leaf Spot/GrayLeafSpot309.jpg,Gray Leaf Spot
/home/sivabharathi/Documents/FinalYearProject/CocoCare/ml/data/raw/mendeley/Leaf Rot/LeafRot454.jpg,Leaf Rot
/home/sivabharathi/Documents/FinalYearProject/CocoCare/ml/data/raw/mendeley/Stem Bleeding/StemBleeding133.jpg,Stem Bleeding
/home/sivabharathi/Documents/FinalYearProject/CocoCare/ml/data/raw/mendeley/Bud Rot/BudRot456.jpg,Bud Rot
/home/sivabharathi/Documents/FinalYearProject/CocoCare/ml/data/raw/mendeley/Gray Leaf Spot/GrayLeafSpot325.jpg,Gray Leaf Spot
/home/sivabharathi/Documents/FinalYearProject/CocoCare/ml/data/raw/mendeley/Gray Leaf Spot/GrayLeafSpot006.jpg,Gray Leaf Spot
/home/sivabharathi/Documents/FinalYearProject/CocoCare/ml/data/raw/mendeley/Stem Bleeding/StemBleeding890.jpg,Stem Bleeding
/home/sivabharathi/Documents/FinalYearProject/CocoCare/ml/data/raw/mendeley/Leaf Rot/LeafRot614.jpg,Leaf Rot
/home/sivabharathi/Documents/FinalYearProject/CocoCare/ml/data/raw/mendeley/Bud Rot/BudRot128.jpg,Bud Rot
/home/sivabharathi/Documents/FinalYearProject/CocoCare/ml/data/raw/mendeley/Gray Leaf Spot/GrayLeafSpot632.jpg,Gray Leaf Spot
/home/sivabharathi/Documents/FinalYearProject/CocoCare/ml/data/raw/mendeley/Gray Leaf Spot/GrayLeafSpot007.jpg,Gray Leaf Spot
/home/sivabharathi/Documents/FinalYearProject/CocoCare/ml/data/raw/mendeley/Gray Leaf Spot/GrayLeafSpot524.jpg,Gray Leaf Spot
/home/sivabharathi/Documents/FinalYearProject/CocoCare/ml/data/raw/mendeley/Stem Bleeding/StemBleeding336.jpg,Stem Bleeding
/home/sivabharathi/Documents/FinalYearProject/CocoCare/ml/data/raw/mendeley/Stem Bleeding/StemBleeding871.jpg,Stem Bleeding
/home/sivabharathi/Documents/FinalYearProject/CocoCare/ml/data/raw/mendeley/Stem Bleeding/StemBleeding875.jpg,Stem Bleeding
/home/sivabharathi/Documents/FinalYearProject/CocoCare/ml/data/raw/mendeley/Gray Leaf Spot/GrayLeafSpot1618.jpg,Gray Leaf Spot
/home/sivabharathi/Documents/FinalYearProject/CocoCare/ml/data/raw/mendeley/Bud Root Dropping/BudRootDropping021.jpg,Bud Root Dropping
/home/sivabharathi/Documents/FinalYearProject/CocoCare/ml/data/raw/mendeley/Stem Bleeding/StemBleeding428.jpg,Stem Bleeding
/home/sivabharathi/Documents/FinalYearProject/CocoCare/ml/data/raw/mendeley/Leaf Rot/LeafRot1143.jpg,Leaf Rot
/home/sivabharathi/Documents/FinalYearProject/CocoCare/ml/data/raw/mendeley/Gray Leaf Spot/GrayLeafSpot1755.jpg,Gray Leaf Spot
/home/sivabharathi/Documents/FinalYearProject/CocoCare/ml/data/raw/mendeley/Leaf Rot/LeafRot426.jpg,Leaf Rot
/home/sivabharathi/Documents/FinalYearProject/CocoCare/ml/data/raw/mendeley/Stem Bleeding/StemBleeding027.jpg,Stem Bleeding
/home/sivabharathi/Documents/FinalYearProject/CocoCare/ml/data/raw/mendeley/Leaf Rot/LeafRot141.jpg,Leaf Rot
/home/sivabharathi/Documents/FinalYearProject/CocoCare/ml/data/raw/mendeley/Gray Leaf Spot/GrayLeafSpot540.jpg,Gray Leaf Spot
/home/sivabharathi/Documents/FinalYearProject/CocoCare/ml/data/raw/mendeley/Gray Leaf Spot/GrayLeafSpot2021.jpg,Gray Leaf Spot
/home/sivabharathi/Documents/FinalYearProject/CocoCare/ml/data/raw/mendeley/Leaf Rot/LeafRot392.jpg,Leaf Rot
/home/sivabharathi/Documents/FinalYearProject/CocoCare/ml/data/raw/mendeley/Gray Leaf Spot/GrayLeafSpot1331.jpg,Gray Leaf Spot
/home/sivabharathi/Documents/FinalYearProject/CocoCare/ml/data/raw/mendeley/Bud Root Dropping/BudRootDropping282.jpg,Bud Root Dropping
/home/sivabharathi/Documents/FinalYearProject/CocoCare/ml/data/raw/mendeley/Bud Rot/BudRot261.jpg,Bud Rot
/home/sivabharathi/Documents/FinalYearProject/CocoCare/ml/data/raw/mendeley/Gray Leaf Spot/GrayLeafSpot453.jpg,Gray Leaf Spot
/home/sivabharathi/Documents/FinalYearProject/CocoCare/ml/data/raw/mendeley/Gray Leaf Spot/GrayLeafSpot312.jpg,Gray Leaf Spot
/home/sivabharathi/Documents/FinalYearProject/CocoCare/ml/data/raw/mendeley/Stem Bleeding/StemBleeding498.jpg,Stem Bleeding
/home/sivabharathi/Documents/FinalYearProject/CocoCare/ml/data/raw/mendeley/Gray Leaf Spot/GrayLeafSpot1224.jpg,Gray Leaf Spot
/home/sivabharathi/Documents/FinalYearProject/CocoCare/ml/data/raw/mendeley/Gray Leaf Spot/GrayLeafSpot1078.jpg,Gray Leaf Spot
/home/sivabharathi/Documents/FinalYearProject/CocoCare/ml/data/raw/mendeley/Bud Root Dropping/BudRootDropping402.jpg,Bud Root Dropping
/home/sivabharathi/Documents/FinalYearProject/CocoCare/ml/data/raw/mendeley/Gray Leaf Spot/GrayLeafSpot2124.jpg,Gray Leaf Spot
/home/sivabharathi/Documents/FinalYearProject/CocoCare/ml/data/raw/mendeley/Stem Bleeding/StemBleeding103.jpg,Stem Bleeding
/home/sivabharathi/Documents/FinalYearProject/CocoCare/ml/data/raw/mendeley/Gray Leaf Spot/GrayLeafSpot1228.jpg,Gray Leaf Spot
/home/sivabharathi/Documents/FinalYearProject/CocoCare/ml/data/raw/mendeley/Leaf Rot/LeafRot413.jpg,Leaf Rot
/home/sivabharathi/Documents/FinalYearProject/CocoCare/ml/data/raw/mendeley/Bud Rot/BudRot253.jpg,Bud Rot
/home/sivabharathi/Documents/FinalYearProject/CocoCare/ml/data/raw/mendeley/Leaf Rot/LeafRot1222.jpg,Leaf Rot
/home/sivabharathi/Documents/FinalYearProject/CocoCare/ml/data/raw/mendeley/Bud Rot/BudRot190.jpg,Bud Rot
/home/sivabharathi/Documents/FinalYearProject/CocoCare/ml/data/raw/mendeley/Stem Bleeding/StemBleeding748.jpg,Stem Bleeding
/home/sivabharathi/Documents/FinalYearProject/CocoCare/ml/data/raw/mendeley/Gray Leaf Spot/GrayLeafSpot362.jpg,Gray Leaf Spot
/home/sivabharathi/Documents/FinalYearProject/CocoCare/ml/data/raw/mendeley/Stem Bleeding/StemBleeding057.jpg,Stem Bleeding
/home/sivabharathi/Documents/FinalYearProject/CocoCare/ml/data/raw/mendeley/Bud Rot/BudRot310.jpg,Bud Rot
/home/sivabharathi/Documents/FinalYearProject/CocoCare/ml/data/raw/mendeley/Bud Rot/BudRot437.jpg,Bud Rot
/home/sivabharathi/Documents/FinalYearProject/CocoCare/ml/data/raw/mendeley/Leaf Rot/LeafRot1302.jpg,Leaf Rot
/home/sivabharathi/Documents/FinalYearProject/CocoCare/ml/data/raw/mendeley/Gray Leaf Spot/GrayLeafSpot1589.jpg,Gray Leaf Spot
/home/sivabharathi/Documents/FinalYearProject/CocoCare/ml/data/raw/mendeley/Bud Rot/BudRot246.jpg,Bud Rot
/home/sivabharathi/Documents/FinalYearProject/CocoCare/ml/data/raw/mendeley/Stem Bleeding/StemBleeding987.jpg,Stem Bleeding
/home/sivabharathi/Documents/FinalYearProject/CocoCare/ml/data/raw/mendeley/Gray Leaf Spot/GrayLeafSpot1189.jpg,Gray Leaf Spot
/home/sivabharathi/Documents/FinalYearProject/CocoCare/ml/data/raw/mendeley/Stem Bleeding/StemBleeding825.jpg,Stem Bleeding
/home/sivabharathi/Documents/FinalYearProject/CocoCare/ml/data/raw/mendeley/Gray Leaf Spot/GrayLeafSpot1703.jpg,Gray Leaf Spot
/home/sivabharathi/Documents/FinalYearProject/CocoCare/ml/data/raw/mendeley/Stem Bleeding/StemBleeding781.jpg,Stem Bleeding
/home/sivabharathi/Documents/FinalYearProject/CocoCare/ml/data/raw/mendeley/Gray Leaf Spot/GrayLeafSpot305.jpg,Gray Leaf Spot
/home/sivabharathi/Documents/FinalYearProject/CocoCare/ml/data/raw/mendeley/Leaf Rot/LeafRot513.jpg,Leaf Rot
/home/sivabharathi/Documents/FinalYearProject/CocoCare/ml/data/raw/mendeley/Leaf Rot/LeafRot960.jpg,Leaf Rot
/home/sivabharathi/Documents/FinalYearProject/CocoCare/ml/data/raw/mendeley/Stem Bleeding/StemBleeding818.jpg,Stem Bleeding
/home/sivabharathi/Documents/FinalYearProject/CocoCare/ml/data/raw/mendeley/Leaf Rot/LeafRot1180.jpg,Leaf Rot
/home/sivabharathi/Documents/FinalYearProject/CocoCare/ml/data/raw/mendeley/Gray Leaf Spot/GrayLeafSpot405.jpg,Gray Leaf Spot
/home/sivabharathi/Documents/FinalYearProject/CocoCare/ml/data/raw/mendeley/Gray Leaf Spot/GrayLeafSpot758.jpg,Gray Leaf Spot
/home/sivabharathi/Documents/FinalYearProject/CocoCare/ml/data/raw/mendeley/Leaf Rot/LeafRot171.jpg,Leaf Rot
/home/sivabharathi/Documents/FinalYearProject/CocoCare/ml/data/raw/mendeley/Gray Leaf Spot/GrayLeafSpot1461.jpg,Gray Leaf Spot
/home/sivabharathi/Documents/FinalYearProject/CocoCare/ml/data/raw/mendeley/Stem Bleeding/StemBleeding172.jpg,Stem Bleeding
/home/sivabharathi/Documents/FinalYearProject/CocoCare/ml/data/raw/mendeley/Gray Leaf Spot/GrayLeafSpot1349.jpg,Gray Leaf Spot
/home/sivabharathi/Documents/FinalYearProject/CocoCare/ml/data/raw/mendeley/Stem Bleeding/StemBleeding517.jpg,Stem Bleeding
/home/sivabharathi/Documents/FinalYearProject/CocoCare/ml/data/raw/mendeley/Gray Leaf Spot/GrayLeafSpot527.jpg,Gray Leaf Spot
/home/sivabharathi/Documents/FinalYearProject/CocoCare/ml/data/raw/mendeley/Gray Leaf Spot/GrayLeafSpot1544.jpg,Gray Leaf Spot
/home/sivabharathi/Documents/FinalYearProject/CocoCare/ml/data/raw/mendeley/Leaf Rot/LeafRot1543.jpg,Leaf Rot
/home/sivabharathi/Documents/FinalYearProject/CocoCare/ml/data/raw/mendeley/Leaf Rot/LeafRot1562.jpg,Leaf Rot
/home/sivabharathi/Documents/FinalYearProject/CocoCare/ml/data/raw/mendeley/Stem Bleeding/StemBleeding247.jpg,Stem Bleeding
/home/sivabharathi/Documents/FinalYearProject/CocoCare/ml/data/raw/mendeley/Gray Leaf Spot/GrayLeafSpot1712.jpg,Gray Leaf Spot
/home/sivabharathi/Documents/FinalYearProject/CocoCare/ml/data/raw/mendeley/Leaf Rot/LeafRot1227.jpg,Leaf Rot
/home/sivabharathi/Documents/FinalYearProject/CocoCare/ml/data/raw/mendeley/Gray Leaf Spot/GrayLeafSpot730.jpg,Gray Leaf Spot
/home/sivabharathi/Documents/FinalYearProject/CocoCare/ml/data/raw/mendeley/Bud Root Dropping/BudRootDropping479.jpg,Bud Root Dropping
/home/sivabharathi/Documents/FinalYearProject/CocoCare/ml/data/raw/mendeley/Stem Bleeding/StemBleeding532.jpg,Stem Bleeding
/home/sivabharathi/Documents/FinalYearProject/CocoCare/ml/data/raw/mendeley/Bud Rot/BudRot430.jpg,Bud Rot
/home/sivabharathi/Documents/FinalYearProject/CocoCare/ml/data/raw/mendeley/Bud Rot/BudRot014.jpg,Bud Rot
/home/sivabharathi/Documents/FinalYearProject/CocoCare/ml/data/raw/mendeley/Bud Root Dropping/BudRootDropping503.jpg,Bud Root Dropping
/home/sivabharathi/Documents/FinalYearProject/CocoCare/ml/data/raw/mendeley/Leaf Rot/LeafRot896.jpg,Leaf Rot
/home/sivabharathi/Documents/FinalYearProject/CocoCare/ml/data/raw/mendeley/Stem Bleeding/StemBleeding609.jpg,Stem Bleeding
/home/sivabharathi/Documents/FinalYearProject/CocoCare/ml/data/raw/mendeley/Bud Root Dropping/BudRootDropping259.jpg,Bud Root Dropping
/home/sivabharathi/Documents/FinalYearProject/CocoCare/ml/data/raw/mendeley/Bud Root Dropping/BudRootDropping486.jpg,Bud Root Dropping
/home/sivabharathi/Documents/FinalYearProject/CocoCare/ml/data/raw/mendeley/Leaf Rot/LeafRot440.jpg,Leaf Rot
/home/sivabharathi/Documents/FinalYearProject/CocoCare/ml/data/raw/mendeley/Stem Bleeding/StemBleeding600.jpg,Stem Bleeding
/home/sivabharathi/Documents/FinalYearProject/CocoCare/ml/data/raw/mendeley/Gray Leaf Spot/GrayLeafSpot425.jpg,Gray Leaf Spot
/home/sivabharathi/Documents/FinalYearProject/CocoCare/ml/data/raw/mendeley/Leaf Rot/LeafRot1293.jpg,Leaf Rot
/home/sivabharathi/Documents/FinalYearProject/CocoCare/ml/data/raw/mendeley/Bud Rot/BudRot323.jpg,Bud Rot
/home/sivabharathi/Documents/FinalYearProject/CocoCare/ml/data/raw/mendeley/Gray Leaf Spot/GrayLeafSpot956.jpg,Gray Leaf Spot
/home/sivabharathi/Documents/FinalYearProject/CocoCare/ml/data/raw/mendeley/Stem Bleeding/StemBleeding228.jpg,Stem Bleeding
/home/sivabharathi/Documents/FinalYearProject/CocoCare/ml/data/raw/mendeley/Leaf Rot/LeafRot216.jpg,Leaf Rot
/home/sivabharathi/Documents/FinalYearProject/CocoCare/ml/data/raw/mendeley/Leaf Rot/LeafRot1207.jpg,Leaf Rot
/home/sivabharathi/Documents/FinalYearProject/CocoCare/ml/data/raw/mendeley/Leaf Rot/LeafRot1102.jpg,Leaf Rot
/home/sivabharathi/Documents/FinalYearProject/CocoCare/ml/data/raw/mendeley/Leaf Rot/LeafRot1160.jpg,Leaf Rot
/home/sivabharathi/Documents/FinalYearProject/CocoCare/ml/data/raw/mendeley/Gray Leaf Spot/GrayLeafSpot2083.jpg,Gray Leaf Spot
/home/sivabharathi/Documents/FinalYearProject/CocoCare/ml/data/raw/mendeley/Gray Leaf Spot/GrayLeafSpot1119.jpg,Gray Leaf Spot
/home/sivabharathi/Documents/FinalYearProject/CocoCare/ml/data/raw/mendeley/Bud Root Dropping/BudRootDropping498.jpg,Bud Root Dropping
/home/sivabharathi/Documents/FinalYearProject/CocoCare/ml/data/raw/mendeley/Gray Leaf Spot/GrayLeafSpot761.jpg,Gray Leaf Spot
/home/sivabharathi/Documents/FinalYearProject/CocoCare/ml/data/raw/mendeley/Gray Leaf Spot/GrayLeafSpot2030.jpg,Gray Leaf Spot
/home/sivabharathi/Documents/FinalYearProject/CocoCare/ml/data/raw/mendeley/Gray Leaf Spot/GrayLeafSpot235.jpg,Gray Leaf Spot
/home/sivabharathi/Documents/FinalYearProject/CocoCare/ml/data/raw/mendeley/Bud Root Dropping/BudRootDropping499.jpg,Bud Root Dropping
/home/sivabharathi/Documents/FinalYearProject/CocoCare/ml/data/raw/mendeley/Leaf Rot/LeafRot1361.jpg,Leaf Rot
/home/sivabharathi/Documents/FinalYearProject/CocoCare/ml/data/raw/mendeley/Gray Leaf Spot/GrayLeafSpot836.jpg,Gray Leaf Spot
/home/sivabharathi/Documents/FinalYearProject/CocoCare/ml/data/raw/mendeley/Bud Rot/BudRot286.jpg,Bud Rot
/home/sivabharathi/Documents/FinalYearProject/CocoCare/ml/data/raw/mendeley/Stem Bleeding/StemBleeding603.jpg,Stem Bleeding
/home/sivabharathi/Documents/FinalYearProject/CocoCare/ml/data/raw/mendeley/Gray Leaf Spot/GrayLeafSpot560.jpg,Gray Leaf Spot
/home/sivabharathi/Documents/FinalYearProject/CocoCare/ml/data/raw/mendeley/Stem Bleeding/StemBleeding004.jpg,Stem Bleeding
/home/sivabharathi/Documents/FinalYearProject/CocoCare/ml/data/raw/mendeley/Gray Leaf Spot/GrayLeafSpot1701.jpg,Gray Leaf Spot
/home/sivabharathi/Documents/FinalYearProject/CocoCare/ml/data/raw/mendeley/Leaf Rot/LeafRot160.jpg,Leaf Rot
/home/sivabharathi/Documents/FinalYearProject/CocoCare/ml/data/raw/mendeley/Leaf Rot/LeafRot627.jpg,Leaf Rot
/home/sivabharathi/Documents/FinalYearProject/CocoCare/ml/data/raw/mendeley/Stem Bleeding/StemBleeding296.jpg,Stem Bleeding
/home/sivabharathi/Documents/FinalYearProject/CocoCare/ml/data/raw/mendeley/Leaf Rot/LeafRot1149.jpg,Leaf Rot
/home/sivabharathi/Documents/FinalYearProject/CocoCare/ml/data/raw/mendeley/Bud Root Dropping/BudRootDropping180.jpg,Bud Root Dropping
