image_path,label
/home/sivabharathi/Documents/FinalYearProject/CocoCare/ml/data/raw/kaggle/WCLWD_Flaccidity/WCLWD_Flaccidity/f_aug_0_8701.jpeg,WCLWD_Flaccidity
/home/sivabharathi/Documents/FinalYearProject/CocoCare/ml/data/raw/kaggle/WCLWD_Yellowing/WCLWD_Yellowing/f_aug_0_5157.jpeg,WCLWD_Yellowing
/home/sivabharathi/Documents/FinalYearProject/CocoCare/ml/data/raw/kaggle/CCI_Caterpillars/CCI_Caterpillars/CCI_2_232_jpg.rf.96a869e0c1ce5f0fcac2d5f42475d65b.jpg,CCI_Caterpillars
/home/sivabharathi/Documents/FinalYearProject/CocoCare/ml/data/raw/kaggle/CCI_Leaflets/CCI_Leaflets/CCI_15__1_260.jpg,CCI_Leaflets
/home/sivabharathi/Documents/FinalYearProject/CocoCare/ml/data/raw/kaggle/Healthy_Leaves/Healthy_Leaves/Healthy_leaf_62.jpg,Healthy_Leaves
/home/sivabharathi/Documents/FinalYearProject/CocoCare/ml/data/raw/kaggle/WCLWD_Flaccidity/WCLWD_Flaccidity/f_aug_0_9008.jpeg,WCLWD_Flaccidity
/home/sivabharathi/Documents/FinalYearProject/CocoCare/ml/data/raw/kaggle/WCLWD_Yellowing/WCLWD_Yellowing/f_aug_0_1607.jpeg,WCLWD_Yellowing
/home/sivabharathi/Documents/FinalYearProject/CocoCare/ml/data/raw/kaggle/WCLWD_DryingofLeaflets/WCLWD_DryingofLeaflets/f_aug_0_967.jpeg,WCLWD_DryingofLeaflets
/home/sivabharathi/Documents/FinalYearProject/CocoCare/ml/data/raw/kaggle/WCLWD_DryingofLeaflets/WCLWD_DryingofLeaflets/f_aug_0_4526.jpeg,WCLWD_DryingofLeaflets
/home/sivabharathi/Documents/FinalYearProject/CocoCare/ml/data/raw/kaggle/WCLWD_DryingofLeaflets/WCLWD_DryingofLeaflets/f_aug_0_4549.jpeg,WCLWD_DryingofLeaflets
/home/sivabharathi/Documents/FinalYearProject/CocoCare/ml/data/raw/kaggle/WCLWD_DryingofLeaflets/WCLWD_DryingofLeaflets/f_aug_0_2595.jpeg,WCLWD_DryingofLeaflets
/home/sivabharathi/Documents/FinalYearProject/CocoCare/ml/data/raw/kaggle/WCLWD_DryingofLeaflets/WCLWD_DryingofLeaflets/DSC_0134.JPG,WCLWD_DryingofLeaflets
/home/sivabharathi/Documents/FinalYearProject/CocoCare/ml/data/raw/kaggle/WCLWD_DryingofLeaflets/WCLWD_DryingofLeaflets/f_aug_0_6266.jpeg,WCLWD_DryingofLeaflets
/home/sivabharathi/Documents/FinalYearProject/CocoCare/ml/data/raw/kaggle/WCLWD_Yellowing/WCLWD_Yellowing/f_aug_0_403.jpeg,WCLWD_Yellowing
/home/sivabharathi/Documents/FinalYearProject/CocoCare/ml/data/raw/kaggle/WCLWD_Flaccidity/WCLWD_Flaccidity/f_aug_0_3772.jpeg,WCLWD_Flaccidity
/home/sivabharathi/Documents/FinalYearProject/CocoCare/ml/data/raw/kaggle/CCI_Leaflets/CCI_Leaflets/CCI_09__1_100.jpg,CCI_Leaflets
/home/sivabharathi/Documents/FinalYearProject/CocoCare/ml/data/raw/kaggle/CCI_Leaflets/CCI_Leaflets/CCI_13__1_620.jpg,CCI_Leaflets
/home/sivabharathi/Documents/FinalYearProject/CocoCare/ml/data/raw/kaggle/CCI_Leaflets/CCI_Leaflets/CCI_01__1_460.jpg,CCI_Leaflets
/home/sivabharathi/Documents/FinalYearProject/CocoCare/ml/data/raw/kaggle/WCLWD_DryingofLeaflets/WCLWD_DryingofLeaflets/f_aug_0_5245.jpeg,WCLWD_DryingofLeaflets
/home/sivabharathi/Documents/FinalYearProject/CocoCare/ml/data/raw/kaggle/CCI_Caterpillars/CCI_Caterpillars/CCI_2_25_jpg.rf.92ddc917696647389e9e098cdf030924.jpg,CCI_Caterpillars
/home/sivabharathi/Documents/FinalYearProject/CocoCare/ml/data/raw/kaggle/CCI_Leaflets/CCI_Leaflets/CCI_10__1_920.jpg,CCI_Leaflets
/home/sivabharathi/Documents/FinalYearProject/CocoCare/ml/data/raw/kaggle/CCI_Caterpillars/CCI_Caterpillars/i8_jpg.rf.9ebb8c467d5ed89164c8ceedd69fba24.jpg,CCI_Caterpillars
/home/sivabharathi/Documents/FinalYearProject/CocoCare/ml/data/raw/kaggle/CCI_Caterpillars/CCI_Caterpillars/CCI_2_16_jpg.rf.4634eef8ea8b214cb8d1cc0c26e1c5db.jpg,CCI_Caterpillars
/home/sivabharathi/Documents/FinalYearProject/CocoCare/ml/data/raw/kaggle/WCLWD_Yellowing/WCLWD_Yellowing/f_aug_0_1204.jpeg,WCLWD_Yellowing
/home/sivabharathi/Documents/FinalYearProject/CocoCare/ml/data/raw/kaggle/WCLWD_DryingofLeaflets/WCLWD_DryingofLeaflets/f_aug_0_2115.jpeg,WCLWD_DryingofLeaflets
/home/sivabharathi/Documents/FinalYearProject/CocoCare/ml/data/raw/kaggle/WCLWD_Yellowing/WCLWD_Yellowing/f_aug_0_7343.jpeg,WCLWD_Yellowing
/home/sivabharathi/Documents/FinalYearProject/CocoCare/ml/data/raw/kaggle/WCLWD_Flaccidity/WCLWD_Flaccidity/f_aug_0_3302.jpeg,WCLWD_Flaccidity
/home/sivabharathi/Documents/FinalYearProject/CocoCare/ml/data/raw/kaggle/WCLWD_DryingofLeaflets/WCLWD_DryingofLeaflets/f_aug_0_6860.jpeg,WCLWD_DryingofLeaflets
/home/sivabharathi/Documents/FinalYearProject/CocoCare/ml/data/raw/kaggle/CCI_Caterpillars/CCI_Caterpillars/CCI_8_248_jpg.rf.7323896c9b7a02a3864dec73071a91a5.jpg,CCI_Caterpillars
/home/sivabharathi/Documents/FinalYearProject/CocoCare/ml/data/raw/kaggle/CCI_Caterpillars/CCI_Caterpillars/CCI_7_56_jpg.rf.2d5d7eb64ffe37625f32e2cc08e08b58.jpg,CCI_Caterpillars
/home/sivabharathi/Documents/FinalYearProject/CocoCare/ml/data/raw/kaggle/WCLWD_DryingofLeaflets/WCLWD_DryingofLeaflets/f_aug_0_6477.jpeg,WCLWD_DryingofLeaflets
/home/sivabharathi/Documents/FinalYearProject/CocoCare/ml/data/raw/kaggle/WCLWD_DryingofLeaflets/WCLWD_DryingofLeaflets/f_aug_0_7617.jpeg,WCLWD_DryingofLeaflets
/home/sivabharathi/Documents/FinalYearProject/CocoCare/ml/data/raw/kaggle/WCLWD_DryingofLeaflets/WCLWD_DryingofLeaflets/f_aug_0_6029.jpeg,WCLWD_DryingofLeaflets
/home/sivabharathi/Documents/FinalYearProject/CocoCare/ml/data/raw/kaggle/WCLWD_Yellowing/WCLWD_Yellowing/f_aug_0_4059.jpeg,WCLWD_Yellowing
/home/sivabharathi/Documents/FinalYearProject/CocoCare/ml/data/raw/kaggle/WCLWD_Flaccidity/WCLWD_Flaccidity/f_aug_0_4488.jpeg,WCLWD_Flaccidity
/home/sivabharathi/Documents/FinalYearProject/CocoCare/ml/data/raw/kaggle/WCLWD_DryingofLeaflets/WCLWD_DryingofLeaflets/f_aug_0_3357.jpeg,WCLWD_DryingofLeaflets
/home/sivabharathi/Documents/FinalYearProject/CocoCare/ml/data/raw/kaggle/WCLWD_Yellowing/WCLWD_Yellowing/f_aug_0_6125.jpeg,WCLWD_Yellowing
/home/sivabharathi/Documents/FinalYearProject/CocoCare/ml/data/raw/kaggle/WCLWD_Flaccidity/WCLWD_Flaccidity/f_aug_0_3523.jpeg,WCLWD_Flaccidity
/home/sivabharathi/Documents/FinalYearProject/CocoCare/ml/data/raw/kaggle/WCLWD_DryingofLeaflets/WCLWD_DryingofLeaflets/f_aug_0_1237.jpeg,WCLWD_DryingofLeaflets
/home/sivabharathi/Documents/FinalYearProject/CocoCare/ml/data/raw/kaggle/CCI_Caterpillars/CCI_Caterpillars/CCI_10_216_jpg.rf.3b0b2411707c4eb11ada5dc01e02d05e.jpg,CCI_Caterpillars
/home/sivabharathi/Documents/FinalYearProject/CocoCare/ml/data/raw/kaggle/CCI_Leaflets/CCI_Leaflets/IMG_2715.JPG,CCI_Leaflets
/home/sivabharathi/Documents/FinalYearProject/CocoCare/ml/data/raw/kaggle/WCLWD_Flaccidity/WCLWD_Flaccidity/f_aug_0_7605.jpeg,WCLWD_Flaccidity
/home/sivabharathi/Documents/FinalYearProject/CocoCare/ml/data/raw/kaggle/CCI_Caterpillars/CCI_Caterpillars/CCI_3_120_jpg.rf.2032a8428470f4e41c3633823642e8cc.jpg,CCI_Caterpillars
/home/sivabharathi/Documents/FinalYearProject/CocoCare/ml/data/raw/kaggle/WCLWD_Yellowing/WCLWD_Yellowing/f_aug_0_50.jpeg,WCLWD_Yellowing
/home/sivabharathi/Documents/FinalYearProject/CocoCare/ml/data/raw/kaggle/WCLWD_Flaccidity/WCLWD_Flaccidity/f_aug_0_4701.jpeg,WCLWD_Flaccidity
/home/sivabharathi/Documents/FinalYearProject/CocoCare/ml/data/raw/kaggle/CCI_Leaflets/CCI_Leaflets/IMG_2667.JPG,CCI_Leaflets
/home/sivabharathi/Documents/FinalYearProject/CocoCare/ml/data/raw/kaggle/CCI_Caterpillars/CCI_Caterpillars/CCI_1_110_jpg.rf.87e57f0a38efc901544005fca59ecb46.jpg,CCI_Caterpillars
/home/sivabharathi/Documents/FinalYearProject/CocoCare/ml/data/raw/kaggle/WCLWD_Yellowing/WCLWD_Yellowing/f_aug_0_6840.jpeg,WCLWD_Yellowing
/home/sivabharathi/Documents/FinalYearProject/CocoCare/ml/data/raw/kaggle/WCLWD_Flaccidity/WCLWD_Flaccidity/f_aug_0_7572.jpeg,WCLWD_Flaccidity
/home/sivabharathi/Documents/FinalYearProject/CocoCare/ml/data/raw/kaggle/CCI_Leaflets/CCI_Leaflets/IMG_2599.JPG,CCI_Leaflets
/home/sivabharathi/Documents/FinalYearProject/CocoCare/ml/data/raw/kaggle/Healthy_Leaves/Healthy_Leaves/Healthy_leaf_20.jpg,Healthy_Leaves
/home/sivabharathi/Documents/FinalYearProject/CocoCare/ml/data/raw/kaggle/WCLWD_DryingofLeaflets/WCLWD_DryingofLeaflets/f_aug_0_160.jpeg,WCLWD_DryingofLeaflets
/home/sivabharathi/Documents/FinalYearProject/CocoCare/ml/data/raw/kaggle/WCLWD_Yellowing/WCLWD_Yellowing/f_aug_0_9773.jpeg,WCLWD_Yellowing
/home/sivabharathi/Documents/FinalYearProject/CocoCare/ml/data/raw/kaggle/WCLWD_DryingofLeaflets/WCLWD_DryingofLeaflets/f_aug_0_7550.jpeg,WCLWD_DryingofLeaflets
/home/sivabharathi/Documents/FinalYearProject/CocoCare/ml/data/raw/kaggle/WCLWD_Yellowing/WCLWD_Yellowing/f_aug_0_8350.jpeg,WCLWD_Yellowing
/home/sivabharathi/Documents/FinalYearProject/CocoCare/ml/data/raw/kaggle/CCI_Caterpillars/CCI_Caterpillars/CCI_10_160_jpg.rf.b282b7323adf299065d4499a00515769.jpg,CCI_Caterpillars
/home/sivabharathi/Documents/FinalYearProject/CocoCare/ml/data/raw/kaggle/WCLWD_DryingofLeaflets/WCLWD_DryingofLeaflets/f_aug_0_1914.jpeg,WCLWD_DryingofLeaflets
/home/sivabharathi/Documents/FinalYearProject/CocoCare/ml/data/raw/kaggle/WCLWD_DryingofLeaflets/WCLWD_DryingofLeaflets/f_aug_0_992.jpeg,WCLWD_DryingofLeaflets
/home/sivabharathi/Documents/FinalYearProject/CocoCare/ml/data/raw/kaggle/WCLWD_Yellowing/WCLWD_Yellowing/f_aug_0_7552.jpeg,WCLWD_Yellowing
/home/sivabharathi/Documents/FinalYearProject/CocoCare/ml/data/raw/kaggle/Healthy_Leaves/Healthy_Leaves/Healthy_leaf_5.jpg,Healthy_Leaves
/home/sivabharathi/Documents/FinalYearProject/CocoCare/ml/data/raw/kaggle/WCLWD_Yellowing/WCLWD_Yellowing/f_aug_0_1450.jpeg,WCLWD_Yellowing
/home/sivabharathi/Documents/FinalYearProject/CocoCare/ml/data/raw/kaggle/WCLWD_Flaccidity/WCLWD_Flaccidity/f_aug_0_6551.jpeg,WCLWD_Flaccidity
/home/sivabharathi/Documents/FinalYearProject/CocoCare/ml/data/raw/kaggle/WCLWD_Yellowing/WCLWD_Yellowing/f_aug_0_4270.jpeg,WCLWD_Yellowing
/home/sivabharathi/Documents/FinalYearProject/CocoCare/ml/data/raw/kaggle/CCI_Leaflets/CCI_Leaflets/CCI_15__1_700.jpg,CCI_Leaflets
/home/sivabharathi/Documents/FinalYearProject/CocoCare/ml/data/raw/kaggle/CCI_Leaflets/CCI_Leaflets/CCI_17__1_220.jpg,CCI_Leaflets
/home/sivabharathi/Documents/FinalYearProject/CocoCare/ml/data/raw/kaggle/WCLWD_Flaccidity/WCLWD_Flaccidity/f_aug_0_3647.jpeg,WCLWD_Flaccidity
/home/sivabharathi/Documents/FinalYearProject/CocoCare/ml/data/raw/kaggle/WCLWD_DryingofLeaflets/WCLWD_DryingofLeaflets/f_aug_0_7044.jpeg,WCLWD_DryingofLeaflets
/home/sivabharathi/Documents/FinalYearProject/CocoCare/ml/data/raw/kaggle/WCLWD_DryingofLeaflets/WCLWD_DryingofLeaflets/f_aug_0_5067.jpeg,WCLWD_DryingofLeaflets
/home/sivabharathi/Documents/FinalYearProject/CocoCare/ml/data/raw/kaggle/CCI_Caterpillars/CCI_Caterpillars/CCI_2_328_jpg.rf.678c978bccd01cf51a70482119643af1.jpg,CCI_Caterpillars
/home/sivabharathi/Documents/FinalYearProject/CocoCare/ml/data/raw/kaggle/CCI_Leaflets/CCI_Leaflets/CCI_11__1_260.jpg,CCI_Leaflets
/home/sivabharathi/Documents/FinalYearProject/CocoCare/ml/data/raw/kaggle/WCLWD_Flaccidity/WCLWD_Flaccidity/f_aug_0_5246.jpeg,WCLWD_Flaccidity
/home/sivabharathi/Documents/FinalYearProject/CocoCare/ml/data/raw/kaggle/WCLWD_Flaccidity/WCLWD_Flaccidity/f_aug_0_1581.jpeg,WCLWD_Flaccidity
/home/sivabharathi/Documents/FinalYearProject/CocoCare/ml/data/raw/kaggle/WCLWD_Yellowing/WCLWD_Yellowing/f_aug_0_1656.jpeg,WCLWD_Yellowing
/home/sivabharathi/Documents/FinalYearProject/CocoCare/ml/data/raw/kaggle/WCLWD_Yellowing/WCLWD_Yellowing/f_aug_0_5932.jpeg,WCLWD_Yellowing
/home/sivabharathi/Documents/FinalYearProject/CocoCare/ml/data/raw/kaggle/WCLWD_DryingofLeaflets/WCLWD_DryingofLeaflets/f_aug_0_7439.jpeg,WCLWD_DryingofLeaflets
/home/sivabharathi/Documents/FinalYearProject/CocoCare/ml/data/raw/kaggle/WCLWD_Flaccidity/WCLWD_Flaccidity/f_aug_0_6850.jpeg,WCLWD_Flaccidity
/home/sivabharathi/Documents/FinalYearProject/CocoCare/ml/data/raw/kaggle/CCI_Caterpillars/CCI_Caterpillars/CCI_8_312_jpg.rf.c0809150f5352e2d01b542b1d7cd109a.jpg,CCI_Caterpillars
/home/sivabharathi/Documents/FinalYearProject/CocoCare/ml/data/raw/kaggle/CCI_Leaflets/CCI_Leaflets/CCI_15__1_1140.jpg,CCI_Leaflets
/home/sivabharathi/Documents/FinalYearProject/CocoCare/ml/data/raw/kaggle/WCLWD_Yellowing/WCLWD_Yellowing/f_aug_0_7988.jpeg,WCLWD_Yellowing
/home/sivabharathi/Documents/FinalYearProject/CocoCare/ml/data/raw/kaggle/WCLWD_DryingofLeaflets/WCLWD_DryingofLeaflets/f_aug_0_5694.jpeg,WCLWD_DryingofLeaflets
/home/sivabharathi/Documents/FinalYearProject/CocoCare/ml/data/raw/kaggle/CCI_Leaflets/CCI_Leaflets/IMG_2770.JPG,CCI_Leaflets
/home/sivabharathi/Documents/FinalYearProject/CocoCare/ml/data/raw/kaggle/WCLWD_DryingofLeaflets/WCLWD_DryingofLeaflets/f_aug_0_710.jpeg,WCLWD_DryingofLeaflets
/home/sivabharathi/Documents/FinalYearProject/CocoCare/ml/data/raw/kaggle/CCI_Leaflets/CCI_Leaflets/IMG_2643.JPG,CCI_Leaflets
/home/sivabharathi/Documents/FinalYearProject/CocoCare/ml/data/raw/kaggle/WCLWD_Flaccidity/WCLWD_Flaccidity/f_aug_0_5082.jpeg,WCLWD_Flaccidity
/home/sivabharathi/Documents/FinalYearProject/CocoCare/ml/data/raw/kaggle/WCLWD_Flaccidity/WCLWD_Flaccidity/f_aug_0_783.jpeg,WCLWD_Flaccidity
/home/sivabharathi/Documents/FinalYearProject/CocoCare/ml/data/raw/kaggle/CCI_Leaflets/CCI_Leaflets/CCI_02__1_1320.jpg,CCI_Leaflets
/home/sivabharathi/Documents/FinalYearProject/CocoCare/ml/data/raw/kaggle/WCLWD_DryingofLeaflets/WCLWD_DryingofLeaflets/f_aug_0_9514.jpeg,WCLWD_DryingofLeaflets
/home/sivabharathi/Documents/FinalYearProject/CocoCare/ml/data/raw/kaggle/WCLWD_DryingofLeaflets/WCLWD_DryingofLeaflets/f_aug_0_527.jpeg,WCLWD_DryingofLeaflets
/home/sivabharathi/Documents/FinalYearProject/CocoCare/ml/data/raw/kaggle/WCLWD_Flaccidity/WCLWD_Flaccidity/f_aug_0_5101.jpeg,WCLWD_Flaccidity
/home/sivabharathi/Documents/FinalYearProject/CocoCare/ml/data/raw/kaggle/WCLWD_DryingofLeaflets/WCLWD_DryingofLeaflets/f_aug_0_9454.jpeg,WCLWD_DryingofLeaflets
/home/sivabharathi/Documents/FinalYearProject/CocoCare/ml/data/raw/kaggle/WCLWD_Flaccidity/WCLWD_Flaccidity/f_aug_0_6997.jpeg,WCLWD_Flaccidity
/home/sivabharathi/Documents/FinalYearProject/CocoCare/ml/data/raw/kaggle/WCLWD_Flaccidity/WCLWD_Flaccidity/f_aug_0_4197.jpeg,WCLWD_Flaccidity
/home/sivabharathi/Documents/FinalYearProject/CocoCare/ml/data/raw/kaggle/CCI_Caterpillars/CCI_Caterpillars/CCI_10_72_jpg.rf.5dd6fdd49ddf00d4b51dcf208b89089d.jpg,CCI_Caterpillars
/home/sivabharathi/Documents/FinalYearProject/CocoCare/ml/data/raw/kaggle/Healthy_Leaves/Healthy_Leaves/Healthy_leaf_57.jpg,Healthy_Leaves
/home/sivabharathi/Documents/FinalYearProject/CocoCare/ml/data/raw/kaggle/WCLWD_Yellowing/WCLWD_Yellowing/f_aug_0_9468.jpeg,WCLWD_Yellowing
/home/sivabharathi/Documents/FinalYearProject/CocoCare/ml/data/raw/kaggle/WCLWD_Flaccidity/WCLWD_Flaccidity/f_aug_0_551.jpeg,WCLWD_Flaccidity
/home/sivabharathi/Documents/FinalYearProject/CocoCare/ml/data/raw/kaggle/WCLWD_Flaccidity/WCLWD_Flaccidity/f_aug_0_4031.jpeg,WCLWD_Flaccidity
/home/sivabharathi/Documents/FinalYearProject/CocoCare/ml/data/raw/kaggle/Healthy_Leaves/Healthy_Leaves/Healthy_leaf_7.jpg,Healthy_Leaves
/home/sivabharathi/Documents/FinalYearProject/CocoCare/ml/data/raw/kaggle/WCLWD_Yellowing/WCLWD_Yellowing/f_aug_0_8282.jpeg,WCLWD_Yellowing
/home/sivabharathi/Documents/FinalYearProject/CocoCare/ml/data/raw/kaggle/WCLWD_DryingofLeaflets/WCLWD_DryingofLeaflets/f_aug_0_1867.jpeg,WCLWD_DryingofLeaflets
/home/sivabharathi/Documents/FinalYearProject/CocoCare/ml/data/raw/kaggle/CCI_Leaflets/CCI_Leaflets/IMG_2632.JPG,CCI_Leaflets
/home/sivabharathi/Documents/FinalYearProject/CocoCare/ml/data/raw/kaggle/WCLWD_Yellowing/WCLWD_Yellowing/f_aug_0_10.jpeg,WCLWD_Yellowing
/home/sivabharathi/Documents/FinalYearProject/CocoCare/ml/data/raw/kaggle/CCI_Caterpillars/CCI_Caterpillars/CCI_12_176_jpg.rf.0902553883b10b495c6ec7f7f953c975.jpg,CCI_Caterpillars
/home/sivabharathi/Documents/FinalYearProject/CocoCare/ml/data/raw/kaggle/WCLWD_Yellowing/WCLWD_Yellowing/f_aug_0_977.jpeg,WCLWD_Yellowing
/home/sivabharathi/Documents/FinalYearProject/CocoCare/ml/data/raw/kaggle/WCLWD_DryingofLeaflets/WCLWD_DryingofLeaflets/f_aug_0_2817.jpeg,WCLWD_DryingofLeaflets
/home/sivabharathi/Documents/FinalYearProject/CocoCare/ml/data/raw/kaggle/CCI_Leaflets/CCI_Leaflets/CCI_11__1_440.jpg,CCI_Leaflets
/home/sivabharathi/Documents/FinalYearProject/CocoCare/ml/data/raw/kaggle/WCLWD_Flaccidity/WCLWD_Flaccidity/f_aug_0_5937.jpeg,WCLWD_Flaccidity
/home/sivabharathi/Documents/FinalYearProject/CocoCare/ml/data/raw/kaggle/WCLWD_DryingofLeaflets/WCLWD_DryingofLeaflets/f_aug_0_263.jpeg,WCLWD_DryingofLeaflets
/home/sivabharathi/Documents/FinalYearProject/CocoCare/ml/data/raw/kaggle/WCLWD_Flaccidity/WCLWD_Flaccidity/f_aug_0_7480.jpeg,WCLWD_Flaccidity
/home/sivabharathi/Documents/FinalYearProject/CocoCare/ml/data/raw/kaggle/WCLWD_DryingofLeaflets/WCLWD_DryingofLeaflets/f_aug_0_2293.jpeg,WCLWD_DryingofLeaflets
/home/sivabharathi/Documents/FinalYearProject/CocoCare/ml/data/raw/kaggle/WCLWD_Yellowing/WCLWD_Yellowing/f_aug_0_6826.jpeg,WCLWD_Yellowing
/home/sivabharathi/Documents/FinalYearProject/CocoCare/ml/data/raw/kaggle/WCLWD_DryingofLeaflets/WCLWD_DryingofLeaflets/f_aug_0_4242.jpeg,WCLWD_DryingofLeaflets
/home/sivabharathi/Documents/FinalYearProject/CocoCare/ml/data/raw/kaggle/WCLWD_DryingofLeaflets/WCLWD_DryingofLeaflets/f_aug_0_1813.jpeg,WCLWD_DryingofLeaflets
/home/sivabharathi/Documents/FinalYearProject/CocoCare/ml/data/raw/kaggle/WCLWD_Flaccidity/WCLWD_Flaccidity/f_aug_0_459.jpeg,WCLWD_Flaccidity
/home/sivabharathi/Documents/FinalYearProject/CocoCare/ml/data/raw/kaggle/WCLWD_DryingofLeaflets/WCLWD_DryingofLeaflets/f_aug_0_6655.jpeg,WCLWD_DryingofLeaflets
/home/sivabharathi/Documents/FinalYearProject/CocoCare/ml/data/raw/kaggle/WCLWD_DryingofLeaflets/WCLWD_DryingofLeaflets/f_aug_0_7375.jpeg,WCLWD_DryingofLeaflets
/home/sivabharathi/Documents/FinalYearProject/CocoCare/ml/data/raw/kaggle/CCI_Caterpillars/CCI_Caterpillars/CCI_9_208_jpg.rf.bbcb5b598e18152fc2c33a1aea1c1927.jpg,CCI_Caterpillars
/home/sivabharathi/Documents/FinalYearProject/CocoCare/ml/data/raw/kaggle/CCI_Leaflets/CCI_Leaflets/CCI_10__1_1020.jpg,CCI_Leaflets
/home/sivabharathi/Documents/FinalYearProject/CocoCare/ml/data/raw/kaggle/WCLWD_DryingofLeaflets/WCLWD_DryingofLeaflets/f_aug_0_1164.jpeg,WCLWD_DryingofLeaflets
/home/sivabharathi/Documents/FinalYearProject/CocoCare/ml/data/raw/kaggle/WCLWD_DryingofLeaflets/WCLWD_DryingofLeaflets/f_aug_0_4598.jpeg,WCLWD_DryingofLeaflets
/home/sivabharathi/Documents/FinalYearProject/CocoCare/ml/data/raw/kaggle/WCLWD_DryingofLeaflets/WCLWD_DryingofLeaflets/f_aug_0_8753.jpeg,WCLWD_DryingofLeaflets
/home/sivabharathi/Documents/FinalYearProject/CocoCare/ml/data/raw/kaggle/CCI_Caterpillars/CCI_Caterpillars/CCI_8_128_jpg.rf.8424a4d3e121cd53afeb3ee74ccc319b.jpg,CCI_Caterpillars
/home/sivabharathi/Documents/FinalYearProject/CocoCare/ml/data/raw/kaggle/CCI_Leaflets/CCI_Leaflets/CCI_16__1_140.jpg,CCI_Leaflets
/home/sivabharathi/Documents/FinalYearProject/CocoCare/ml/data/raw/kaggle/CCI_Leaflets/CCI_Leaflets/IMG_2831.JPG,CCI_Leaflets
/home/sivabharathi/Documents/FinalYearProject/CocoCare/ml/data/raw/kaggle/CCI_Leaflets/CCI_Leaflets/CCI_14__1_700.jpg,CCI_Leaflets
/home/sivabharathi/Documents/FinalYearProject/CocoCare/ml/data/raw/kaggle/CCI_Caterpillars/CCI_Caterpillars/CCI_9_136_jpg.rf.557ce8f93ac663d483d8f95b613abd6e.jpg,CCI_Caterpillars
/home/sivabharathi/Documents/FinalYearProject/CocoCare/ml/data/raw/kaggle/CCI_Caterpillars/CCI_Caterpillars/CCI_2_32_jpg.rf.6d25fd616c739b21a23fcae15f8d1589.jpg,CCI_Caterpillars
/home/sivabharathi/Documents/FinalYearProject/CocoCare/ml/data/raw/kaggle/CCI_Caterpillars/CCI_Caterpillars/CCI_10_272_jpg.rf.51cb065dd3e152ed6d57690f2afd04aa.jpg,CCI_Caterpillars
/home/sivabharathi/Documents/FinalYearProject/CocoCare/ml/data/raw/kaggle/WCLWD_Flaccidity/WCLWD_Flaccidity/f_aug_0_8825.jpeg,WCLWD_Flaccidity
/home/sivabharathi/Documents/FinalYearProject/CocoCare/ml/data/raw/kaggle/WCLWD_Flaccidity/WCLWD_Flaccidity/f_aug_0_6930.jpeg,WCLWD_Flaccidity
/home/sivabharathi/Documents/FinalYearProject/CocoCare/ml/data/raw/kaggle/WCLWD_Flaccidity/WCLWD_Flaccidity/f_aug_0_8845.jpeg,WCLWD_Flaccidity
/home/sivabharathi/Documents/FinalYearProject/CocoCare/ml/data/raw/kaggle/WCLWD_Yellowing/WCLWD_Yellowing/f_aug_0_855.jpeg,WCLWD_Yellowing
/home/sivabharathi/Documents/FinalYearProject/CocoCare/ml/data/raw/kaggle/CCI_Leaflets/CCI_Leaflets/CCI_07__1_0.jpg,CCI_Leaflets
/home/sivabharathi/Documents/FinalYearProject/CocoCare/ml/data/raw/kaggle/CCI_Leaflets/CCI_Leaflets/CCI_14__1_980.jpg,CCI_Leaflets
/home/sivabharathi/Documents/FinalYearProject/CocoCare/ml/data/raw/kaggle/WCLWD_Yellowing/WCLWD_Yellowing/f_aug_0_2769.jpeg,WCLWD_Yellowing
/home/sivabharathi/Documents/FinalYearProject/CocoCare/ml/data/raw/kaggle/CCI_Caterpillars/CCI_Caterpillars/CCI_3_5_jpg.rf.4192ab3ff9555b37d5b004c6bcfb7708.jpg,CCI_Caterpillars
/home/sivabharathi/Documents/FinalYearProject/CocoCare/ml/data/raw/kaggle/WCLWD_Yellowing/WCLWD_Yellowing/f_aug_0_1415.jpeg,WCLWD_Yellowing
/home/sivabharathi/Documents/FinalYearProject/CocoCare/ml/data/raw/kaggle/CCI_Caterpillars/CCI_Caterpillars/CCI_5_280_jpg.rf.13fbc837535404d5e5b397344d182b22.jpg,CCI_Caterpillars
/home/sivabharathi/Documents/FinalYearProject/CocoCare/ml/data/raw/kaggle/WCLWD_Yellowing/WCLWD_Yellowing/f_aug_0_8979.jpeg,WCLWD_Yellowing
/home/sivabharathi/Documents/FinalYearProject/CocoCare/ml/data/raw/kaggle/WCLWD_Yellowing/WCLWD_Yellowing/f_aug_0_7819.jpeg,WCLWD_Yellowing
/home/sivabharathi/Documents/FinalYearProject/CocoCare/ml/data/raw/kaggle/WCLWD_Flaccidity/WCLWD_Flaccidity/f_aug_0_573.jpeg,WCLWD_Flaccidity
/home/sivabharathi/Documents/FinalYearProject/CocoCare/ml/data/raw/kaggle/WCLWD_Yellowing/WCLWD_Yellowing/f_aug_0_5246.jpeg,WCLWD_Yellowing
/home/sivabharathi/Documents/FinalYearProject/CocoCare/ml/data/raw/kaggle/WCLWD_Flaccidity/WCLWD_Flaccidity/f_aug_0_6049.jpeg,WCLWD_Flaccidity
/home/sivabharathi/Documents/FinalYearProject/CocoCare/ml/data/raw/kaggle/WCLWD_Flaccidity/WCLWD_Flaccidity/f_aug_0_2704.jpeg,WCLWD_Flaccidity
/home/sivabharathi/Documents/FinalYearProject/CocoCare/ml/data/raw/kaggle/WCLWD_DryingofLeaflets/WCLWD_DryingofLeaflets/f_aug_0_625.jpeg,WCLWD_DryingofLeaflets
/home/sivabharathi/Documents/FinalYearProject/CocoCare/ml/data/raw/kaggle/WCLWD_Flaccidity/WCLWD_Flaccidity/f_aug_0_6891.jpeg,WCLWD_Flaccidity
/home/sivabharathi/Documents/FinalYearProject/CocoCare/ml/data/raw/kaggle/WCLWD_Yellowing/WCLWD_Yellowing/f_aug_0_9931.jpeg,WCLWD_Yellowing
/home/sivabharathi/Documents/FinalYearProject/CocoCare/ml/data/raw/kaggle/WCLWD_Yellowing/WCLWD_Yellowing/f_aug_0_5620.jpeg,WCLWD_Yellowing
/home/sivabharathi/Documents/FinalYearProject/CocoCare/ml/data/raw/kaggle/CCI_Leaflets/CCI_Leaflets/CCI_10__1_20.jpg,CCI_Leaflets
/home/sivabharathi/Documents/FinalYearProject/CocoCare/ml/data/raw/kaggle/CCI_Caterpillars/CCI_Caterpillars/CCI_12_224_jpg.rf.d638c5829bb5925789dda6202c59b00e.jpg,CCI_Caterpillars
/home/sivabharathi/Documents/FinalYearProject/CocoCare/ml/data/raw/kaggle/WCLWD_DryingofLeaflets/WCLWD_DryingofLeaflets/f_aug_0_5144.jpeg,WCLWD_DryingofLeaflets
/home/sivabharathi/Documents/FinalYearProject/CocoCare/ml/data/raw/kaggle/CCI_Caterpillars/CCI_Caterpillars/CCI_2_145_jpg.rf.af9f40f7da7e88a331c8902fef78d52c.jpg,CCI_Caterpillars
/home/sivabharathi/Documents/FinalYearProject/CocoCare/ml/data/raw/kaggle/CCI_Leaflets/CCI_Leaflets/CCI_14__1_900.jpg,CCI_Leaflets
/home/sivabharathi/Documents/FinalYearProject/CocoCare/ml/data/raw/kaggle/CCI_Leaflets/CCI_Leaflets/CCI_04__1_1100.jpg,CCI_Leaflets
/home/sivabharathi/Documents/FinalYearProject/CocoCare/ml/data/raw/kaggle/WCLWD_Yellowing/WCLWD_Yellowing/f_aug_0_8225.jpeg,WCLWD_Yellowing
/home/sivabharathi/Documents/FinalYearProject/CocoCare/ml/data/raw/kaggle/WCLWD_Yellowing/WCLWD_Yellowing/f_aug_0_6584.jpeg,WCLWD_Yellowing
/home/sivabharathi/Documents/FinalYearProject/CocoCare/ml/data/raw/kaggle/WCLWD_Flaccidity/WCLWD_Flaccidity/f_aug_0_2728.jpeg,WCLWD_Flaccidity
/home/sivabharathi/Documents/FinalYearProject/CocoCare/ml/data/raw/kaggle/WCLWD_DryingofLeaflets/WCLWD_DryingofLeaflets/f_aug_0_8145.jpeg,WCLWD_DryingofLeaflets
/home/sivabharathi/Documents/FinalYearProject/CocoCare/ml/data/raw/kaggle/WCLWD_DryingofLeaflets/WCLWD_DryingofLeaflets/f_aug_0_3347.jpeg,WCLWD_DryingofLeaflets
/home/sivabharathi/Documents/FinalYearProject/CocoCare/ml/data/raw/kaggle/CCI_Leaflets/CCI_Leaflets/IMG_2687.JPG,CCI_Leaflets
/home/sivabharathi/Documents/FinalYearProject/CocoCare/ml/data/raw/kaggle/CCI_Leaflets/CCI_Leaflets/CCI_16__1_160.jpg,CCI_Leaflets
/home/sivabharathi/Documents/FinalYearProject/CocoCare/ml/data/raw/kaggle/WCLWD_DryingofLeaflets/WCLWD_DryingofLeaflets/f_aug_0_9529.jpeg,WCLWD_DryingofLeaflets
/home/sivabharathi/Documents/FinalYearProject/CocoCare/ml/data/raw/kaggle/WCLWD_Flaccidity/WCLWD_Flaccidity/f_aug_0_1828.jpeg,WCLWD_Flaccidity
/home/sivabharathi/Documents/FinalYearProject/CocoCare/ml/data/raw/kaggle/WCLWD_Flaccidity/WCLWD_Flaccidity/f_aug_0_8501.jpeg,WCLWD_Flaccidity
/home/sivabharathi/Documents/FinalYearProject/CocoCare/ml/data/raw/kaggle/WCLWD_Yellowing/WCLWD_Yellowing/f_aug_0_6956.jpeg,WCLWD_Yellowing
/home/sivabharathi/Documents/FinalYearProject/CocoCare/ml/data/raw/kaggle/CCI_Leaflets/CCI_Leaflets/IMG_2843.JPG,CCI_Leaflets
/home/sivabharathi/Documents/FinalYearProject/CocoCare/ml/data/raw/kaggle/WCLWD_Flaccidity/WCLWD_Flaccidity/f_aug_0_1576.jpeg,WCLWD_Flaccidity
/home/sivabharathi/Documents/FinalYearProject/CocoCare/ml/data/raw/kaggle/WCLWD_Flaccidity/WCLWD_Flaccidity/f_aug_0_9138.jpeg,WCLWD_Flaccidity
/home/sivabharathi/Documents/FinalYearProject/CocoCare/ml/data/raw/kaggle/CCI_Caterpillars/CCI_Caterpillars/CCI_3_85_jpg.rf.24e3a21500d7b6a8c249505fa10debe3.jpg,CCI_Caterpillars
/home/sivabharathi/Documents/FinalYearProject/CocoCare/ml/data/raw/kaggle/CCI_Leaflets/CCI_Leaflets/CCI_06__1_120.jpg,CCI_Leaflets
/home/sivabharathi/Documents/FinalYearProject/CocoCare/ml/data/raw/kaggle/CCI_Caterpillars/CCI_Caterpillars/CCI_4_80_jpg.rf.dff77307a9ef830ebe09e0be4dea016c.jpg,CCI_Caterpillars
/home/sivabharathi/Documents/FinalYearProject/CocoCare/ml/data/raw/kaggle/WCLWD_Flaccidity/WCLWD_Flaccidity/f_aug_0_7497.jpeg,WCLWD_Flaccidity
/home/sivabharathi/Documents/FinalYearProject/CocoCare/ml/data/raw/kaggle/WCLWD_Yellowing/WCLWD_Yellowing/f_aug_0_6872.jpeg,WCLWD_Yellowing
/home/sivabharathi/Documents/FinalYearProject/CocoCare/ml/data/raw/kaggle/CCI_Caterpillars/CCI_Caterpillars/CCI_2_145_jpg.rf.e5328528fea6b311a4406504a5008065.jpg,CCI_Caterpillars
/home/sivabharathi/Documents/FinalYearProject/CocoCare/ml/data/raw/kaggle/WCLWD_Flaccidity/WCLWD_Flaccidity/f_aug_0_7597.jpeg,WCLWD_Flaccidity
/home/sivabharathi/Documents/FinalYearProject/CocoCare/ml/data/raw/kaggle/WCLWD_DryingofLeaflets/WCLWD_DryingofLeaflets/f_aug_0_6835.jpeg,WCLWD_DryingofLeaflets
/home/sivabharathi/Documents/FinalYearProject/CocoCare/ml/data/raw/kaggle/WCLWD_Flaccidity/WCLWD_Flaccidity/f_aug_0_7507.jpeg,WCLWD_Flaccidity
/home/sivabharathi/Documents/FinalYearProject/CocoCare/ml/data/raw/kaggle/WCLWD_DryingofLeaflets/WCLWD_DryingofLeaflets/f_aug_0_2789.jpeg,WCLWD_DryingofLeaflets
/home/sivabharathi/Documents/FinalYearProject/CocoCare/ml/data/raw/kaggle/WCLWD_Flaccidity/WCLWD_Flaccidity/f_aug_0_705.jpeg,WCLWD_Flaccidity
/home/sivabharathi/Documents/FinalYearProject/CocoCare/ml/data/raw/kaggle/WCLWD_Yellowing/WCLWD_Yellowing/f_aug_0_9178.jpeg,WCLWD_Yellowing
/home/sivabharathi/Documents/FinalYearProject/CocoCare/ml/data/raw/kaggle/WCLWD_Flaccidity/WCLWD_Flaccidity/f_aug_0_7749.jpeg,WCLWD_Flaccidity
/home/sivabharathi/Documents/FinalYearProject/CocoCare/ml/data/raw/kaggle/CCI_Caterpillars/CCI_Caterpillars/CCI_2_245_jpg.rf.510e03b16cea0ce870340da75c94a654.jpg,CCI_Caterpillars
/home/sivabharathi/Documents/FinalYearProject/CocoCare/ml/data/raw/kaggle/CCI_Leaflets/CCI_Leaflets/IMG_2557.JPG,CCI_Leaflets
/home/sivabharathi/Documents/FinalYearProject/CocoCare/ml/data/raw/kaggle/WCLWD_Yellowing/WCLWD_Yellowing/f_aug_0_2772.jpeg,WCLWD_Yellowing
/home/sivabharathi/Documents/FinalYearProject/CocoCare/ml/data/raw/kaggle/WCLWD_Yellowing/WCLWD_Yellowing/f_aug_0_3136.jpeg,WCLWD_Yellowing
/home/sivabharathi/Documents/FinalYearProject/CocoCare/ml/data/raw/kaggle/WCLWD_Flaccidity/WCLWD_Flaccidity/f_aug_0_7681.jpeg,WCLWD_Flaccidity
/home/sivabharathi/Documents/FinalYearProject/CocoCare/ml/data/raw/kaggle/Healthy_Leaves/Healthy_Leaves/Healthy_leaf_10.jpg,Healthy_Leaves
/home/sivabharathi/Documents/FinalYearProject/CocoCare/ml/data/raw/kaggle/CCI_Leaflets/CCI_Leaflets/CCI_10__1_800.jpg,CCI_Leaflets
/home/sivabharathi/Documents/FinalYearProject/CocoCare/ml/data/raw/kaggle/CCI_Caterpillars/CCI_Caterpillars/CCI_11_296_jpg.rf.a4f71dfea76ea3e599db369fc5a06330.jpg,CCI_Caterpillars
/home/sivabharathi/Documents/FinalYearProject/CocoCare/ml/data/raw/kaggle/WCLWD_Yellowing/WCLWD_Yellowing/f_aug_0_3191.jpeg,WCLWD_Yellowing
/home/sivabharathi/Documents/FinalYearProject/CocoCare/ml/data/raw/kaggle/CCI_Leaflets/CCI_Leaflets/CCI_02__1_320.jpg,CCI_Leaflets
/home/sivabharathi/Documents/FinalYearProject/CocoCare/ml/data/raw/kaggle/CCI_Caterpillars/CCI_Caterpillars/CCI_9_216_jpg.rf.0dd0a0bc6f895a51c9a9f506ab431e00.jpg,CCI_Caterpillars
/home/sivabharathi/Documents/FinalYearProject/CocoCare/ml/data/raw/kaggle/WCLWD_Yellowing/WCLWD_Yellowing/DSC_0186.JPG,WCLWD_Yellowing
/home/sivabharathi/Documents/FinalYearProject/CocoCare/ml/data/raw/kaggle/CCI_Leaflets/CCI_Leaflets/CCI_02__1_1420.jpg,CCI_Leaflets
/home/sivabharathi/Documents/FinalYearProject/CocoCare/ml/data/raw/kaggle/WCLWD_Flaccidity/WCLWD_Flaccidity/f_aug_0_7958.jpeg,WCLWD_Flaccidity
/home/sivabharathi/Documents/FinalYearProject/CocoCare/ml/data/raw/kaggle/CCI_Caterpillars/CCI_Caterpillars/CCI_2_250_jpg.rf.e263e46d220e1f7ecb45e0dc3705240d.jpg,CCI_Caterpillars
/home/sivabharathi/Documents/FinalYearProject/CocoCare/ml/data/raw/kaggle/CCI_Leaflets/CCI_Leaflets/CCI_04__1_760.jpg,CCI_Leaflets
/home/sivabharathi/Documents/FinalYearProject/CocoCare/ml/data/raw/kaggle/WCLWD_DryingofLeaflets/WCLWD_DryingofLeaflets/f_aug_0_6814.jpeg,WCLWD_DryingofLeaflets
/home/sivabharathi/Documents/FinalYearProject/CocoCare/ml/data/raw/kaggle/WCLWD_Yellowing/WCLWD_Yellowing/f_aug_0_8275.jpeg,WCLWD_Yellowing
/home/sivabharathi/Documents/FinalYearProject/CocoCare/ml/data/raw/kaggle/WCLWD_Flaccidity/WCLWD_Flaccidity/f_aug_0_1096.jpeg,WCLWD_Flaccidity
/home/sivabharathi/Documents/FinalYearProject/CocoCare/ml/data/raw/kaggle/WCLWD_Flaccidity/WCLWD_Flaccidity/f_aug_0_3705.jpeg,WCLWD_Flaccidity
/home/sivabharathi/Documents/FinalYearProject/CocoCare/ml/data/raw/kaggle/CCI_Caterpillars/CCI_Caterpillars/CCI_8_248_jpg.rf.5f8f84adc5ec873962ac70903ad18071.jpg,CCI_Caterpillars
/home/sivabharathi/Documents/FinalYearProject/CocoCare/ml/data/raw/kaggle/WCLWD_DryingofLeaflets/WCLWD_DryingofLeaflets/f_aug_0_9688.jpeg,WCLWD_DryingofLeaflets
/home/sivabharathi/Documents/FinalYearProject/CocoCare/ml/data/raw/kaggle/WCLWD_Yellowing/WCLWD_Yellowing/f_aug_0_6174.jpeg,WCLWD_Yellowing
/home/sivabharathi/Documents/FinalYearProject/CocoCare/ml/data/raw/kaggle/WCLWD_Flaccidity/WCLWD_Flaccidity/f_aug_0_1772.jpeg,WCLWD_Flaccidity
/home/sivabharathi/Documents/FinalYearProject/CocoCare/ml/data/raw/kaggle/CCI_Leaflets/CCI_Leaflets/CCI_02__1_1740.jpg,CCI_Leaflets
/home/sivabharathi/Documents/FinalYearProject/CocoCare/ml/data/raw/kaggle/CCI_Caterpillars/CCI_Caterpillars/CCI_9_224_jpg.rf.1f972cc9c146ac68c7eaf564b824f58d.jpg,CCI_Caterpillars
/home/sivabharathi/Documents/FinalYearProject/CocoCare/ml/data/raw/kaggle/WCLWD_Flaccidity/WCLWD_Flaccidity/f_aug_0_2501.jpeg,WCLWD_Flaccidity
/home/sivabharathi/Documents/FinalYearProject/CocoCare/ml/data/raw/kaggle/WCLWD_Yellowing/WCLWD_Yellowing/f_aug_0_8889.jpeg,WCLWD_Yellowing
/home/sivabharathi/Documents/FinalYearProject/CocoCare/ml/data/raw/kaggle/CCI_Caterpillars/CCI_Caterpillars/CCI_2_230_jpg.rf.c3c837019f86de35788cba8557308443.jpg,CCI_Caterpillars
/home/sivabharathi/Documents/FinalYearProject/CocoCare/ml/data/raw/kaggle/WCLWD_Yellowing/WCLWD_Yellowing/f_aug_0_1719.jpeg,WCLWD_Yellowing
/home/sivabharathi/Documents/FinalYearProject/CocoCare/ml/data/raw/kaggle/WCLWD_Yellowing/WCLWD_Yellowing/f_aug_0_2995.jpeg,WCLWD_Yellowing
/home/sivabharathi/Documents/FinalYearProject/CocoCare/ml/data/raw/kaggle/WCLWD_Yellowing/WCLWD_Yellowing/f_aug_0_7351.jpeg,WCLWD_Yellowing
/home/sivabharathi/Documents/FinalYearProject/CocoCare/ml/data/raw/kaggle/CCI_Caterpillars/CCI_Caterpillars/CCI_1_175_jpg.rf.41765d607d06bce7854014e565fe8305.jpg,CCI_Caterpillars
/home/sivabharathi/Documents/FinalYearProject/CocoCare/ml/data/raw/kaggle/WCLWD_Flaccidity/WCLWD_Flaccidity/f_aug_0_1886.jpeg,WCLWD_Flaccidity
/home/sivabharathi/Documents/FinalYearProject/CocoCare/ml/data/raw/kaggle/CCI_Caterpillars/CCI_Caterpillars/CCI_2_85_jpg.rf.67f8818011e0cef3d0ebebd160a005d0.jpg,CCI_Caterpillars
/home/sivabharathi/Documents/FinalYearProject/CocoCare/ml/data/raw/kaggle/CCI_Leaflets/CCI_Leaflets/CCI_14__1_200.jpg,CCI_Leaflets
/home/sivabharathi/Documents/FinalYearProject/CocoCare/ml/data/raw/kaggle/WCLWD_Yellowing/WCLWD_Yellowing/f_aug_0_8880.jpeg,WCLWD_Yellowing
/home/sivabharathi/Documents/FinalYearProject/CocoCare/ml/data/raw/kaggle/WCLWD_DryingofLeaflets/WCLWD_DryingofLeaflets/f_aug_0_5335.jpeg,WCLWD_DryingofLeaflets
/home/sivabharathi/Documents/FinalYearProject/CocoCare/ml/data/raw/kaggle/WCLWD_Flaccidity/WCLWD_Flaccidity/f_aug_0_4792.jpeg,WCLWD_Flaccidity
/home/sivabharathi/Documents/FinalYearProject/CocoCare/ml/data/raw/kaggle/WCLWD_Flaccidity/WCLWD_Flaccidity/f_aug_0_9594.jpeg,WCLWD_Flaccidity
/home/sivabharathi/Documents/FinalYearProject/CocoCare/ml/data/raw/kaggle/CCI_Leaflets/CCI_Leaflets/CCI_10__1_640.jpg,CCI_Leaflets
/home/sivabharathi/Documents/FinalYearProject/CocoCare/ml/data/raw/kaggle/WCLWD_Flaccidity/WCLWD_Flaccidity/f_aug_0_1145.jpeg,WCLWD_Flaccidity
/home/sivabharathi/Documents/FinalYearProject/CocoCare/ml/data/raw/kaggle/WCLWD_Yellowing/WCLWD_Yellowing/f_aug_0_4141.jpeg,WCLWD_Yellowing
/home/sivabharathi/Documents/FinalYearProject/CocoCare/ml/data/raw/kaggle/WCLWD_DryingofLeaflets/WCLWD_DryingofLeaflets/f_aug_0_7687.jpeg,WCLWD_DryingofLeaflets
/home/sivabharathi/Documents/FinalYearProject/CocoCare/ml/data/raw/kaggle/WCLWD_Flaccidity/WCLWD_Flaccidity/f_aug_0_4093.jpeg,WCLWD_Flaccidity
/home/sivabharathi/Documents/FinalYearProject/CocoCare/ml/data/raw/kaggle/WCLWD_DryingofLeaflets/WCLWD_DryingofLeaflets/f_aug_0_1564.jpeg,WCLWD_DryingofLeaflets
/home/sivabharathi/Documents/FinalYearProject/CocoCare/ml/data/raw/kaggle/CCI_Caterpillars/CCI_Caterpillars/CCI_3_230_jpg.rf.52a5e6c4b544caa85f9579af10fc1e66.jpg,CCI_Caterpillars
/home/sivabharathi/Documents/FinalYearProject/CocoCare/ml/data/raw/kaggle/WCLWD_Flaccidity/WCLWD_Flaccidity/f_aug_0_4822.jpeg,WCLWD_Flaccidity
/home/sivabharathi/Documents/FinalYearProject/CocoCare/ml/data/raw/kaggle/WCLWD_DryingofLeaflets/WCLWD_DryingofLeaflets/f_aug_0_9282.jpeg,WCLWD_DryingofLeaflets
/home/sivabharathi/Documents/FinalYearProject/CocoCare/ml/data/raw/kaggle/CCI_Caterpillars/CCI_Caterpillars/CCI_2_248_jpg.rf.120e828a7be61dda5013acdc84fb5c8d.jpg,CCI_Caterpillars
/home/sivabharathi/Documents/FinalYearProject/CocoCare/ml/data/raw/kaggle/CCI_Caterpillars/CCI_Caterpillars/CCI_7_16_jpg.rf.7057db8a2b8b356e740c9f8c91a775ea.jpg,CCI_Caterpillars
/home/sivabharathi/Documents/FinalYearProject/CocoCare/ml/data/raw/kaggle/WCLWD_DryingofLeaflets/WCLWD_DryingofLeaflets/f_aug_0_773.jpeg,WCLWD_DryingofLeaflets
/home/sivabharathi/Documents/FinalYearProject/CocoCare/ml/data/raw/kaggle/WCLWD_DryingofLeaflets/WCLWD_DryingofLeaflets/f_aug_0_7750.jpeg,WCLWD_DryingofLeaflets
/home/sivabharathi/Documents/FinalYearProject/CocoCare/ml/data/raw/kaggle/WCLWD_Yellowing/WCLWD_Yellowing/f_aug_0_8435.jpeg,WCLWD_Yellowing
/home/sivabharathi/Documents/FinalYearProject/CocoCare/ml/data/raw/kaggle/CCI_Caterpillars/CCI_Caterpillars/CCI_7_104_jpg.rf.0261ab3709512905388f6d73597a48fb.jpg,CCI_Caterpillars
/home/sivabharathi/Documents/FinalYearProject/CocoCare/ml/data/raw/kaggle/WCLWD_DryingofLeaflets/WCLWD_DryingofLeaflets/f_aug_0_5885.jpeg,WCLWD_DryingofLeaflets
/home/sivabharathi/Documents/FinalYearProject/CocoCare/ml/data/raw/kaggle/WCLWD_Flaccidity/WCLWD_Flaccidity/f_aug_0_1357.jpeg,WCLWD_Flaccidity
/home/sivabharathi/Documents/FinalYearProject/CocoCare/ml/data/raw/kaggle/WCLWD_Yellowing/WCLWD_Yellowing/f_aug_0_3876.jpeg,WCLWD_Yellowing
/home/sivabharathi/Documents/FinalYearProject/CocoCare/ml/data/raw/kaggle/CCI_Caterpillars/CCI_Caterpillars/CCI_8_280_jpg.rf.b8a7e0aa5dfd24d526898b654ea99ba3.jpg,CCI_Caterpillars
/home/sivabharathi/Documents/FinalYearProject/CocoCare/ml/data/raw/kaggle/WCLWD_DryingofLeaflets/WCLWD_DryingofLeaflets/f_aug_0_5350.jpeg,WCLWD_DryingofLeaflets
/home/sivabharathi/Documents/FinalYearProject/CocoCare/ml/data/raw/kaggle/WCLWD_Flaccidity/WCLWD_Flaccidity/f_aug_0_8715.jpeg,WCLWD_Flaccidity
/home/sivabharathi/Documents/FinalYearProject/CocoCare/ml/data/raw/kaggle/CCI_Caterpillars/CCI_Caterpillars/CCI_1_130_jpg.rf.5f9f21e3e46531fc2ba4cfabbc1fd2c8.jpg,CCI_Caterpillars
/home/sivabharathi/Documents/FinalYearProject/CocoCare/ml/data/raw/kaggle/WCLWD_DryingofLeaflets/WCLWD_DryingofLeaflets/f_aug_0_8497.jpeg,WCLWD_DryingofLeaflets
/home/sivabharathi/Documents/FinalYearProject/CocoCare/ml/data/raw/kaggle/WCLWD_DryingofLeaflets/WCLWD_DryingofLeaflets/f_aug_0_7124.jpeg,WCLWD_DryingofLeaflets
/home/sivabharathi/Documents/FinalYearProject/CocoCare/ml/data/raw/kaggle/WCLWD_Flaccidity/WCLWD_Flaccidity/f_aug_0_8305.jpeg,WCLWD_Flaccidity
/home/sivabharathi/Documents/FinalYearProject/CocoCare/ml/data/raw/kaggle/WCLWD_Flaccidity/WCLWD_Flaccidity/f_aug_0_4094.jpeg,WCLWD_Flaccidity
/home/sivabharathi/Documents/FinalYearProject/CocoCare/ml/data/raw/kaggle/CCI_Leaflets/CCI_Leaflets/CCI_15__1_680.jpg,CCI_Leaflets
/home/sivabharathi/Documents/FinalYearProject/CocoCare/ml/data/raw/kaggle/WCLWD_Yellowing/WCLWD_Yellowing/f_aug_0_3395.jpeg,WCLWD_Yellowing
/home/sivabharathi/Documents/FinalYearProject/CocoCare/ml/data/raw/kaggle/CCI_Leaflets/CCI_Leaflets/CCI_07__1_200.jpg,CCI_Leaflets
/home/sivabharathi/Documents/FinalYearProject/CocoCare/ml/data/raw/kaggle/CCI_Caterpillars/CCI_Caterpillars/CCI_12_256_jpg.rf.74c9648ae9c8443847e94fc69f0ae418.jpg,CCI_Caterpillars
/home/sivabharathi/Documents/FinalYearProject/CocoCare/ml/data/raw/kaggle/WCLWD_Flaccidity/WCLWD_Flaccidity/f_aug_0_1743.jpeg,WCLWD_Flaccidity
/home/sivabharathi/Documents/FinalYearProject/CocoCare/ml/data/raw/kaggle/CCI_Leaflets/CCI_Leaflets/CCI_14__1_260.jpg,CCI_Leaflets
/home/sivabharathi/Documents/FinalYearProject/CocoCare/ml/data/raw/kaggle/CCI_Leaflets/CCI_Leaflets/CCI_11__1_460.jpg,CCI_Leaflets
/home/sivabharathi/Documents/FinalYearProject/CocoCare/ml/data/raw/kaggle/WCLWD_Yellowing/WCLWD_Yellowing/f_aug_0_5203.jpeg,WCLWD_Yellowing
/home/sivabharathi/Documents/FinalYearProject/CocoCare/ml/data/raw/kaggle/CCI_Leaflets/CCI_Leaflets/IMG_2787.JPG,CCI_Leaflets
/home/sivabharathi/Documents/FinalYearProject/CocoCare/ml/data/raw/kaggle/WCLWD_DryingofLeaflets/WCLWD_DryingofLeaflets/f_aug_0_7143.jpeg,WCLWD_DryingofLeaflets
/home/sivabharathi/Documents/FinalYearProject/CocoCare/ml/data/raw/kaggle/WCLWD_Flaccidity/WCLWD_Flaccidity/f_aug_0_5231.jpeg,WCLWD_Flaccidity
/home/sivabharathi/Documents/FinalYearProject/CocoCare/ml/data/raw/kaggle/CCI_Leaflets/CCI_Leaflets/CCI_09__1_420.jpg,CCI_Leaflets
/home/sivabharathi/Documents/FinalYearProject/CocoCare/ml/data/raw/kaggle/WCLWD_Flaccidity/WCLWD_Flaccidity/f_aug_0_3882.jpeg,WCLWD_Flaccidity
/home/sivabharathi/Documents/FinalYearProject/CocoCare/ml/data/raw/kaggle/WCLWD_DryingofLeaflets/WCLWD_DryingofLeaflets/f_aug_0_6092.jpeg,WCLWD_DryingofLeaflets
/home/sivabharathi/Documents/FinalYearProject/CocoCare/ml/data/raw/kaggle/WCLWD_DryingofLeaflets/WCLWD_DryingofLeaflets/f_aug_0_3979.jpeg,WCLWD_DryingofLeaflets
/home/sivabharathi/Documents/FinalYearProject/CocoCare/ml/data/raw/kaggle/WCLWD_Flaccidity/WCLWD_Flaccidity/f_aug_0_8018.jpeg,WCLWD_Flaccidity
/home/sivabharathi/Documents/FinalYearProject/CocoCare/ml/data/raw/kaggle/WCLWD_Yellowing/WCLWD_Yellowing/f_aug_0_5453.jpeg,WCLWD_Yellowing
/home/sivabharathi/Documents/FinalYearProject/CocoCare/ml/data/raw/kaggle/CCI_Leaflets/CCI_Leaflets/CCI_08__1_180.jpg,CCI_Leaflets
/home/sivabharathi/Documents/FinalYearProject/CocoCare/ml/data/raw/kaggle/WCLWD_Flaccidity/WCLWD_Flaccidity/f_aug_0_1745.jpeg,WCLWD_Flaccidity
/home/sivabharathi/Documents/FinalYearProject/CocoCare/ml/data/raw/kaggle/WCLWD_Flaccidity/WCLWD_Flaccidity/f_aug_0_3497.jpeg,WCLWD_Flaccidity
/home/sivabharathi/Documents/FinalYearProject/CocoCare/ml/data/raw/kaggle/WCLWD_Yellowing/WCLWD_Yellowing/f_aug_0_9633.jpeg,WCLWD_Yellowing
/home/sivabharathi/Documents/FinalYearProject/CocoCare/ml/data/raw/kaggle/WCLWD_Flaccidity/WCLWD_Flaccidity/f_aug_0_6993.jpeg,WCLWD_Flaccidity
/home/sivabharathi/Documents/FinalYearProject/CocoCare/ml/data/raw/kaggle/WCLWD_DryingofLeaflets/WCLWD_DryingofLeaflets/f_aug_0_5838.jpeg,WCLWD_DryingofLeaflets
/home/sivabharathi/Documents/FinalYearProject/CocoCare/ml/data/raw/kaggle/WCLWD_DryingofLeaflets/WCLWD_DryingofLeaflets/f_aug_0_7021.jpeg,WCLWD_DryingofLeaflets
/home/sivabharathi/Documents/FinalYearProject/CocoCare/ml/data/raw/kaggle/CCI_Caterpillars/CCI_Caterpillars/CCI_7_152_jpg.rf.71f1d20e9780238af26cca40414e6855.jpg,CCI_Caterpillars
/home/sivabharathi/Documents/FinalYearProject/CocoCare/ml/data/raw/kaggle/WCLWD_Yellowing/WCLWD_Yellowing/f_aug_0_800.jpeg,WCLWD_Yellowing
/home/sivabharathi/Documents/FinalYearProject/CocoCare/ml/data/raw/kaggle/CCI_Caterpillars/CCI_Caterpillars/CCI_9_392_jpg.rf.0caa2b1b8161273845abe5fa66a3effb.jpg,CCI_Caterpillars
/home/sivabharathi/Documents/FinalYearProject/CocoCare/ml/data/raw/kaggle/CCI_Caterpillars/CCI_Caterpillars/CCI_3_155_jpg.rf.4b6e7bdbe67d691c735c7eecf7882603.jpg,CCI_Caterpillars
/home/sivabharathi/Documents/FinalYearProject/CocoCare/ml/data/raw/kaggle/CCI_Leaflets/CCI_Leaflets/CCI_02__1_660.jpg,CCI_Leaflets
/home/sivabharathi/Documents/FinalYearProject/CocoCare/ml/data/raw/kaggle/WCLWD_Yellowing/WCLWD_Yellowing/f_aug_0_3516.jpeg,WCLWD_Yellowing
/home/sivabharathi/Documents/FinalYearProject/CocoCare/ml/data/raw/kaggle/Healthy_Leaves/Healthy_Leaves/Healthy_leaf_37.jpg,Healthy_Leaves
/home/sivabharathi/Documents/FinalYearProject/CocoCare/ml/data/raw/kaggle/WCLWD_DryingofLeaflets/WCLWD_DryingofLeaflets/f_aug_0_4412.jpeg,WCLWD_DryingofLeaflets
/home/sivabharathi/Documents/FinalYearProject/CocoCare/ml/data/raw/kaggle/WCLWD_Yellowing/WCLWD_Yellowing/f_aug_0_3549.jpeg,WCLWD_Yellowing
/home/sivabharathi/Documents/FinalYearProject/CocoCare/ml/data/raw/kaggle/WCLWD_Yellowing/WCLWD_Yellowing/f_aug_0_3775.jpeg,WCLWD_Yellowing
/home/sivabharathi/Documents/FinalYearProject/CocoCare/ml/data/raw/kaggle/CCI_Caterpillars/CCI_Caterpillars/CCI_10_48_jpg.rf.bdf174a509feb1d3cf06950d43108378.jpg,CCI_Caterpillars
/home/sivabharathi/Documents/FinalYearProject/CocoCare/ml/data/raw/kaggle/Healthy_Leaves/Healthy_Leaves/Healthy_leaf_78.jpg,Healthy_Leaves
/home/sivabharathi/Documents/FinalYearProject/CocoCare/ml/data/raw/kaggle/CCI_Caterpillars/CCI_Caterpillars/CCI_2_288_jpg.rf.63c985aed0d9e3c17d20400a9d20c1bf.jpg,CCI_Caterpillars
/home/sivabharathi/Documents/FinalYearProject/CocoCare/ml/data/raw/kaggle/CCI_Leaflets/CCI_Leaflets/IMG_2778.JPG,CCI_Leaflets
/home/sivabharathi/Documents/FinalYearProject/CocoCare/ml/data/raw/kaggle/WCLWD_Flaccidity/WCLWD_Flaccidity/f_aug_0_8791.jpeg,WCLWD_Flaccidity
/home/sivabharathi/Documents/FinalYearProject/CocoCare/ml/data/raw/kaggle/WCLWD_Flaccidity/WCLWD_Flaccidity/f_aug_0_6536.jpeg,WCLWD_Flaccidity
/home/sivabharathi/Documents/FinalYearProject/CocoCare/ml/data/raw/kaggle/CCI_Caterpillars/CCI_Caterpillars/CCI_8_32_jpg.rf.1feb67f2baf32cd367f66342d0195456.jpg,CCI_Caterpillars
/home/sivabharathi/Documents/FinalYearProject/CocoCare/ml/data/raw/kaggle/WCLWD_DryingofLeaflets/WCLWD_DryingofLeaflets/f_aug_0_3680.jpeg,WCLWD_DryingofLeaflets
/home/sivabharathi/Documents/FinalYearProject/CocoCare/ml/data/raw/kaggle/CCI_Leaflets/CCI_Leaflets/CCI_17__1_280.jpg,CCI_Leaflets
/home/sivabharathi/Documents/FinalYearProject/CocoCare/ml/data/raw/kaggle/CCI_Caterpillars/CCI_Caterpillars/CCI_1_486_jpg.rf.059d7c05d3d88c3772f305bfa00849f7.jpg,CCI_Caterpillars
/home/sivabharathi/Documents/FinalYearProject/CocoCare/ml/data/raw/kaggle/CCI_Leaflets/CCI_Leaflets/IMG_2827.JPG,CCI_Leaflets
/home/sivabharathi/Documents/FinalYearProject/CocoCare/ml/data/raw/kaggle/WCLWD_DryingofLeaflets/WCLWD_DryingofLeaflets/f_aug_0_8419.jpeg,WCLWD_DryingofLeaflets
/home/sivabharathi/Documents/FinalYearProject/CocoCare/ml/data/raw/kaggle/WCLWD_Yellowing/WCLWD_Yellowing/f_aug_0_936.jpeg,WCLWD_Yellowing
/home/sivabharathi/Documents/FinalYearProject/CocoCare/ml/data/raw/kaggle/CCI_Caterpillars/CCI_Caterpillars/CCI_1_260_jpg.rf.e2b9868f88c86bd0a8fa8cb5cbe64611.jpg,CCI_Caterpillars
/home/sivabharathi/Documents/FinalYearProject/CocoCare/ml/data/raw/kaggle/WCLWD_Yellowing/WCLWD_Yellowing/f_aug_0_8556.jpeg,WCLWD_Yellowing
/home/sivabharathi/Documents/FinalYearProject/CocoCare/ml/data/raw/kaggle/WCLWD_Yellowing/WCLWD_Yellowing/f_aug_0_7080.jpeg,WCLWD_Yellowing
/home/sivabharathi/Documents/FinalYearProject/CocoCare/ml/data/raw/kaggle/Healthy_Leaves/Healthy_Leaves/Healthy_leaf_17.jpg,Healthy_Leaves
/home/sivabharathi/Documents/FinalYearProject/CocoCare/ml/data/raw/kaggle/CCI_Caterpillars/CCI_Caterpillars/CCI_5_280_jpg.rf.a664d4dfe9138831c8bde4f1baca13ef.jpg,CCI_Caterpillars
/home/sivabharathi/Documents/FinalYearProject/CocoCare/ml/data/raw/kaggle/WCLWD_Flaccidity/WCLWD_Flaccidity/f_aug_0_5092.jpeg,WCLWD_Flaccidity
/home/sivabharathi/Documents/FinalYearProject/CocoCare/ml/data/raw/kaggle/WCLWD_Flaccidity/WCLWD_Flaccidity/f_aug_0_4697.jpeg,WCLWD_Flaccidity
/home/sivabharathi/Documents/FinalYearProject/CocoCare/ml/data/raw/kaggle/WCLWD_Yellowing/WCLWD_Yellowing/f_aug_0_2247.jpeg,WCLWD_Yellowing
/home/sivabharathi/Documents/FinalYearProject/CocoCare/ml/data/raw/kaggle/CCI_Caterpillars/CCI_Caterpillars/CCI_11_248_jpg.rf.0a87835cd9d98ce2d228be2a83183168.jpg,CCI_Caterpillars
/home/sivabharathi/Documents/FinalYearProject/CocoCare/ml/data/raw/kaggle/WCLWD_Yellowing/WCLWD_Yellowing/f_aug_0_7886.jpeg,WCLWD_Yellowing
/home/sivabharathi/Documents/FinalYearProject/CocoCare/ml/data/raw/kaggle/WCLWD_Flaccidity/WCLWD_Flaccidity/f_aug_0_6056.jpeg,WCLWD_Flaccidity
/home/sivabharathi/Documents/FinalYearProject/CocoCare/ml/data/raw/kaggle/WCLWD_DryingofLeaflets/WCLWD_DryingofLeaflets/f_aug_0_6286.jpeg,WCLWD_DryingofLeaflets
/home/sivabharathi/Documents/FinalYearProject/CocoCare/ml/data/raw/kaggle/CCI_Leaflets/CCI_Leaflets/CCI_02__1_440.jpg,CCI_Leaflets
/home/sivabharathi/Documents/FinalYearProject/CocoCare/ml/data/raw/kaggle/WCLWD_DryingofLeaflets/WCLWD_DryingofLeaflets/f_aug_0_2848.jpeg,WCLWD_DryingofLeaflets
/home/sivabharathi/Documents/FinalYearProject/CocoCare/ml/data/raw/kaggle/WCLWD_Yellowing/WCLWD_Yellowing/f_aug_0_2572.jpeg,WCLWD_Yellowing
/home/sivabharathi/Documents/FinalYearProject/CocoCare/ml/data/raw/kaggle/WCLWD_Yellowing/WCLWD_Yellowing/f_aug_0_9369.jpeg,WCLWD_Yellowing
/home/sivabharathi/Documents/FinalYearProject/CocoCare/ml/data/raw/kaggle/WCLWD_DryingofLeaflets/WCLWD_DryingofLeaflets/f_aug_0_6445.jpeg,WCLWD_DryingofLeaflets
/home/sivabharathi/Documents/FinalYearProject/CocoCare/ml/data/raw/kaggle/WCLWD_Flaccidity/WCLWD_Flaccidity/f_aug_0_9438.jpeg,WCLWD_Flaccidity
/home/sivabharathi/Documents/FinalYearProject/CocoCare/ml/data/raw/kaggle/WCLWD_Yellowing/WCLWD_Yellowing/f_aug_0_4850.jpeg,WCLWD_Yellowing
/home/sivabharathi/Documents/FinalYearProject/CocoCare/ml/data/raw/kaggle/WCLWD_Flaccidity/WCLWD_Flaccidity/f_aug_0_4101.jpeg,WCLWD_Flaccidity
/home/sivabharathi/Documents/FinalYearProject/CocoCare/ml/data/raw/kaggle/WCLWD_Yellowing/WCLWD_Yellowing/f_aug_0_8759.jpeg,WCLWD_Yellowing
/home/sivabharathi/Documents/FinalYearProject/CocoCare/ml/data/raw/kaggle/WCLWD_Flaccidity/WCLWD_Flaccidity/f_aug_0_8990.jpeg,WCLWD_Flaccidity
/home/sivabharathi/Documents/FinalYearProject/CocoCare/ml/data/raw/kaggle/WCLWD_DryingofLeaflets/WCLWD_DryingofLeaflets/f_aug_0_7879.jpeg,WCLWD_DryingofLeaflets
/home/sivabharathi/Documents/FinalYearProject/CocoCare/ml/data/raw/kaggle/CCI_Leaflets/CCI_Leaflets/CCI_15__1_460.jpg,CCI_Leaflets
/home/sivabharathi/Documents/FinalYearProject/CocoCare/ml/data/raw/kaggle/WCLWD_DryingofLeaflets/WCLWD_DryingofLeaflets/f_aug_0_3011.jpeg,WCLWD_DryingofLeaflets
/home/sivabharathi/Documents/FinalYearProject/CocoCare/ml/data/raw/kaggle/WCLWD_DryingofLeaflets/WCLWD_DryingofLeaflets/f_aug_0_7668.jpeg,WCLWD_DryingofLeaflets
/home/sivabharathi/Documents/FinalYearProject/CocoCare/ml/data/raw/kaggle/CCI_Caterpillars/CCI_Caterpillars/CCI_9_256_jpg.rf.8ea28ab53587e4ffd20cd3210ef674b2.jpg,CCI_Caterpillars
/home/sivabharathi/Documents/FinalYearProject/CocoCare/ml/data/raw/kaggle/WCLWD_Yellowing/WCLWD_Yellowing/f_aug_0_2742.jpeg,WCLWD_Yellowing
/home/sivabharathi/Documents/FinalYearProject/CocoCare/ml/data/raw/kaggle/CCI_Leaflets/CCI_Leaflets/IMG_2762.JPG,CCI_Leaflets
/home/sivabharathi/Documents/FinalYearProject/CocoCare/ml/data/raw/kaggle/CCI_Leaflets/CCI_Leaflets/IMG_2552.JPG,CCI_Leaflets
/home/sivabharathi/Documents/FinalYearProject/CocoCare/ml/data/raw/kaggle/WCLWD_Flaccidity/WCLWD_Flaccidity/f_aug_0_8286.jpeg,WCLWD_Flaccidity
/home/sivabharathi/Documents/FinalYearProject/CocoCare/ml/data/raw/kaggle/Healthy_Leaves/Healthy_Leaves/Healthy_leaf_89.jpg,Healthy_Leaves
/home/sivabharathi/Documents/FinalYearProject/CocoCare/ml/data/raw/kaggle/WCLWD_Flaccidity/WCLWD_Flaccidity/f_aug_0_5544.jpeg,WCLWD_Flaccidity
/home/sivabharathi/Documents/FinalYearProject/CocoCare/ml/data/raw/kaggle/Healthy_Leaves/Healthy_Leaves/Healthy_leaf_87.jpg,Healthy_Leaves
/home/sivabharathi/Documents/FinalYearProject/CocoCare/ml/data/raw/kaggle/CCI_Leaflets/CCI_Leaflets/CCI_06__1_1000.jpg,CCI_Leaflets
/home/sivabharathi/Documents/FinalYearProject/CocoCare/ml/data/raw/kaggle/WCLWD_DryingofLeaflets/WCLWD_DryingofLeaflets/f_aug_0_7115.jpeg,WCLWD_DryingofLeaflets
/home/sivabharathi/Documents/FinalYearProject/CocoCare/ml/data/raw/kaggle/WCLWD_Flaccidity/WCLWD_Flaccidity/f_aug_0_4172.jpeg,WCLWD_Flaccidity
/home/sivabharathi/Documents/FinalYearProject/CocoCare/ml/data/raw/kaggle/WCLWD_DryingofLeaflets/WCLWD_DryingofLeaflets/f_aug_0_900.jpeg,WCLWD_DryingofLeaflets
/home/sivabharathi/Documents/FinalYearProject/CocoCare/ml/data/raw/kaggle/WCLWD_Flaccidity/WCLWD_Flaccidity/f_aug_0_9626.jpeg,WCLWD_Flaccidity
/home/sivabharathi/Documents/FinalYearProject/CocoCare/ml/data/raw/kaggle/CCI_Caterpillars/CCI_Caterpillars/CCI_8_24_jpg.rf.ab0f2500c98b8b8bdbb6226f44ef748a.jpg,CCI_Caterpillars
/home/sivabharathi/Documents/FinalYearProject/CocoCare/ml/data/raw/kaggle/WCLWD_Yellowing/WCLWD_Yellowing/f_aug_0_6131.jpeg,WCLWD_Yellowing
/home/sivabharathi/Documents/FinalYearProject/CocoCare/ml/data/raw/kaggle/WCLWD_Yellowing/WCLWD_Yellowing/f_aug_0_1012.jpeg,WCLWD_Yellowing
/home/sivabharathi/Documents/FinalYearProject/CocoCare/ml/data/raw/kaggle/WCLWD_DryingofLeaflets/WCLWD_DryingofLeaflets/f_aug_0_4089.jpeg,WCLWD_DryingofLeaflets
/home/sivabharathi/Documents/FinalYearProject/CocoCare/ml/data/raw/kaggle/WCLWD_DryingofLeaflets/WCLWD_DryingofLeaflets/f_aug_0_9633.jpeg,WCLWD_DryingofLeaflets
/home/sivabharathi/Documents/FinalYearProject/CocoCare/ml/data/raw/kaggle/WCLWD_Yellowing/WCLWD_Yellowing/f_aug_0_9236.jpeg,WCLWD_Yellowing
/home/sivabharathi/Documents/FinalYearProject/CocoCare/ml/data/raw/kaggle/Healthy_Leaves/Healthy_Leaves/Healthy_leaf_52.jpg,Healthy_Leaves
/home/sivabharathi/Documents/FinalYearProject/CocoCare/ml/data/raw/kaggle/CCI_Caterpillars/CCI_Caterpillars/CCI_8_56_jpg.rf.fa71104ef707b0ea397274e750f2915f.jpg,CCI_Caterpillars
/home/sivabharathi/Documents/FinalYearProject/CocoCare/ml/data/raw/kaggle/WCLWD_Yellowing/WCLWD_Yellowing/f_aug_0_7728.jpeg,WCLWD_Yellowing
/home/sivabharathi/Documents/FinalYearProject/CocoCare/ml/data/raw/kaggle/CCI_Leaflets/CCI_Leaflets/IMG_2768.JPG,CCI_Leaflets
/home/sivabharathi/Documents/FinalYearProject/CocoCare/ml/data/raw/kaggle/Healthy_Leaves/Healthy_Leaves/Healthy_leaf_107.jpg,Healthy_Leaves
/home/sivabharathi/Documents/FinalYearProject/CocoCare/ml/data/raw/kaggle/CCI_Caterpillars/CCI_Caterpillars/CCI_5_288_jpg.rf.b877a1c14cd11718530c4eccb667e07a.jpg,CCI_Caterpillars
/home/sivabharathi/Documents/FinalYearProject/CocoCare/ml/data/raw/kaggle/WCLWD_DryingofLeaflets/WCLWD_DryingofLeaflets/f_aug_0_8409.jpeg,WCLWD_DryingofLeaflets
/home/sivabharathi/Documents/FinalYearProject/CocoCare/ml/data/raw/kaggle/CCI_Caterpillars/CCI_Caterpillars/CCI_8_280_jpg.rf.84200fd1d12752eece2fd949cfb8884b.jpg,CCI_Caterpillars
/home/sivabharathi/Documents/FinalYearProject/CocoCare/ml/data/raw/kaggle/CCI_Leaflets/CCI_Leaflets/IMG_2753.JPG,CCI_Leaflets
/home/sivabharathi/Documents/FinalYearProject/CocoCare/ml/data/raw/kaggle/WCLWD_Yellowing/WCLWD_Yellowing/f_aug_0_3160.jpeg,WCLWD_Yellowing
/home/sivabharathi/Documents/FinalYearProject/CocoCare/ml/data/raw/kaggle/CCI_Caterpillars/CCI_Caterpillars/CCI_9_256_jpg.rf.55a1e55e1da736c435a5aaed444b4368.jpg,CCI_Caterpillars
/home/sivabharathi/Documents/FinalYearProject/CocoCare/ml/data/raw/kaggle/CCI_Leaflets/CCI_Leaflets/IMG_2728.JPG,CCI_Leaflets
/home/sivabharathi/Documents/FinalYearProject/CocoCare/ml/data/raw/kaggle/WCLWD_Yellowing/WCLWD_Yellowing/f_aug_0_3671.jpeg,WCLWD_Yellowing
/home/sivabharathi/Documents/FinalYearProject/CocoCare/ml/data/raw/kaggle/WCLWD_Yellowing/WCLWD_Yellowing/f_aug_0_2964.jpeg,WCLWD_Yellowing
/home/sivabharathi/Documents/FinalYearProject/CocoCare/ml/data/raw/kaggle/CCI_Caterpillars/CCI_Caterpillars/CCI_1_260_jpg.rf.f9d3cd960443cdeabf8bdaabf42173d9.jpg,CCI_Caterpillars
/home/sivabharathi/Documents/FinalYearProject/CocoCare/ml/data/raw/kaggle/WCLWD_DryingofLeaflets/WCLWD_DryingofLeaflets/f_aug_0_2019.jpeg,WCLWD_DryingofLeaflets
/home/sivabharathi/Documents/FinalYearProject/CocoCare/ml/data/raw/kaggle/WCLWD_DryingofLeaflets/WCLWD_DryingofLeaflets/f_aug_0_6274.jpeg,WCLWD_DryingofLeaflets
/home/sivabharathi/Documents/FinalYearProject/CocoCare/ml/data/raw/kaggle/CCI_Leaflets/CCI_Leaflets/CCI_06__1_420.jpg,CCI_Leaflets
/home/sivabharathi/Documents/FinalYearProject/CocoCare/ml/data/raw/kaggle/CCI_Leaflets/CCI_Leaflets/CCI_11__1_620.jpg,CCI_Leaflets
/home/sivabharathi/Documents/FinalYearProject/CocoCare/ml/data/raw/kaggle/WCLWD_Flaccidity/WCLWD_Flaccidity/f_aug_0_6372.jpeg,WCLWD_Flaccidity
/home/sivabharathi/Documents/FinalYearProject/CocoCare/ml/data/raw/kaggle/WCLWD_Flaccidity/WCLWD_Flaccidity/f_aug_0_1239.jpeg,WCLWD_Flaccidity
/home/sivabharathi/Documents/FinalYearProject/CocoCare/ml/data/raw/kaggle/WCLWD_DryingofLeaflets/WCLWD_DryingofLeaflets/f_aug_0_4881.jpeg,WCLWD_DryingofLeaflets
/home/sivabharathi/Documents/FinalYearProject/CocoCare/ml/data/raw/kaggle/CCI_Caterpillars/CCI_Caterpillars/CCI_2_65_jpg.rf.139cf93172b1801ced04df2fcf5b97c4.jpg,CCI_Caterpillars
/home/sivabharathi/Documents/FinalYearProject/CocoCare/ml/data/raw/kaggle/CCI_Leaflets/CCI_Leaflets/CCI_16__1_260.jpg,CCI_Leaflets
/home/sivabharathi/Documents/FinalYearProject/CocoCare/ml/data/raw/kaggle/WCLWD_Yellowing/WCLWD_Yellowing/f_aug_0_5562.jpeg,WCLWD_Yellowing
/home/sivabharathi/Documents/FinalYearProject/CocoCare/ml/data/raw/kaggle/WCLWD_Yellowing/WCLWD_Yellowing/f_aug_0_9106.jpeg,WCLWD_Yellowing
/home/sivabharathi/Documents/FinalYearProject/CocoCare/ml/data/raw/kaggle/CCI_Leaflets/CCI_Leaflets/CCI_11__1_200.jpg,CCI_Leaflets
/home/sivabharathi/Documents/FinalYearProject/CocoCare/ml/data/raw/kaggle/WCLWD_Yellowing/WCLWD_Yellowing/f_aug_0_6907.jpeg,WCLWD_Yellowing
/home/sivabharathi/Documents/FinalYearProject/CocoCare/ml/data/raw/kaggle/WCLWD_Flaccidity/WCLWD_Flaccidity/f_aug_0_5011.jpeg,WCLWD_Flaccidity
/home/sivabharathi/Documents/FinalYearProject/CocoCare/ml/data/raw/kaggle/WCLWD_Flaccidity/WCLWD_Flaccidity/f_aug_0_4274.jpeg,WCLWD_Flaccidity
/home/sivabharathi/Documents/FinalYearProject/CocoCare/ml/data/raw/kaggle/CCI_Leaflets/CCI_Leaflets/CCI_14__1_920.jpg,CCI_Leaflets
/home/sivabharathi/Documents/FinalYearProject/CocoCare/ml/data/raw/kaggle/CCI_Caterpillars/CCI_Caterpillars/CCI_1_542_jpg.rf.f456c54b8bb0076b2a02e00ed30f7428.jpg,CCI_Caterpillars
/home/sivabharathi/Documents/FinalYearProject/CocoCare/ml/data/raw/kaggle/CCI_Caterpillars/CCI_Caterpillars/CCI_11_296_jpg.rf.a4b941e6269b21cebfdd00c4ac56b194.jpg,CCI_Caterpillars
/home/sivabharathi/Documents/FinalYearProject/CocoCare/ml/data/raw/kaggle/CCI_Caterpillars/CCI_Caterpillars/CCI_4_104_jpg.rf.a8b491a67e620687c31cabe6f2b92491.jpg,CCI_Caterpillars
/home/sivabharathi/Documents/FinalYearProject/CocoCare/ml/data/raw/kaggle/WCLWD_Flaccidity/WCLWD_Flaccidity/f_aug_0_4285.jpeg,WCLWD_Flaccidity
/home/sivabharathi/Documents/FinalYearProject/CocoCare/ml/data/raw/kaggle/WCLWD_DryingofLeaflets/WCLWD_DryingofLeaflets/f_aug_0_797.jpeg,WCLWD_DryingofLeaflets
/home/sivabharathi/Documents/FinalYearProject/CocoCare/ml/data/raw/kaggle/CCI_Caterpillars/CCI_Caterpillars/CCI_2_248_jpg.rf.08e91d8f0321fc1334d81146d57e0f25.jpg,CCI_Caterpillars
/home/sivabharathi/Documents/FinalYearProject/CocoCare/ml/data/raw/kaggle/CCI_Caterpillars/CCI_Caterpillars/CCI_1_26_jpg.rf.fbadd882ef1fc987997b9d3117e9c3bf.jpg,CCI_Caterpillars
/home/sivabharathi/Documents/FinalYearProject/CocoCare/ml/data/raw/kaggle/WCLWD_Yellowing/WCLWD_Yellowing/f_aug_0_3082.jpeg,WCLWD_Yellowing
/home/sivabharathi/Documents/FinalYearProject/CocoCare/ml/data/raw/kaggle/CCI_Caterpillars/CCI_Caterpillars/CCI_9_424_jpg.rf.8b19387ecc21ae279b4c579107a8eceb.jpg,CCI_Caterpillars
/home/sivabharathi/Documents/FinalYearProject/CocoCare/ml/data/raw/kaggle/WCLWD_DryingofLeaflets/WCLWD_DryingofLeaflets/f_aug_0_3881.jpeg,WCLWD_DryingofLeaflets
/home/sivabharathi/Documents/FinalYearProject/CocoCare/ml/data/raw/kaggle/WCLWD_Yellowing/WCLWD_Yellowing/f_aug_0_2507.jpeg,WCLWD_Yellowing
/home/sivabharathi/Documents/FinalYearProject/CocoCare/ml/data/raw/kaggle/WCLWD_Flaccidity/WCLWD_Flaccidity/f_aug_0_4221.jpeg,WCLWD_Flaccidity
/home/sivabharathi/Documents/FinalYearProject/CocoCare/ml/data/raw/kaggle/WCLWD_Flaccidity/WCLWD_Flaccidity/f_aug_0_3808.jpeg,WCLWD_Flaccidity
/home/sivabharathi/Documents/FinalYearProject/CocoCare/ml/data/raw/kaggle/WCLWD_Flaccidity/WCLWD_Flaccidity/f_aug_0_5371.jpeg,WCLWD_Flaccidity
/home/sivabharathi/Documents/FinalYearProject/CocoCare/ml/data/raw/kaggle/WCLWD_Yellowing/WCLWD_Yellowing/f_aug_0_4655.jpeg,WCLWD_Yellowing
/home/sivabharathi/Documents/FinalYearProject/CocoCare/ml/data/raw/kaggle/WCLWD_Flaccidity/WCLWD_Flaccidity/f_aug_0_5910.jpeg,WCLWD_Flaccidity
/home/sivabharathi/Documents/FinalYearProject/CocoCare/ml/data/raw/kaggle/WCLWD_Flaccidity/WCLWD_Flaccidity/f_aug_0_1101.jpeg,WCLWD_Flaccidity
/home/sivabharathi/Documents/FinalYearProject/CocoCare/ml/data/raw/kaggle/CCI_Leaflets/CCI_Leaflets/IMG_2541.JPG,CCI_Leaflets
/home/sivabharathi/Documents/FinalYearProject/CocoCare/ml/data/raw/kaggle/CCI_Caterpillars/CCI_Caterpillars/CCI_3_120_jpg.rf.d911574bd36c84b4ba5ec46fead2889c.jpg,CCI_Caterpillars
/home/sivabharathi/Documents/FinalYearProject/CocoCare/ml/data/raw/kaggle/CCI_Caterpillars/CCI_Caterpillars/CCI_9_376_jpg.rf.b729a5716bd498c499d74f4a30cd49ff.jpg,CCI_Caterpillars
/home/sivabharathi/Documents/FinalYearProject/CocoCare/ml/data/raw/kaggle/WCLWD_Flaccidity/WCLWD_Flaccidity/f_aug_0_7284.jpeg,WCLWD_Flaccidity
/home/sivabharathi/Documents/FinalYearProject/CocoCare/ml/data/raw/kaggle/WCLWD_Yellowing/WCLWD_Yellowing/f_aug_0_3218.jpeg,WCLWD_Yellowing
/home/sivabharathi/Documents/FinalYearProject/CocoCare/ml/data/raw/kaggle/CCI_Caterpillars/CCI_Caterpillars/CCI_10_24_jpg.rf.a1e3fd96b931404f67911ec1f39d6c63.jpg,CCI_Caterpillars
/home/sivabharathi/Documents/FinalYearProject/CocoCare/ml/data/raw/kaggle/CCI_Leaflets/CCI_Leaflets/CCI_03__1_960.jpg,CCI_Leaflets
/home/sivabharathi/Documents/FinalYearProject/CocoCare/ml/data/raw/kaggle/WCLWD_DryingofLeaflets/WCLWD_DryingofLeaflets/f_aug_0_2412.jpeg,WCLWD_DryingofLeaflets
/home/sivabharathi/Documents/FinalYearProject/CocoCare/ml/data/raw/kaggle/WCLWD_DryingofLeaflets/WCLWD_DryingofLeaflets/f_aug_0_2488.jpeg,WCLWD_DryingofLeaflets
/home/sivabharathi/Documents/FinalYearProject/CocoCare/ml/data/raw/kaggle/WCLWD_Flaccidity/WCLWD_Flaccidity/f_aug_0_8998.jpeg,WCLWD_Flaccidity
/home/sivabharathi/Documents/FinalYearProject/CocoCare/ml/data/raw/kaggle/CCI_Caterpillars/CCI_Caterpillars/CCI_7_72_jpg.rf.fb117d6022580593ac10217b38e26d9b.jpg,CCI_Caterpillars
/home/sivabharathi/Documents/FinalYearProject/CocoCare/ml/data/raw/kaggle/WCLWD_DryingofLeaflets/WCLWD_DryingofLeaflets/f_aug_0_1627.jpeg,WCLWD_DryingofLeaflets
/home/sivabharathi/Documents/FinalYearProject/CocoCare/ml/data/raw/kaggle/WCLWD_DryingofLeaflets/WCLWD_DryingofLeaflets/f_aug_0_6355.jpeg,WCLWD_DryingofLeaflets
/home/sivabharathi/Documents/FinalYearProject/CocoCare/ml/data/raw/kaggle/CCI_Leaflets/CCI_Leaflets/CCI_02__1_960.jpg,CCI_Leaflets
/home/sivabharathi/Documents/FinalYearProject/CocoCare/ml/data/raw/kaggle/WCLWD_Flaccidity/WCLWD_Flaccidity/f_aug_0_5494.jpeg,WCLWD_Flaccidity
/home/sivabharathi/Documents/FinalYearProject/CocoCare/ml/data/raw/kaggle/CCI_Caterpillars/CCI_Caterpillars/CCI_11_320_jpg.rf.9a4dae77f2f634f2199e74a45939f012.jpg,CCI_Caterpillars
/home/sivabharathi/Documents/FinalYearProject/CocoCare/ml/data/raw/kaggle/WCLWD_DryingofLeaflets/WCLWD_DryingofLeaflets/f_aug_0_2687.jpeg,WCLWD_DryingofLeaflets
/home/sivabharathi/Documents/FinalYearProject/CocoCare/ml/data/raw/kaggle/CCI_Caterpillars/CCI_Caterpillars/CCI_8_88_jpg.rf.edd8a41919327a2beddc8dee563bca92.jpg,CCI_Caterpillars
/home/sivabharathi/Documents/FinalYearProject/CocoCare/ml/data/raw/kaggle/CCI_Caterpillars/CCI_Caterpillars/CCI_12_288_jpg.rf.2c0c566cc37fcbbde35931b5cc4474f0.jpg,CCI_Caterpillars
/home/sivabharathi/Documents/FinalYearProject/CocoCare/ml/data/raw/kaggle/WCLWD_Flaccidity/WCLWD_Flaccidity/f_aug_0_5846.jpeg,WCLWD_Flaccidity
/home/sivabharathi/Documents/FinalYearProject/CocoCare/ml/data/raw/kaggle/CCI_Caterpillars/CCI_Caterpillars/CCI_3_15_jpg.rf.abb402d15b11d903021ec712d9157446.jpg,CCI_Caterpillars
/home/sivabharathi/Documents/FinalYearProject/CocoCare/ml/data/raw/kaggle/WCLWD_Yellowing/WCLWD_Yellowing/f_aug_0_2971.jpeg,WCLWD_Yellowing
/home/sivabharathi/Documents/FinalYearProject/CocoCare/ml/data/raw/kaggle/WCLWD_Flaccidity/WCLWD_Flaccidity/f_aug_0_523.jpeg,WCLWD_Flaccidity
/home/sivabharathi/Documents/FinalYearProject/CocoCare/ml/data/raw/kaggle/WCLWD_Flaccidity/WCLWD_Flaccidity/f_aug_0_8413.jpeg,WCLWD_Flaccidity
/home/sivabharathi/Documents/FinalYearProject/CocoCare/ml/data/raw/kaggle/WCLWD_Yellowing/WCLWD_Yellowing/DSC_0159.JPG,WCLWD_Yellowing
/home/sivabharathi/Documents/FinalYearProject/CocoCare/ml/data/raw/kaggle/WCLWD_DryingofLeaflets/WCLWD_DryingofLeaflets/f_aug_0_1858.jpeg,WCLWD_DryingofLeaflets
/home/sivabharathi/Documents/FinalYearProject/CocoCare/ml/data/raw/kaggle/CCI_Leaflets/CCI_Leaflets/CCI_02__1_1080.jpg,CCI_Leaflets
/home/sivabharathi/Documents/FinalYearProject/CocoCare/ml/data/raw/kaggle/WCLWD_DryingofLeaflets/WCLWD_DryingofLeaflets/f_aug_0_6828.jpeg,WCLWD_DryingofLeaflets
/home/sivabharathi/Documents/FinalYearProject/CocoCare/ml/data/raw/kaggle/WCLWD_DryingofLeaflets/WCLWD_DryingofLeaflets/f_aug_0_9214.jpeg,WCLWD_DryingofLeaflets
/home/sivabharathi/Documents/FinalYearProject/CocoCare/ml/data/raw/kaggle/WCLWD_Flaccidity/WCLWD_Flaccidity/f_aug_0_1719.jpeg,WCLWD_Flaccidity
/home/sivabharathi/Documents/FinalYearProject/CocoCare/ml/data/raw/kaggle/CCI_Caterpillars/CCI_Caterpillars/CCI_2_90_jpg.rf.9ffca3f8b33506102608c685805dc533.jpg,CCI_Caterpillars
/home/sivabharathi/Documents/FinalYearProject/CocoCare/ml/data/raw/kaggle/CCI_Caterpillars/CCI_Caterpillars/CCI_2_65_jpg.rf.7b3f171317748f0302e9872ee786cb3e.jpg,CCI_Caterpillars
/home/sivabharathi/Documents/FinalYearProject/CocoCare/ml/data/raw/kaggle/WCLWD_DryingofLeaflets/WCLWD_DryingofLeaflets/f_aug_0_7632.jpeg,WCLWD_DryingofLeaflets
/home/sivabharathi/Documents/FinalYearProject/CocoCare/ml/data/raw/kaggle/CCI_Caterpillars/CCI_Caterpillars/CCI_3_95_jpg.rf.8496a4a03073a2dd2e7d9d3e389845ea.jpg,CCI_Caterpillars
/home/sivabharathi/Documents/FinalYearProject/CocoCare/ml/data/raw/kaggle/WCLWD_DryingofLeaflets/WCLWD_DryingofLeaflets/f_aug_0_7852.jpeg,WCLWD_DryingofLeaflets
/home/sivabharathi/Documents/FinalYearProject/CocoCare/ml/data/raw/kaggle/WCLWD_Yellowing/WCLWD_Yellowing/f_aug_0_1795.jpeg,WCLWD_Yellowing
/home/sivabharathi/Documents/FinalYearProject/CocoCare/ml/data/raw/kaggle/WCLWD_DryingofLeaflets/WCLWD_DryingofLeaflets/f_aug_0_3238.jpeg,WCLWD_DryingofLeaflets
/home/sivabharathi/Documents/FinalYearProject/CocoCare/ml/data/raw/kaggle/WCLWD_DryingofLeaflets/WCLWD_DryingofLeaflets/f_aug_0_5321.jpeg,WCLWD_DryingofLeaflets
/home/sivabharathi/Documents/FinalYearProject/CocoCare/ml/data/raw/kaggle/WCLWD_Flaccidity/WCLWD_Flaccidity/f_aug_0_5058.jpeg,WCLWD_Flaccidity
/home/sivabharathi/Documents/FinalYearProject/CocoCare/ml/data/raw/kaggle/WCLWD_DryingofLeaflets/WCLWD_DryingofLeaflets/f_aug_0_8912.jpeg,WCLWD_DryingofLeaflets
/home/sivabharathi/Documents/FinalYearProject/CocoCare/ml/data/raw/kaggle/WCLWD_DryingofLeaflets/WCLWD_DryingofLeaflets/f_aug_0_2118.jpeg,WCLWD_DryingofLeaflets
/home/sivabharathi/Documents/FinalYearProject/CocoCare/ml/data/raw/kaggle/WCLWD_DryingofLeaflets/WCLWD_DryingofLeaflets/f_aug_0_4354.jpeg,WCLWD_DryingofLeaflets
/home/sivabharathi/Documents/FinalYearProject/CocoCare/ml/data/raw/kaggle/CCI_Leaflets/CCI_Leaflets/CCI_02__1_1840.jpg,CCI_Leaflets
/home/sivabharathi/Documents/FinalYearProject/CocoCare/ml/data/raw/kaggle/WCLWD_Yellowing/WCLWD_Yellowing/f_aug_0_3574.jpeg,WCLWD_Yellowing
/home/sivabharathi/Documents/FinalYearProject/CocoCare/ml/data/raw/kaggle/CCI_Leaflets/CCI_Leaflets/CCI_07__1_1060.jpg,CCI_Leaflets
/home/sivabharathi/Documents/FinalYearProject/CocoCare/ml/data/raw/kaggle/CCI_Caterpillars/CCI_Caterpillars/CCI_5_368_jpg.rf.f2242986636ea81a76f05d202f44cfe0.jpg,CCI_Caterpillars
/home/sivabharathi/Documents/FinalYearProject/CocoCare/ml/data/raw/kaggle/WCLWD_Flaccidity/WCLWD_Flaccidity/f_aug_0_5251.jpeg,WCLWD_Flaccidity
/home/sivabharathi/Documents/FinalYearProject/CocoCare/ml/data/raw/kaggle/WCLWD_Flaccidity/WCLWD_Flaccidity/f_aug_0_7040.jpeg,WCLWD_Flaccidity
/home/sivabharathi/Documents/FinalYearProject/CocoCare/ml/data/raw/kaggle/WCLWD_Yellowing/WCLWD_Yellowing/f_aug_0_6532.jpeg,WCLWD_Yellowing
/home/sivabharathi/Documents/FinalYearProject/CocoCare/ml/data/raw/kaggle/WCLWD_Yellowing/WCLWD_Yellowing/f_aug_0_7529.jpeg,WCLWD_Yellowing
/home/sivabharathi/Documents/FinalYearProject/CocoCare/ml/data/raw/kaggle/WCLWD_DryingofLeaflets/WCLWD_DryingofLeaflets/f_aug_0_3947.jpeg,WCLWD_DryingofLeaflets
/home/sivabharathi/Documents/FinalYearProject/CocoCare/ml/data/raw/kaggle/WCLWD_Yellowing/WCLWD_Yellowing/f_aug_0_5401.jpeg,WCLWD_Yellowing
/home/sivabharathi/Documents/FinalYearProject/CocoCare/ml/data/raw/kaggle/WCLWD_Flaccidity/WCLWD_Flaccidity/f_aug_0_1005.jpeg,WCLWD_Flaccidity
/home/sivabharathi/Documents/FinalYearProject/CocoCare/ml/data/raw/kaggle/CCI_Leaflets/CCI_Leaflets/CCI_02__1_600.jpg,CCI_Leaflets
/home/sivabharathi/Documents/FinalYearProject/CocoCare/ml/data/raw/kaggle/CCI_Caterpillars/CCI_Caterpillars/CCI_8_176_jpg.rf.299d047efcdfa372aa91bc621caa7661.jpg,CCI_Caterpillars
/home/sivabharathi/Documents/FinalYearProject/CocoCare/ml/data/raw/kaggle/WCLWD_DryingofLeaflets/WCLWD_DryingofLeaflets/f_aug_0_2962.jpeg,WCLWD_DryingofLeaflets
/home/sivabharathi/Documents/FinalYearProject/CocoCare/ml/data/raw/kaggle/CCI_Caterpillars/CCI_Caterpillars/CCI_1_534_jpg.rf.28b0248a0e5815c1d23db35ddc914b24.jpg,CCI_Caterpillars
/home/sivabharathi/Documents/FinalYearProject/CocoCare/ml/data/raw/kaggle/WCLWD_Flaccidity/WCLWD_Flaccidity/f_aug_0_4620.jpeg,WCLWD_Flaccidity
/home/sivabharathi/Documents/FinalYearProject/CocoCare/ml/data/raw/kaggle/WCLWD_Flaccidity/WCLWD_Flaccidity/f_aug_0_2102.jpeg,WCLWD_Flaccidity
/home/sivabharathi/Documents/FinalYearProject/CocoCare/ml/data/raw/kaggle/WCLWD_Yellowing/WCLWD_Yellowing/f_aug_0_5303.jpeg,WCLWD_Yellowing
/home/sivabharathi/Documents/FinalYearProject/CocoCare/ml/data/raw/kaggle/WCLWD_Yellowing/WCLWD_Yellowing/f_aug_0_3855.jpeg,WCLWD_Yellowing
/home/sivabharathi/Documents/FinalYearProject/CocoCare/ml/data/raw/kaggle/WCLWD_DryingofLeaflets/WCLWD_DryingofLeaflets/f_aug_0_448.jpeg,WCLWD_DryingofLeaflets
/home/sivabharathi/Documents/FinalYearProject/CocoCare/ml/data/raw/kaggle/CCI_Caterpillars/CCI_Caterpillars/CCI_1_524_jpg.rf.028e0bdf963953cb53bf575824b82a42.jpg,CCI_Caterpillars
/home/sivabharathi/Documents/FinalYearProject/CocoCare/ml/data/raw/kaggle/CCI_Leaflets/CCI_Leaflets/CCI_05__1_300.jpg,CCI_Leaflets
/home/sivabharathi/Documents/FinalYearProject/CocoCare/ml/data/raw/kaggle/WCLWD_DryingofLeaflets/WCLWD_DryingofLeaflets/f_aug_0_447.jpeg,WCLWD_DryingofLeaflets
/home/sivabharathi/Documents/FinalYearProject/CocoCare/ml/data/raw/kaggle/WCLWD_Yellowing/WCLWD_Yellowing/f_aug_0_1940.jpeg,WCLWD_Yellowing
/home/sivabharathi/Documents/FinalYearProject/CocoCare/ml/data/raw/kaggle/WCLWD_Yellowing/WCLWD_Yellowing/f_aug_0_1451.jpeg,WCLWD_Yellowing
/home/sivabharathi/Documents/FinalYearProject/CocoCare/ml/data/raw/kaggle/WCLWD_Flaccidity/WCLWD_Flaccidity/DSC_0105.JPG,WCLWD_Flaccidity
/home/sivabharathi/Documents/FinalYearProject/CocoCare/ml/data/raw/kaggle/CCI_Leaflets/CCI_Leaflets/CCI_13__1_220.jpg,CCI_Leaflets
/home/sivabharathi/Documents/FinalYearProject/CocoCare/ml/data/raw/kaggle/WCLWD_Yellowing/WCLWD_Yellowing/f_aug_0_3368.jpeg,WCLWD_Yellowing
/home/sivabharathi/Documents/FinalYearProject/CocoCare/ml/data/raw/kaggle/WCLWD_Yellowing/WCLWD_Yellowing/f_aug_0_3143.jpeg,WCLWD_Yellowing
/home/sivabharathi/Documents/FinalYearProject/CocoCare/ml/data/raw/kaggle/CCI_Caterpillars/CCI_Caterpillars/CCI_1_26_jpg.rf.d14b2b0861f0b77adfb4947c8259f87a.jpg,CCI_Caterpillars
/home/sivabharathi/Documents/FinalYearProject/CocoCare/ml/data/raw/kaggle/WCLWD_Flaccidity/WCLWD_Flaccidity/f_aug_0_1315.jpeg,WCLWD_Flaccidity
/home/sivabharathi/Documents/FinalYearProject/CocoCare/ml/data/raw/kaggle/WCLWD_Flaccidity/WCLWD_Flaccidity/f_aug_0_2273.jpeg,WCLWD_Flaccidity
/home/sivabharathi/Documents/FinalYearProject/CocoCare/ml/data/raw/kaggle/WCLWD_DryingofLeaflets/WCLWD_DryingofLeaflets/f_aug_0_511.jpeg,WCLWD_DryingofLeaflets
/home/sivabharathi/Documents/FinalYearProject/CocoCare/ml/data/raw/kaggle/WCLWD_Flaccidity/WCLWD_Flaccidity/f_aug_0_6825.jpeg,WCLWD_Flaccidity
/home/sivabharathi/Documents/FinalYearProject/CocoCare/ml/data/raw/kaggle/WCLWD_DryingofLeaflets/WCLWD_DryingofLeaflets/f_aug_0_821.jpeg,WCLWD_DryingofLeaflets
/home/sivabharathi/Documents/FinalYearProject/CocoCare/ml/data/raw/kaggle/WCLWD_DryingofLeaflets/WCLWD_DryingofLeaflets/f_aug_0_5598.jpeg,WCLWD_DryingofLeaflets
/home/sivabharathi/Documents/FinalYearProject/CocoCare/ml/data/raw/kaggle/WCLWD_Yellowing/WCLWD_Yellowing/f_aug_0_711.jpeg,WCLWD_Yellowing
/home/sivabharathi/Documents/FinalYearProject/CocoCare/ml/data/raw/kaggle/WCLWD_Yellowing/WCLWD_Yellowing/f_aug_0_908.jpeg,WCLWD_Yellowing
/home/sivabharathi/Documents/FinalYearProject/CocoCare/ml/data/raw/kaggle/CCI_Caterpillars/CCI_Caterpillars/CCI_4_40_jpg.rf.19d1633f7c9d4fde0fb9a1ca89707953.jpg,CCI_Caterpillars
/home/sivabharathi/Documents/FinalYearProject/CocoCare/ml/data/raw/kaggle/WCLWD_DryingofLeaflets/WCLWD_DryingofLeaflets/f_aug_0_5276.jpeg,WCLWD_DryingofLeaflets
/home/sivabharathi/Documents/FinalYearProject/CocoCare/ml/data/raw/kaggle/WCLWD_Yellowing/WCLWD_Yellowing/f_aug_0_2079.jpeg,WCLWD_Yellowing
/home/sivabharathi/Documents/FinalYearProject/CocoCare/ml/data/raw/kaggle/WCLWD_Yellowing/WCLWD_Yellowing/f_aug_0_8360.jpeg,WCLWD_Yellowing
/home/sivabharathi/Documents/FinalYearProject/CocoCare/ml/data/raw/kaggle/CCI_Caterpillars/CCI_Caterpillars/CCI_1_514_jpg.rf.f02b1681d511d8a9fead66034a726f6a.jpg,CCI_Caterpillars
/home/sivabharathi/Documents/FinalYearProject/CocoCare/ml/data/raw/kaggle/WCLWD_DryingofLeaflets/WCLWD_DryingofLeaflets/f_aug_0_5423.jpeg,WCLWD_DryingofLeaflets
/home/sivabharathi/Documents/FinalYearProject/CocoCare/ml/data/raw/kaggle/WCLWD_Yellowing/WCLWD_Yellowing/f_aug_0_521.jpeg,WCLWD_Yellowing
/home/sivabharathi/Documents/FinalYearProject/CocoCare/ml/data/raw/kaggle/WCLWD_Flaccidity/WCLWD_Flaccidity/f_aug_0_6316.jpeg,WCLWD_Flaccidity
/home/sivabharathi/Documents/FinalYearProject/CocoCare/ml/data/raw/kaggle/WCLWD_Yellowing/WCLWD_Yellowing/f_aug_0_7969.jpeg,WCLWD_Yellowing
/home/sivabharathi/Documents/FinalYearProject/CocoCare/ml/data/raw/kaggle/WCLWD_DryingofLeaflets/WCLWD_DryingofLeaflets/f_aug_0_5699.jpeg,WCLWD_DryingofLeaflets
/home/sivabharathi/Documents/FinalYearProject/CocoCare/ml/data/raw/kaggle/CCI_Caterpillars/CCI_Caterpillars/CCI_9_96_jpg.rf.4993ae7387210648126a9f7d7c6249fc.jpg,CCI_Caterpillars
/home/sivabharathi/Documents/FinalYearProject/CocoCare/ml/data/raw/kaggle/WCLWD_Flaccidity/WCLWD_Flaccidity/f_aug_0_3070.jpeg,WCLWD_Flaccidity
/home/sivabharathi/Documents/FinalYearProject/CocoCare/ml/data/raw/kaggle/WCLWD_DryingofLeaflets/WCLWD_DryingofLeaflets/f_aug_0_9867.jpeg,WCLWD_DryingofLeaflets
/home/sivabharathi/Documents/FinalYearProject/CocoCare/ml/data/raw/kaggle/WCLWD_Flaccidity/WCLWD_Flaccidity/f_aug_0_4444.jpeg,WCLWD_Flaccidity
/home/sivabharathi/Documents/FinalYearProject/CocoCare/ml/data/raw/kaggle/WCLWD_Flaccidity/WCLWD_Flaccidity/f_aug_0_1954.jpeg,WCLWD_Flaccidity
/home/sivabharathi/Documents/FinalYearProject/CocoCare/ml/data/raw/kaggle/WCLWD_DryingofLeaflets/WCLWD_DryingofLeaflets/f_aug_0_6485.jpeg,WCLWD_DryingofLeaflets
/home/sivabharathi/Documents/FinalYearProject/CocoCare/ml/data/raw/kaggle/CCI_Caterpillars/CCI_Caterpillars/CCI_5_112_jpg.rf.4251a9dc708f9d712f3aeee0f0f5fdcb.jpg,CCI_Caterpillars
/home/sivabharathi/Documents/FinalYearProject/CocoCare/ml/data/raw/kaggle/CCI_Caterpillars/CCI_Caterpillars/CCI_1_484_jpg.rf.be8015a58374fec22f8e3435ecd98678.jpg,CCI_Caterpillars
/home/sivabharathi/Documents/FinalYearProject/CocoCare/ml/data/raw/kaggle/CCI_Caterpillars/CCI_Caterpillars/CCI_5_160_jpg.rf.14fca42cdf740ad9139b2ff89a8531be.jpg,CCI_Caterpillars
/home/sivabharathi/Documents/FinalYearProject/CocoCare/ml/data/raw/kaggle/WCLWD_DryingofLeaflets/WCLWD_DryingofLeaflets/f_aug_0_1706.jpeg,WCLWD_DryingofLeaflets
/home/sivabharathi/Documents/FinalYearProject/CocoCare/ml/data/raw/kaggle/CCI_Caterpillars/CCI_Caterpillars/CCI_9_144_jpg.rf.63a551c85c3d06f9e5eba92a84a2debb.jpg,CCI_Caterpillars
/home/sivabharathi/Documents/FinalYearProject/CocoCare/ml/data/raw/kaggle/WCLWD_Yellowing/WCLWD_Yellowing/f_aug_0_3599.jpeg,WCLWD_Yellowing
/home/sivabharathi/Documents/FinalYearProject/CocoCare/ml/data/raw/kaggle/WCLWD_Yellowing/WCLWD_Yellowing/f_aug_0_2840.jpeg,WCLWD_Yellowing
/home/sivabharathi/Documents/FinalYearProject/CocoCare/ml/data/raw/kaggle/WCLWD_Yellowing/WCLWD_Yellowing/f_aug_0_4380.jpeg,WCLWD_Yellowing
/home/sivabharathi/Documents/FinalYearProject/CocoCare/ml/data/raw/kaggle/WCLWD_Yellowing/WCLWD_Yellowing/f_aug_0_6416.jpeg,WCLWD_Yellowing
/home/sivabharathi/Documents/FinalYearProject/CocoCare/ml/data/raw/kaggle/WCLWD_Yellowing/WCLWD_Yellowing/f_aug_0_6941.jpeg,WCLWD_Yellowing
/home/sivabharathi/Documents/FinalYearProject/CocoCare/ml/data/raw/kaggle/WCLWD_DryingofLeaflets/WCLWD_DryingofLeaflets/f_aug_0_6553.jpeg,WCLWD_DryingofLeaflets
/home/sivabharathi/Documents/FinalYearProject/CocoCare/ml/data/raw/kaggle/WCLWD_Flaccidity/WCLWD_Flaccidity/f_aug_0_9069.jpeg,WCLWD_Flaccidity
/home/sivabharathi/Documents/FinalYearProject/CocoCare/ml/data/raw/kaggle/WCLWD_Flaccidity/WCLWD_Flaccidity/f_aug_0_2553.jpeg,WCLWD_Flaccidity
/home/sivabharathi/Documents/FinalYearProject/CocoCare/ml/data/raw/kaggle/CCI_Caterpillars/CCI_Caterpillars/CCI_9_120_jpg.rf.0f6884b6bdd76c8a44896b1465ebc9c0.jpg,CCI_Caterpillars
/home/sivabharathi/Documents/FinalYearProject/CocoCare/ml/data/raw/kaggle/CCI_Leaflets/CCI_Leaflets/CCI_10__1_1000.jpg,CCI_Leaflets
/home/sivabharathi/Documents/FinalYearProject/CocoCare/ml/data/raw/kaggle/WCLWD_Yellowing/WCLWD_Yellowing/f_aug_0_2598.jpeg,WCLWD_Yellowing
/home/sivabharathi/Documents/FinalYearProject/CocoCare/ml/data/raw/kaggle/WCLWD_DryingofLeaflets/WCLWD_DryingofLeaflets/f_aug_0_2792.jpeg,WCLWD_DryingofLeaflets
/home/sivabharathi/Documents/FinalYearProject/CocoCare/ml/data/raw/kaggle/WCLWD_DryingofLeaflets/WCLWD_DryingofLeaflets/f_aug_0_6796.jpeg,WCLWD_DryingofLeaflets
/home/sivabharathi/Documents/FinalYearProject/CocoCare/ml/data/raw/kaggle/WCLWD_Yellowing/WCLWD_Yellowing/f_aug_0_6738.jpeg,WCLWD_Yellowing
/home/sivabharathi/Documents/FinalYearProject/CocoCare/ml/data/raw/kaggle/CCI_Caterpillars/CCI_Caterpillars/CCI_7_8_jpg.rf.e96c1273df56da2822112bbef90d3c5c.jpg,CCI_Caterpillars
/home/sivabharathi/Documents/FinalYearProject/CocoCare/ml/data/raw/kaggle/WCLWD_DryingofLeaflets/WCLWD_DryingofLeaflets/f_aug_0_6397.jpeg,WCLWD_DryingofLeaflets
/home/sivabharathi/Documents/FinalYearProject/CocoCare/ml/data/raw/kaggle/CCI_Leaflets/CCI_Leaflets/CCI_03__1_120.jpg,CCI_Leaflets
/home/sivabharathi/Documents/FinalYearProject/CocoCare/ml/data/raw/kaggle/WCLWD_Flaccidity/WCLWD_Flaccidity/f_aug_0_1455.jpeg,WCLWD_Flaccidity
/home/sivabharathi/Documents/FinalYearProject/CocoCare/ml/data/raw/kaggle/WCLWD_Flaccidity/WCLWD_Flaccidity/f_aug_0_3687.jpeg,WCLWD_Flaccidity
/home/sivabharathi/Documents/FinalYearProject/CocoCare/ml/data/raw/kaggle/WCLWD_DryingofLeaflets/WCLWD_DryingofLeaflets/f_aug_0_3468.jpeg,WCLWD_DryingofLeaflets
/home/sivabharathi/Documents/FinalYearProject/CocoCare/ml/data/raw/kaggle/WCLWD_Yellowing/WCLWD_Yellowing/f_aug_0_7707.jpeg,WCLWD_Yellowing
/home/sivabharathi/Documents/FinalYearProject/CocoCare/ml/data/raw/kaggle/WCLWD_Yellowing/WCLWD_Yellowing/f_aug_0_4606.jpeg,WCLWD_Yellowing
/home/sivabharathi/Documents/FinalYearProject/CocoCare/ml/data/raw/kaggle/WCLWD_Yellowing/WCLWD_Yellowing/f_aug_0_9752.jpeg,WCLWD_Yellowing
/home/sivabharathi/Documents/FinalYearProject/CocoCare/ml/data/raw/kaggle/WCLWD_Yellowing/WCLWD_Yellowing/f_aug_0_1237.jpeg,WCLWD_Yellowing
/home/sivabharathi/Documents/FinalYearProject/CocoCare/ml/data/raw/kaggle/WCLWD_Flaccidity/WCLWD_Flaccidity/f_aug_0_9936.jpeg,WCLWD_Flaccidity
/home/sivabharathi/Documents/FinalYearProject/CocoCare/ml/data/raw/kaggle/WCLWD_Flaccidity/WCLWD_Flaccidity/f_aug_0_3932.jpeg,WCLWD_Flaccidity
/home/sivabharathi/Documents/FinalYearProject/CocoCare/ml/data/raw/kaggle/WCLWD_Flaccidity/WCLWD_Flaccidity/f_aug_0_290.jpeg,WCLWD_Flaccidity
/home/sivabharathi/Documents/FinalYearProject/CocoCare/ml/data/raw/kaggle/WCLWD_DryingofLeaflets/WCLWD_DryingofLeaflets/f_aug_0_4524.jpeg,WCLWD_DryingofLeaflets
/home/sivabharathi/Documents/FinalYearProject/CocoCare/ml/data/raw/kaggle/WCLWD_Flaccidity/WCLWD_Flaccidity/f_aug_0_3840.jpeg,WCLWD_Flaccidity
/home/sivabharathi/Documents/FinalYearProject/CocoCare/ml/data/raw/kaggle/CCI_Caterpillars/CCI_Caterpillars/CCI_8_72_jpg.rf.5fe1585524e64d9a5bfd301891a7eddd.jpg,CCI_Caterpillars
/home/sivabharathi/Documents/FinalYearProject/CocoCare/ml/data/raw/kaggle/WCLWD_Yellowing/WCLWD_Yellowing/f_aug_0_7084.jpeg,WCLWD_Yellowing
/home/sivabharathi/Documents/FinalYearProject/CocoCare/ml/data/raw/kaggle/WCLWD_DryingofLeaflets/WCLWD_DryingofLeaflets/f_aug_0_9137.jpeg,WCLWD_DryingofLeaflets
/home/sivabharathi/Documents/FinalYearProject/CocoCare/ml/data/raw/kaggle/WCLWD_Yellowing/WCLWD_Yellowing/f_aug_0_7248.jpeg,WCLWD_Yellowing
/home/sivabharathi/Documents/FinalYearProject/CocoCare/ml/data/raw/kaggle/CCI_Caterpillars/CCI_Caterpillars/CCI_5_328_jpg.rf.a69da867d7fcb80bff61962376df2902.jpg,CCI_Caterpillars
/home/sivabharathi/Documents/FinalYearProject/CocoCare/ml/data/raw/kaggle/WCLWD_Yellowing/WCLWD_Yellowing/f_aug_0_3244.jpeg,WCLWD_Yellowing
/home/sivabharathi/Documents/FinalYearProject/CocoCare/ml/data/raw/kaggle/WCLWD_Flaccidity/WCLWD_Flaccidity/f_aug_0_9171.jpeg,WCLWD_Flaccidity
/home/sivabharathi/Documents/FinalYearProject/CocoCare/ml/data/raw/kaggle/WCLWD_Flaccidity/WCLWD_Flaccidity/f_aug_0_3433.jpeg,WCLWD_Flaccidity
/home/sivabharathi/Documents/FinalYearProject/CocoCare/ml/data/raw/kaggle/WCLWD_Flaccidity/WCLWD_Flaccidity/f_aug_0_9658.jpeg,WCLWD_Flaccidity
/home/sivabharathi/Documents/FinalYearProject/CocoCare/ml/data/raw/kaggle/WCLWD_Flaccidity/WCLWD_Flaccidity/f_aug_0_5064.jpeg,WCLWD_Flaccidity
/home/sivabharathi/Documents/FinalYearProject/CocoCare/ml/data/raw/kaggle/WCLWD_Yellowing/WCLWD_Yellowing/f_aug_0_3708.jpeg,WCLWD_Yellowing
/home/sivabharathi/Documents/FinalYearProject/CocoCare/ml/data/raw/kaggle/CCI_Caterpillars/CCI_Caterpillars/CCI_2_200_jpg.rf.e33a994682230f3e8c62a9724296d55c.jpg,CCI_Caterpillars
/home/sivabharathi/Documents/FinalYearProject/CocoCare/ml/data/raw/kaggle/WCLWD_DryingofLeaflets/WCLWD_DryingofLeaflets/f_aug_0_7390.jpeg,WCLWD_DryingofLeaflets
/home/sivabharathi/Documents/FinalYearProject/CocoCare/ml/data/raw/kaggle/CCI_Caterpillars/CCI_Caterpillars/CCI_9_208_jpg.rf.059c6342dab97bdf710ed218608e69f6.jpg,CCI_Caterpillars
/home/sivabharathi/Documents/FinalYearProject/CocoCare/ml/data/raw/kaggle/WCLWD_DryingofLeaflets/WCLWD_DryingofLeaflets/f_aug_0_9946.jpeg,WCLWD_DryingofLeaflets
/home/sivabharathi/Documents/FinalYearProject/CocoCare/ml/data/raw/kaggle/WCLWD_Flaccidity/WCLWD_Flaccidity/f_aug_0_4522.jpeg,WCLWD_Flaccidity
/home/sivabharathi/Documents/FinalYearProject/CocoCare/ml/data/raw/kaggle/WCLWD_DryingofLeaflets/WCLWD_DryingofLeaflets/f_aug_0_9456.jpeg,WCLWD_DryingofLeaflets
/home/sivabharathi/Documents/FinalYearProject/CocoCare/ml/data/raw/kaggle/CCI_Leaflets/CCI_Leaflets/CCI_09__1_240.jpg,CCI_Leaflets
/home/sivabharathi/Documents/FinalYearProject/CocoCare/ml/data/raw/kaggle/CCI_Leaflets/CCI_Leaflets/CCI_10__1_840.jpg,CCI_Leaflets
/home/sivabharathi/Documents/FinalYearProject/CocoCare/ml/data/raw/kaggle/WCLWD_DryingofLeaflets/WCLWD_DryingofLeaflets/f_aug_0_3395.jpeg,WCLWD_DryingofLeaflets
/home/sivabharathi/Documents/FinalYearProject/CocoCare/ml/data/raw/kaggle/WCLWD_DryingofLeaflets/WCLWD_DryingofLeaflets/f_aug_0_856.jpeg,WCLWD_DryingofLeaflets
/home/sivabharathi/Documents/FinalYearProject/CocoCare/ml/data/raw/kaggle/WCLWD_Yellowing/WCLWD_Yellowing/f_aug_0_4109.jpeg,WCLWD_Yellowing
/home/sivabharathi/Documents/FinalYearProject/CocoCare/ml/data/raw/kaggle/CCI_Leaflets/CCI_Leaflets/IMG_2815.JPG,CCI_Leaflets
/home/sivabharathi/Documents/FinalYearProject/CocoCare/ml/data/raw/kaggle/WCLWD_DryingofLeaflets/WCLWD_DryingofLeaflets/f_aug_0_2936.jpeg,WCLWD_DryingofLeaflets
/home/sivabharathi/Documents/FinalYearProject/CocoCare/ml/data/raw/kaggle/CCI_Caterpillars/CCI_Caterpillars/CCI_1_185_jpg.rf.4ae45d1419b5579194fbea25f9f3fe71.jpg,CCI_Caterpillars
/home/sivabharathi/Documents/FinalYearProject/CocoCare/ml/data/raw/kaggle/WCLWD_DryingofLeaflets/WCLWD_DryingofLeaflets/f_aug_0_7250.jpeg,WCLWD_DryingofLeaflets
/home/sivabharathi/Documents/FinalYearProject/CocoCare/ml/data/raw/kaggle/WCLWD_Yellowing/WCLWD_Yellowing/DSC_0196.JPG,WCLWD_Yellowing
/home/sivabharathi/Documents/FinalYearProject/CocoCare/ml/data/raw/kaggle/CCI_Leaflets/CCI_Leaflets/CCI_10__1_240.jpg,CCI_Leaflets
/home/sivabharathi/Documents/FinalYearProject/CocoCare/ml/data/raw/kaggle/WCLWD_Yellowing/WCLWD_Yellowing/f_aug_0_7536.jpeg,WCLWD_Yellowing
/home/sivabharathi/Documents/FinalYearProject/CocoCare/ml/data/raw/kaggle/WCLWD_Yellowing/WCLWD_Yellowing/f_aug_0_2306.jpeg,WCLWD_Yellowing
/home/sivabharathi/Documents/FinalYearProject/CocoCare/ml/data/raw/kaggle/WCLWD_DryingofLeaflets/WCLWD_DryingofLeaflets/f_aug_0_3069.jpeg,WCLWD_DryingofLeaflets
/home/sivabharathi/Documents/FinalYearProject/CocoCare/ml/data/raw/kaggle/CCI_Caterpillars/CCI_Caterpillars/CCI_8_128_jpg.rf.6dc87de7323c361825c4cde0fd72369a.jpg,CCI_Caterpillars
/home/sivabharathi/Documents/FinalYearProject/CocoCare/ml/data/raw/kaggle/WCLWD_Flaccidity/WCLWD_Flaccidity/f_aug_0_1428.jpeg,WCLWD_Flaccidity
/home/sivabharathi/Documents/FinalYearProject/CocoCare/ml/data/raw/kaggle/CCI_Leaflets/CCI_Leaflets/CCI_12__1_780.jpg,CCI_Leaflets
/home/sivabharathi/Documents/FinalYearProject/CocoCare/ml/data/raw/kaggle/CCI_Caterpillars/CCI_Caterpillars/CCI_1_140_jpg.rf.3d3f042b68d2f87b406de485e4950839.jpg,CCI_Caterpillars
/home/sivabharathi/Documents/FinalYearProject/CocoCare/ml/data/raw/kaggle/WCLWD_DryingofLeaflets/WCLWD_DryingofLeaflets/f_aug_0_2130.jpeg,WCLWD_DryingofLeaflets
/home/sivabharathi/Documents/FinalYearProject/CocoCare/ml/data/raw/kaggle/WCLWD_DryingofLeaflets/WCLWD_DryingofLeaflets/f_aug_0_4680.jpeg,WCLWD_DryingofLeaflets
/home/sivabharathi/Documents/FinalYearProject/CocoCare/ml/data/raw/kaggle/CCI_Caterpillars/CCI_Caterpillars/i9_jpg.rf.be06cce3eac07a4d433cfe4806ccf29c.jpg,CCI_Caterpillars
/home/sivabharathi/Documents/FinalYearProject/CocoCare/ml/data/raw/kaggle/WCLWD_DryingofLeaflets/WCLWD_DryingofLeaflets/f_aug_0_6138.jpeg,WCLWD_DryingofLeaflets
/home/sivabharathi/Documents/FinalYearProject/CocoCare/ml/data/raw/kaggle/WCLWD_DryingofLeaflets/WCLWD_DryingofLeaflets/f_aug_0_20.jpeg,WCLWD_DryingofLeaflets
/home/sivabharathi/Documents/FinalYearProject/CocoCare/ml/data/raw/kaggle/CCI_Caterpillars/CCI_Caterpillars/CCI_10_56_jpg.rf.12aa70b5de25437852901f2b4f5c940a.jpg,CCI_Caterpillars
/home/sivabharathi/Documents/FinalYearProject/CocoCare/ml/data/raw/kaggle/WCLWD_DryingofLeaflets/WCLWD_DryingofLeaflets/f_aug_0_2692.jpeg,WCLWD_DryingofLeaflets
/home/sivabharathi/Documents/FinalYearProject/CocoCare/ml/data/raw/kaggle/CCI_Caterpillars/CCI_Caterpillars/CCI_10_88_jpg.rf.67ac527bade335622c1de5976ccd84cf.jpg,CCI_Caterpillars
/home/sivabharathi/Documents/FinalYearProject/CocoCare/ml/data/raw/kaggle/CCI_Caterpillars/CCI_Caterpillars/CCI_12_232_jpg.rf.3a79d552015b35681bd2a478c6fd9709.jpg,CCI_Caterpillars
/home/sivabharathi/Documents/FinalYearProject/CocoCare/ml/data/raw/kaggle/WCLWD_Flaccidity/WCLWD_Flaccidity/f_aug_0_5556.jpeg,WCLWD_Flaccidity
/home/sivabharathi/Documents/FinalYearProject/CocoCare/ml/data/raw/kaggle/WCLWD_Yellowing/WCLWD_Yellowing/f_aug_0_9160.jpeg,WCLWD_Yellowing
/home/sivabharathi/Documents/FinalYearProject/CocoCare/ml/data/raw/kaggle/CCI_Leaflets/CCI_Leaflets/CCI_15__1_300.jpg,CCI_Leaflets
/home/sivabharathi/Documents/FinalYearProject/CocoCare/ml/data/raw/kaggle/CCI_Caterpillars/CCI_Caterpillars/CCI_1_90_jpg.rf.38cce94f173c91fe942e9cc22fb775ee.jpg,CCI_Caterpillars
/home/sivabharathi/Documents/FinalYearProject/CocoCare/ml/data/raw/kaggle/WCLWD_Yellowing/WCLWD_Yellowing/f_aug_0_2682.jpeg,WCLWD_Yellowing
/home/sivabharathi/Documents/FinalYearProject/CocoCare/ml/data/raw/kaggle/CCI_Leaflets/CCI_Leaflets/IMG_2700.JPG,CCI_Leaflets
/home/sivabharathi/Documents/FinalYearProject/CocoCare/ml/data/raw/kaggle/CCI_Leaflets/CCI_Leaflets/CCI_12__1_440.jpg,CCI_Leaflets
/home/sivabharathi/Documents/FinalYearProject/CocoCare/ml/data/raw/kaggle/WCLWD_Flaccidity/WCLWD_Flaccidity/f_aug_0_6366.jpeg,WCLWD_Flaccidity
/home/sivabharathi/Documents/FinalYearProject/CocoCare/ml/data/raw/kaggle/CCI_Leaflets/CCI_Leaflets/CCI_06__1_700.jpg,CCI_Leaflets
/home/sivabharathi/Documents/FinalYearProject/CocoCare/ml/data/raw/kaggle/WCLWD_Flaccidity/WCLWD_Flaccidity/f_aug_0_3842.jpeg,WCLWD_Flaccidity
/home/sivabharathi/Documents/FinalYearProject/CocoCare/ml/data/raw/kaggle/CCI_Leaflets/CCI_Leaflets/CCI_03__1_220.jpg,CCI_Leaflets
/home/sivabharathi/Documents/FinalYearProject/CocoCare/ml/data/raw/kaggle/WCLWD_DryingofLeaflets/WCLWD_DryingofLeaflets/f_aug_0_9849.jpeg,WCLWD_DryingofLeaflets
/home/sivabharathi/Documents/FinalYearProject/CocoCare/ml/data/raw/kaggle/CCI_Leaflets/CCI_Leaflets/CCI_10__1_380.jpg,CCI_Leaflets
/home/sivabharathi/Documents/FinalYearProject/CocoCare/ml/data/raw/kaggle/WCLWD_Yellowing/WCLWD_Yellowing/f_aug_0_3085.jpeg,WCLWD_Yellowing
/home/sivabharathi/Documents/FinalYearProject/CocoCare/ml/data/raw/kaggle/CCI_Leaflets/CCI_Leaflets/CCI_12__1_660.jpg,CCI_Leaflets
/home/sivabharathi/Documents/FinalYearProject/CocoCare/ml/data/raw/kaggle/WCLWD_Flaccidity/WCLWD_Flaccidity/f_aug_0_9029.jpeg,WCLWD_Flaccidity
/home/sivabharathi/Documents/FinalYearProject/CocoCare/ml/data/raw/kaggle/CCI_Caterpillars/CCI_Caterpillars/CCI_9_96_jpg.rf.6a81ad52d52805a76ff3fa9b984b613c.jpg,CCI_Caterpillars
/home/sivabharathi/Documents/FinalYearProject/CocoCare/ml/data/raw/kaggle/Healthy_Leaves/Healthy_Leaves/Healthy_leaf_48.jpg,Healthy_Leaves
/home/sivabharathi/Documents/FinalYearProject/CocoCare/ml/data/raw/kaggle/WCLWD_DryingofLeaflets/WCLWD_DryingofLeaflets/f_aug_0_9167.jpeg,WCLWD_DryingofLeaflets
/home/sivabharathi/Documents/FinalYearProject/CocoCare/ml/data/raw/kaggle/WCLWD_Flaccidity/WCLWD_Flaccidity/f_aug_0_9907.jpeg,WCLWD_Flaccidity
/home/sivabharathi/Documents/FinalYearProject/CocoCare/ml/data/raw/kaggle/Healthy_Leaves/Healthy_Leaves/Healthy_leaf_18.jpg,Healthy_Leaves
/home/sivabharathi/Documents/FinalYearProject/CocoCare/ml/data/raw/kaggle/WCLWD_Yellowing/WCLWD_Yellowing/f_aug_0_562.jpeg,WCLWD_Yellowing
/home/sivabharathi/Documents/FinalYearProject/CocoCare/ml/data/raw/kaggle/WCLWD_Flaccidity/WCLWD_Flaccidity/f_aug_0_6502.jpeg,WCLWD_Flaccidity
/home/sivabharathi/Documents/FinalYearProject/CocoCare/ml/data/raw/kaggle/WCLWD_DryingofLeaflets/WCLWD_DryingofLeaflets/f_aug_0_5810.jpeg,WCLWD_DryingofLeaflets
/home/sivabharathi/Documents/FinalYearProject/CocoCare/ml/data/raw/kaggle/WCLWD_Flaccidity/WCLWD_Flaccidity/f_aug_0_3146.jpeg,WCLWD_Flaccidity
/home/sivabharathi/Documents/FinalYearProject/CocoCare/ml/data/raw/kaggle/CCI_Leaflets/CCI_Leaflets/CCI_01__1_520.jpg,CCI_Leaflets
/home/sivabharathi/Documents/FinalYearProject/CocoCare/ml/data/raw/kaggle/WCLWD_DryingofLeaflets/WCLWD_DryingofLeaflets/f_aug_0_394.jpeg,WCLWD_DryingofLeaflets
/home/sivabharathi/Documents/FinalYearProject/CocoCare/ml/data/raw/kaggle/WCLWD_Yellowing/WCLWD_Yellowing/f_aug_0_8291.jpeg,WCLWD_Yellowing
/home/sivabharathi/Documents/FinalYearProject/CocoCare/ml/data/raw/kaggle/WCLWD_DryingofLeaflets/WCLWD_DryingofLeaflets/f_aug_0_8604.jpeg,WCLWD_DryingofLeaflets
/home/sivabharathi/Documents/FinalYearProject/CocoCare/ml/data/raw/kaggle/CCI_Caterpillars/CCI_Caterpillars/CCI_5_0_jpg.rf.2bc5ae4c3fd46c0664ed22faa84d4007.jpg,CCI_Caterpillars
/home/sivabharathi/Documents/FinalYearProject/CocoCare/ml/data/raw/kaggle/WCLWD_DryingofLeaflets/WCLWD_DryingofLeaflets/f_aug_0_5360.jpeg,WCLWD_DryingofLeaflets
/home/sivabharathi/Documents/FinalYearProject/CocoCare/ml/data/raw/kaggle/WCLWD_DryingofLeaflets/WCLWD_DryingofLeaflets/f_aug_0_8688.jpeg,WCLWD_DryingofLeaflets
/home/sivabharathi/Documents/FinalYearProject/CocoCare/ml/data/raw/kaggle/WCLWD_DryingofLeaflets/WCLWD_DryingofLeaflets/f_aug_0_9192.jpeg,WCLWD_DryingofLeaflets
/home/sivabharathi/Documents/FinalYearProject/CocoCare/ml/data/raw/kaggle/CCI_Caterpillars/CCI_Caterpillars/CCI_2_248_jpg.rf.58cbf572b4d5b60dd1d9fb3992f476f3.jpg,CCI_Caterpillars
/home/sivabharathi/Documents/FinalYearProject/CocoCare/ml/data/raw/kaggle/CCI_Caterpillars/CCI_Caterpillars/CCI_2_150_jpg.rf.c16f917ed90319d9c0aae57a30104454.jpg,CCI_Caterpillars
/home/sivabharathi/Documents/FinalYearProject/CocoCare/ml/data/raw/kaggle/WCLWD_Flaccidity/WCLWD_Flaccidity/f_aug_0_4299.jpeg,WCLWD_Flaccidity
/home/sivabharathi/Documents/FinalYearProject/CocoCare/ml/data/raw/kaggle/CCI_Caterpillars/CCI_Caterpillars/CCI_9_272_jpg.rf.650299bc0f95b7bec5244aff95f30743.jpg,CCI_Caterpillars
/home/sivabharathi/Documents/FinalYearProject/CocoCare/ml/data/raw/kaggle/WCLWD_DryingofLeaflets/WCLWD_DryingofLeaflets/f_aug_0_5798.jpeg,WCLWD_DryingofLeaflets
/home/sivabharathi/Documents/FinalYearProject/CocoCare/ml/data/raw/kaggle/WCLWD_Flaccidity/WCLWD_Flaccidity/f_aug_0_699.jpeg,WCLWD_Flaccidity
/home/sivabharathi/Documents/FinalYearProject/CocoCare/ml/data/raw/kaggle/WCLWD_Yellowing/WCLWD_Yellowing/f_aug_0_2083.jpeg,WCLWD_Yellowing
/home/sivabharathi/Documents/FinalYearProject/CocoCare/ml/data/raw/kaggle/WCLWD_Flaccidity/WCLWD_Flaccidity/f_aug_0_7791.jpeg,WCLWD_Flaccidity
/home/sivabharathi/Documents/FinalYearProject/CocoCare/ml/data/raw/kaggle/WCLWD_DryingofLeaflets/WCLWD_DryingofLeaflets/f_aug_0_7688.jpeg,WCLWD_DryingofLeaflets
/home/sivabharathi/Documents/FinalYearProject/CocoCare/ml/data/raw/kaggle/WCLWD_Yellowing/WCLWD_Yellowing/f_aug_0_636.jpeg,WCLWD_Yellowing
/home/sivabharathi/Documents/FinalYearProject/CocoCare/ml/data/raw/kaggle/CCI_Caterpillars/CCI_Caterpillars/CCI_1_85_jpg.rf.47a1ed28e4aa2da2b31bcbe8b9052d26.jpg,CCI_Caterpillars
/home/sivabharathi/Documents/FinalYearProject/CocoCare/ml/data/raw/kaggle/CCI_Leaflets/CCI_Leaflets/CCI_01__1_80.jpg,CCI_Leaflets
/home/sivabharathi/Documents/FinalYearProject/CocoCare/ml/data/raw/kaggle/WCLWD_Yellowing/WCLWD_Yellowing/f_aug_0_7085.jpeg,WCLWD_Yellowing
/home/sivabharathi/Documents/FinalYearProject/CocoCare/ml/data/raw/kaggle/WCLWD_Flaccidity/WCLWD_Flaccidity/f_aug_0_8334.jpeg,WCLWD_Flaccidity
/home/sivabharathi/Documents/FinalYearProject/CocoCare/ml/data/raw/kaggle/WCLWD_DryingofLeaflets/WCLWD_DryingofLeaflets/f_aug_0_4025.jpeg,WCLWD_DryingofLeaflets
/home/sivabharathi/Documents/FinalYearProject/CocoCare/ml/data/raw/kaggle/CCI_Leaflets/CCI_Leaflets/CCI_14__1_220.jpg,CCI_Leaflets
/home/sivabharathi/Documents/FinalYearProject/CocoCare/ml/data/raw/kaggle/CCI_Leaflets/CCI_Leaflets/IMG_2594.JPG,CCI_Leaflets
/home/sivabharathi/Documents/FinalYearProject/CocoCare/ml/data/raw/kaggle/WCLWD_Yellowing/WCLWD_Yellowing/f_aug_0_3464.jpeg,WCLWD_Yellowing
/home/sivabharathi/Documents/FinalYearProject/CocoCare/ml/data/raw/kaggle/CCI_Leaflets/CCI_Leaflets/CCI_04__1_360.jpg,CCI_Leaflets
/home/sivabharathi/Documents/FinalYearProject/CocoCare/ml/data/raw/kaggle/WCLWD_DryingofLeaflets/WCLWD_DryingofLeaflets/f_aug_0_7401.jpeg,WCLWD_DryingofLeaflets
/home/sivabharathi/Documents/FinalYearProject/CocoCare/ml/data/raw/kaggle/CCI_Leaflets/CCI_Leaflets/CCI_17__1_260.jpg,CCI_Leaflets
/home/sivabharathi/Documents/FinalYearProject/CocoCare/ml/data/raw/kaggle/WCLWD_Yellowing/WCLWD_Yellowing/f_aug_0_3918.jpeg,WCLWD_Yellowing
/home/sivabharathi/Documents/FinalYearProject/CocoCare/ml/data/raw/kaggle/CCI_Leaflets/CCI_Leaflets/CCI_10__1_260.jpg,CCI_Leaflets
/home/sivabharathi/Documents/FinalYearProject/CocoCare/ml/data/raw/kaggle/CCI_Caterpillars/CCI_Caterpillars/CCI_12_288_jpg.rf.087eabc40e73369b9e8e5f6f07f17d0a.jpg,CCI_Caterpillars
/home/sivabharathi/Documents/FinalYearProject/CocoCare/ml/data/raw/kaggle/CCI_Leaflets/CCI_Leaflets/CCI_01__1_780.jpg,CCI_Leaflets
/home/sivabharathi/Documents/FinalYearProject/CocoCare/ml/data/raw/kaggle/WCLWD_Flaccidity/WCLWD_Flaccidity/f_aug_0_9577.jpeg,WCLWD_Flaccidity
/home/sivabharathi/Documents/FinalYearProject/CocoCare/ml/data/raw/kaggle/Healthy_Leaves/Healthy_Leaves/Healthy_leaf_73.jpg,Healthy_Leaves
/home/sivabharathi/Documents/FinalYearProject/CocoCare/ml/data/raw/kaggle/WCLWD_DryingofLeaflets/WCLWD_DryingofLeaflets/f_aug_0_7635.jpeg,WCLWD_DryingofLeaflets
/home/sivabharathi/Documents/FinalYearProject/CocoCare/ml/data/raw/kaggle/CCI_Leaflets/CCI_Leaflets/CCI_01__1_40.jpg,CCI_Leaflets
/home/sivabharathi/Documents/FinalYearProject/CocoCare/ml/data/raw/kaggle/WCLWD_Yellowing/WCLWD_Yellowing/f_aug_0_2165.jpeg,WCLWD_Yellowing
/home/sivabharathi/Documents/FinalYearProject/CocoCare/ml/data/raw/kaggle/WCLWD_Flaccidity/WCLWD_Flaccidity/f_aug_0_6576.jpeg,WCLWD_Flaccidity
/home/sivabharathi/Documents/FinalYearProject/CocoCare/ml/data/raw/kaggle/Healthy_Leaves/Healthy_Leaves/Healthy_leaf_63.jpg,Healthy_Leaves
/home/sivabharathi/Documents/FinalYearProject/CocoCare/ml/data/raw/kaggle/WCLWD_Flaccidity/WCLWD_Flaccidity/f_aug_0_5173.jpeg,WCLWD_Flaccidity
/home/sivabharathi/Documents/FinalYearProject/CocoCare/ml/data/raw/kaggle/WCLWD_Flaccidity/WCLWD_Flaccidity/f_aug_0_1614.jpeg,WCLWD_Flaccidity
/home/sivabharathi/Documents/FinalYearProject/CocoCare/ml/data/raw/kaggle/WCLWD_DryingofLeaflets/WCLWD_DryingofLeaflets/f_aug_0_6721.jpeg,WCLWD_DryingofLeaflets
/home/sivabharathi/Documents/FinalYearProject/CocoCare/ml/data/raw/kaggle/CCI_Leaflets/CCI_Leaflets/CCI_17__1_400.jpg,CCI_Leaflets
/home/sivabharathi/Documents/FinalYearProject/CocoCare/ml/data/raw/kaggle/WCLWD_Yellowing/WCLWD_Yellowing/f_aug_0_4024.jpeg,WCLWD_Yellowing
/home/sivabharathi/Documents/FinalYearProject/CocoCare/ml/data/raw/kaggle/WCLWD_Flaccidity/WCLWD_Flaccidity/f_aug_0_5502.jpeg,WCLWD_Flaccidity
/home/sivabharathi/Documents/FinalYearProject/CocoCare/ml/data/raw/kaggle/WCLWD_DryingofLeaflets/WCLWD_DryingofLeaflets/DSC_0093.JPG,WCLWD_DryingofLeaflets
/home/sivabharathi/Documents/FinalYearProject/CocoCare/ml/data/raw/kaggle/CCI_Leaflets/CCI_Leaflets/CCI_07__1_1080.jpg,CCI_Leaflets
/home/sivabharathi/Documents/FinalYearProject/CocoCare/ml/data/raw/kaggle/WCLWD_Flaccidity/WCLWD_Flaccidity/f_aug_0_4246.jpeg,WCLWD_Flaccidity
/home/sivabharathi/Documents/FinalYearProject/CocoCare/ml/data/raw/kaggle/WCLWD_Yellowing/WCLWD_Yellowing/f_aug_0_7719.jpeg,WCLWD_Yellowing
/home/sivabharathi/Documents/FinalYearProject/CocoCare/ml/data/raw/kaggle/CCI_Leaflets/CCI_Leaflets/IMG_2660.JPG,CCI_Leaflets
/home/sivabharathi/Documents/FinalYearProject/CocoCare/ml/data/raw/kaggle/WCLWD_Flaccidity/WCLWD_Flaccidity/f_aug_0_917.jpeg,WCLWD_Flaccidity
/home/sivabharathi/Documents/FinalYearProject/CocoCare/ml/data/raw/kaggle/WCLWD_Flaccidity/WCLWD_Flaccidity/f_aug_0_2280.jpeg,WCLWD_Flaccidity
/home/sivabharathi/Documents/FinalYearProject/CocoCare/ml/data/raw/kaggle/CCI_Leaflets/CCI_Leaflets/CCI_13__1_780.jpg,CCI_Leaflets
/home/sivabharathi/Documents/FinalYearProject/CocoCare/ml/data/raw/kaggle/WCLWD_Flaccidity/WCLWD_Flaccidity/f_aug_0_1676.jpeg,WCLWD_Flaccidity
/home/sivabharathi/Documents/FinalYearProject/CocoCare/ml/data/raw/kaggle/WCLWD_Flaccidity/WCLWD_Flaccidity/f_aug_0_5123.jpeg,WCLWD_Flaccidity
/home/sivabharathi/Documents/FinalYearProject/CocoCare/ml/data/raw/kaggle/WCLWD_DryingofLeaflets/WCLWD_DryingofLeaflets/f_aug_0_9284.jpeg,WCLWD_DryingofLeaflets
/home/sivabharathi/Documents/FinalYearProject/CocoCare/ml/data/raw/kaggle/WCLWD_Flaccidity/WCLWD_Flaccidity/f_aug_0_3931.jpeg,WCLWD_Flaccidity
/home/sivabharathi/Documents/FinalYearProject/CocoCare/ml/data/raw/kaggle/CCI_Caterpillars/CCI_Caterpillars/CCI_2_272_jpg.rf.98dbefd51c08a55c9eb68112143ab355.jpg,CCI_Caterpillars
/home/sivabharathi/Documents/FinalYearProject/CocoCare/ml/data/raw/kaggle/Healthy_Leaves/Healthy_Leaves/Healthy_leaf_116.jpg,Healthy_Leaves
/home/sivabharathi/Documents/FinalYearProject/CocoCare/ml/data/raw/kaggle/CCI_Caterpillars/CCI_Caterpillars/CCI_3_200_jpg.rf.24a95534c29adb65203b838faf528a48.jpg,CCI_Caterpillars
/home/sivabharathi/Documents/FinalYearProject/CocoCare/ml/data/raw/kaggle/WCLWD_Yellowing/WCLWD_Yellowing/f_aug_0_9807.jpeg,WCLWD_Yellowing
/home/sivabharathi/Documents/FinalYearProject/CocoCare/ml/data/raw/kaggle/CCI_Caterpillars/CCI_Caterpillars/CCI_9_144_jpg.rf.c2652e43d811f28f124e75a017f26b9a.jpg,CCI_Caterpillars
/home/sivabharathi/Documents/FinalYearProject/CocoCare/ml/data/raw/kaggle/CCI_Leaflets/CCI_Leaflets/CCI_02__1_2160.jpg,CCI_Leaflets
/home/sivabharathi/Documents/FinalYearProject/CocoCare/ml/data/raw/kaggle/WCLWD_DryingofLeaflets/WCLWD_DryingofLeaflets/f_aug_0_4770.jpeg,WCLWD_DryingofLeaflets
/home/sivabharathi/Documents/FinalYearProject/CocoCare/ml/data/raw/kaggle/CCI_Leaflets/CCI_Leaflets/IMG_2644.JPG,CCI_Leaflets
/home/sivabharathi/Documents/FinalYearProject/CocoCare/ml/data/raw/kaggle/CCI_Leaflets/CCI_Leaflets/CCI_05__1_480.jpg,CCI_Leaflets
/home/sivabharathi/Documents/FinalYearProject/CocoCare/ml/data/raw/kaggle/WCLWD_Flaccidity/WCLWD_Flaccidity/f_aug_0_7744.jpeg,WCLWD_Flaccidity
/home/sivabharathi/Documents/FinalYearProject/CocoCare/ml/data/raw/kaggle/WCLWD_DryingofLeaflets/WCLWD_DryingofLeaflets/f_aug_0_5252.jpeg,WCLWD_DryingofLeaflets
/home/sivabharathi/Documents/FinalYearProject/CocoCare/ml/data/raw/kaggle/WCLWD_Flaccidity/WCLWD_Flaccidity/f_aug_0_244.jpeg,WCLWD_Flaccidity
/home/sivabharathi/Documents/FinalYearProject/CocoCare/ml/data/raw/kaggle/WCLWD_Yellowing/WCLWD_Yellowing/f_aug_0_9200.jpeg,WCLWD_Yellowing
/home/sivabharathi/Documents/FinalYearProject/CocoCare/ml/data/raw/kaggle/WCLWD_DryingofLeaflets/WCLWD_DryingofLeaflets/f_aug_0_6501.jpeg,WCLWD_DryingofLeaflets
/home/sivabharathi/Documents/FinalYearProject/CocoCare/ml/data/raw/kaggle/WCLWD_Flaccidity/WCLWD_Flaccidity/f_aug_0_9218.jpeg,WCLWD_Flaccidity
/home/sivabharathi/Documents/FinalYearProject/CocoCare/ml/data/raw/kaggle/CCI_Caterpillars/CCI_Caterpillars/CCI_3_190_jpg.rf.716ac3d88504f8a0aac5f01e054ba64b.jpg,CCI_Caterpillars
/home/sivabharathi/Documents/FinalYearProject/CocoCare/ml/data/raw/kaggle/WCLWD_Flaccidity/WCLWD_Flaccidity/f_aug_0_5272.jpeg,WCLWD_Flaccidity
/home/sivabharathi/Documents/FinalYearProject/CocoCare/ml/data/raw/kaggle/CCI_Leaflets/CCI_Leaflets/CCI_17__1_160.jpg,CCI_Leaflets
/home/sivabharathi/Documents/FinalYearProject/CocoCare/ml/data/raw/kaggle/WCLWD_Yellowing/WCLWD_Yellowing/f_aug_0_1680.jpeg,WCLWD_Yellowing
/home/sivabharathi/Documents/FinalYearProject/CocoCare/ml/data/raw/kaggle/CCI_Leaflets/CCI_Leaflets/IMG_2645.JPG,CCI_Leaflets
/home/sivabharathi/Documents/FinalYearProject/CocoCare/ml/data/raw/kaggle/WCLWD_Yellowing/WCLWD_Yellowing/f_aug_0_1493.jpeg,WCLWD_Yellowing
/home/sivabharathi/Documents/FinalYearProject/CocoCare/ml/data/raw/kaggle/Healthy_Leaves/Healthy_Leaves/Healthy_leaf_122.jpg,Healthy_Leaves
/home/sivabharathi/Documents/FinalYearProject/CocoCare/ml/data/raw/kaggle/WCLWD_Yellowing/WCLWD_Yellowing/f_aug_0_8836.jpeg,WCLWD_Yellowing
/home/sivabharathi/Documents/FinalYearProject/CocoCare/ml/data/raw/kaggle/WCLWD_DryingofLeaflets/WCLWD_DryingofLeaflets/f_aug_0_9144.jpeg,WCLWD_DryingofLeaflets
/home/sivabharathi/Documents/FinalYearProject/CocoCare/ml/data/raw/kaggle/CCI_Leaflets/CCI_Leaflets/CCI_07__1_520.jpg,CCI_Leaflets
/home/sivabharathi/Documents/FinalYearProject/CocoCare/ml/data/raw/kaggle/WCLWD_DryingofLeaflets/WCLWD_DryingofLeaflets/f_aug_0_8440.jpeg,WCLWD_DryingofLeaflets
/home/sivabharathi/Documents/FinalYearProject/CocoCare/ml/data/raw/kaggle/WCLWD_Flaccidity/WCLWD_Flaccidity/f_aug_0_9787.jpeg,WCLWD_Flaccidity
/home/sivabharathi/Documents/FinalYearProject/CocoCare/ml/data/raw/kaggle/WCLWD_Flaccidity/WCLWD_Flaccidity/f_aug_0_7463.jpeg,WCLWD_Flaccidity
/home/sivabharathi/Documents/FinalYearProject/CocoCare/ml/data/raw/kaggle/WCLWD_Yellowing/WCLWD_Yellowing/f_aug_0_8854.jpeg,WCLWD_Yellowing
/home/sivabharathi/Documents/FinalYearProject/CocoCare/ml/data/raw/kaggle/WCLWD_Flaccidity/WCLWD_Flaccidity/f_aug_0_1751.jpeg,WCLWD_Flaccidity
/home/sivabharathi/Documents/FinalYearProject/CocoCare/ml/data/raw/kaggle/WCLWD_Flaccidity/WCLWD_Flaccidity/f_aug_0_1619.jpeg,WCLWD_Flaccidity
/home/sivabharathi/Documents/FinalYearProject/CocoCare/ml/data/raw/kaggle/WCLWD_DryingofLeaflets/WCLWD_DryingofLeaflets/f_aug_0_6879.jpeg,WCLWD_DryingofLeaflets
/home/sivabharathi/Documents/FinalYearProject/CocoCare/ml/data/raw/kaggle/WCLWD_DryingofLeaflets/WCLWD_DryingofLeaflets/f_aug_0_2084.jpeg,WCLWD_DryingofLeaflets
/home/sivabharathi/Documents/FinalYearProject/CocoCare/ml/data/raw/kaggle/WCLWD_DryingofLeaflets/WCLWD_DryingofLeaflets/f_aug_0_6264.jpeg,WCLWD_DryingofLeaflets
/home/sivabharathi/Documents/FinalYearProject/CocoCare/ml/data/raw/kaggle/WCLWD_DryingofLeaflets/WCLWD_DryingofLeaflets/f_aug_0_2059.jpeg,WCLWD_DryingofLeaflets
/home/sivabharathi/Documents/FinalYearProject/CocoCare/ml/data/raw/kaggle/CCI_Caterpillars/CCI_Caterpillars/CCI_7_32_jpg.rf.ccf2dc11db7225d20ec356c24d6d853a.jpg,CCI_Caterpillars
/home/sivabharathi/Documents/FinalYearProject/CocoCare/ml/data/raw/kaggle/WCLWD_Flaccidity/WCLWD_Flaccidity/f_aug_0_7491.jpeg,WCLWD_Flaccidity
/home/sivabharathi/Documents/FinalYearProject/CocoCare/ml/data/raw/kaggle/WCLWD_DryingofLeaflets/WCLWD_DryingofLeaflets/f_aug_0_8693.jpeg,WCLWD_DryingofLeaflets
/home/sivabharathi/Documents/FinalYearProject/CocoCare/ml/data/raw/kaggle/CCI_Caterpillars/CCI_Caterpillars/CCI_8_256_jpg.rf.f1005d887dae4f79cb3d8f239dcc91e7.jpg,CCI_Caterpillars
/home/sivabharathi/Documents/FinalYearProject/CocoCare/ml/data/raw/kaggle/CCI_Leaflets/CCI_Leaflets/IMG_2663.JPG,CCI_Leaflets
/home/sivabharathi/Documents/FinalYearProject/CocoCare/ml/data/raw/kaggle/WCLWD_Yellowing/WCLWD_Yellowing/f_aug_0_427.jpeg,WCLWD_Yellowing
/home/sivabharathi/Documents/FinalYearProject/CocoCare/ml/data/raw/kaggle/WCLWD_Yellowing/WCLWD_Yellowing/f_aug_0_9511.jpeg,WCLWD_Yellowing
/home/sivabharathi/Documents/FinalYearProject/CocoCare/ml/data/raw/kaggle/Healthy_Leaves/Healthy_Leaves/Healthy_leaf_28.jpg,Healthy_Leaves
/home/sivabharathi/Documents/FinalYearProject/CocoCare/ml/data/raw/kaggle/WCLWD_DryingofLeaflets/WCLWD_DryingofLeaflets/f_aug_0_8259.jpeg,WCLWD_DryingofLeaflets
/home/sivabharathi/Documents/FinalYearProject/CocoCare/ml/data/raw/kaggle/WCLWD_Flaccidity/WCLWD_Flaccidity/f_aug_0_7254.jpeg,WCLWD_Flaccidity
/home/sivabharathi/Documents/FinalYearProject/CocoCare/ml/data/raw/kaggle/WCLWD_Yellowing/WCLWD_Yellowing/f_aug_0_1934.jpeg,WCLWD_Yellowing
/home/sivabharathi/Documents/FinalYearProject/CocoCare/ml/data/raw/kaggle/WCLWD_DryingofLeaflets/WCLWD_DryingofLeaflets/f_aug_0_5195.jpeg,WCLWD_DryingofLeaflets
/home/sivabharathi/Documents/FinalYearProject/CocoCare/ml/data/raw/kaggle/CCI_Caterpillars/CCI_Caterpillars/CCI_12_256_jpg.rf.af6bccfe6d028bda0afafd3a0dca3113.jpg,CCI_Caterpillars
/home/sivabharathi/Documents/FinalYearProject/CocoCare/ml/data/raw/kaggle/WCLWD_Flaccidity/WCLWD_Flaccidity/f_aug_0_2607.jpeg,WCLWD_Flaccidity
/home/sivabharathi/Documents/FinalYearProject/CocoCare/ml/data/raw/kaggle/CCI_Caterpillars/CCI_Caterpillars/CCI_7_8_jpg.rf.4efd794d41a3e403b31c744d21fe0ebb.jpg,CCI_Caterpillars
/home/sivabharathi/Documents/FinalYearProject/CocoCare/ml/data/raw/kaggle/WCLWD_Yellowing/WCLWD_Yellowing/f_aug_0_6807.jpeg,WCLWD_Yellowing
/home/sivabharathi/Documents/FinalYearProject/CocoCare/ml/data/raw/kaggle/WCLWD_Flaccidity/WCLWD_Flaccidity/f_aug_0_44.jpeg,WCLWD_Flaccidity
/home/sivabharathi/Documents/FinalYearProject/CocoCare/ml/data/raw/kaggle/Healthy_Leaves/Healthy_Leaves/Healthy_leaf_94.jpg,Healthy_Leaves
/home/sivabharathi/Documents/FinalYearProject/CocoCare/ml/data/raw/kaggle/CCI_Caterpillars/CCI_Caterpillars/CCI_7_80_jpg.rf.24850ab2ebd890102817e23c395f5cb8.jpg,CCI_Caterpillars
/home/sivabharathi/Documents/FinalYearProject/CocoCare/ml/data/raw/kaggle/CCI_Leaflets/CCI_Leaflets/CCI_15__1_760.jpg,CCI_Leaflets
/home/sivabharathi/Documents/FinalYearProject/CocoCare/ml/data/raw/kaggle/Healthy_Leaves/Healthy_Leaves/Healthy_leaf_21.jpg,Healthy_Leaves
/home/sivabharathi/Documents/FinalYearProject/CocoCare/ml/data/raw/kaggle/WCLWD_Flaccidity/WCLWD_Flaccidity/f_aug_0_5476.jpeg,WCLWD_Flaccidity
/home/sivabharathi/Documents/FinalYearProject/CocoCare/ml/data/raw/kaggle/CCI_Caterpillars/CCI_Caterpillars/CCI_9_312_jpg.rf.3cf43229989a6fdedaae24750e2e3493.jpg,CCI_Caterpillars
/home/sivabharathi/Documents/FinalYearProject/CocoCare/ml/data/raw/kaggle/CCI_Leaflets/CCI_Leaflets/IMG_2573.JPG,CCI_Leaflets
/home/sivabharathi/Documents/FinalYearProject/CocoCare/ml/data/raw/kaggle/CCI_Caterpillars/CCI_Caterpillars/CCI_4_72_jpg.rf.3f9a6188a195e2080a121013f2e01982.jpg,CCI_Caterpillars
/home/sivabharathi/Documents/FinalYearProject/CocoCare/ml/data/raw/kaggle/CCI_Caterpillars/CCI_Caterpillars/CCI_12_24_jpg.rf.c2ad81bfb98ccd53b6627c91d3a6b549.jpg,CCI_Caterpillars
/home/sivabharathi/Documents/FinalYearProject/CocoCare/ml/data/raw/kaggle/CCI_Leaflets/CCI_Leaflets/CCI_03__1_860.jpg,CCI_Leaflets
/home/sivabharathi/Documents/FinalYearProject/CocoCare/ml/data/raw/kaggle/CCI_Leaflets/CCI_Leaflets/CCI_02__1_1000.jpg,CCI_Leaflets
/home/sivabharathi/Documents/FinalYearProject/CocoCare/ml/data/raw/kaggle/CCI_Caterpillars/CCI_Caterpillars/CCI_9_136_jpg.rf.fc1bc47c4427c9cbae937e34413c6d12.jpg,CCI_Caterpillars
/home/sivabharathi/Documents/FinalYearProject/CocoCare/ml/data/raw/kaggle/WCLWD_DryingofLeaflets/WCLWD_DryingofLeaflets/f_aug_0_944.jpeg,WCLWD_DryingofLeaflets
/home/sivabharathi/Documents/FinalYearProject/CocoCare/ml/data/raw/kaggle/CCI_Leaflets/CCI_Leaflets/CCI_12__1_720.jpg,CCI_Leaflets
/home/sivabharathi/Documents/FinalYearProject/CocoCare/ml/data/raw/kaggle/CCI_Caterpillars/CCI_Caterpillars/CCI_3_150_jpg.rf.013c4ac9c5383dcdad112869102c3d63.jpg,CCI_Caterpillars
/home/sivabharathi/Documents/FinalYearProject/CocoCare/ml/data/raw/kaggle/WCLWD_DryingofLeaflets/WCLWD_DryingofLeaflets/f_aug_0_9012.jpeg,WCLWD_DryingofLeaflets
/home/sivabharathi/Documents/FinalYearProject/CocoCare/ml/data/raw/kaggle/WCLWD_Yellowing/WCLWD_Yellowing/f_aug_0_5532.jpeg,WCLWD_Yellowing
/home/sivabharathi/Documents/FinalYearProject/CocoCare/ml/data/raw/kaggle/CCI_Caterpillars/CCI_Caterpillars/CCI_8_40_jpg.rf.922f192d7ad094d96418c94b84432f46.jpg,CCI_Caterpillars
/home/sivabharathi/Documents/FinalYearProject/CocoCare/ml/data/raw/kaggle/WCLWD_DryingofLeaflets/WCLWD_DryingofLeaflets/f_aug_0_369.jpeg,WCLWD_DryingofLeaflets
/home/sivabharathi/Documents/FinalYearProject/CocoCare/ml/data/raw/kaggle/WCLWD_Flaccidity/WCLWD_Flaccidity/f_aug_0_4951.jpeg,WCLWD_Flaccidity
/home/sivabharathi/Documents/FinalYearProject/CocoCare/ml/data/raw/kaggle/WCLWD_Yellowing/WCLWD_Yellowing/f_aug_0_6661.jpeg,WCLWD_Yellowing
/home/sivabharathi/Documents/FinalYearProject/CocoCare/ml/data/raw/kaggle/WCLWD_Yellowing/WCLWD_Yellowing/f_aug_0_5841.jpeg,WCLWD_Yellowing
/home/sivabharathi/Documents/FinalYearProject/CocoCare/ml/data/raw/kaggle/WCLWD_Yellowing/WCLWD_Yellowing/f_aug_0_3649.jpeg,WCLWD_Yellowing
/home/sivabharathi/Documents/FinalYearProject/CocoCare/ml/data/raw/kaggle/WCLWD_Flaccidity/WCLWD_Flaccidity/f_aug_0_7230.jpeg,WCLWD_Flaccidity
/home/sivabharathi/Documents/FinalYearProject/CocoCare/ml/data/raw/kaggle/Healthy_Leaves/Healthy_Leaves/Healthy_leaf_36.jpg,Healthy_Leaves
/home/sivabharathi/Documents/FinalYearProject/CocoCare/ml/data/raw/kaggle/WCLWD_Flaccidity/WCLWD_Flaccidity/f_aug_0_7548.jpeg,WCLWD_Flaccidity
/home/sivabharathi/Documents/FinalYearProject/CocoCare/ml/data/raw/kaggle/WCLWD_DryingofLeaflets/WCLWD_DryingofLeaflets/f_aug_0_3105.jpeg,WCLWD_DryingofLeaflets
/home/sivabharathi/Documents/FinalYearProject/CocoCare/ml/data/raw/kaggle/Healthy_Leaves/Healthy_Leaves/Healthy_leaf_105.jpg,Healthy_Leaves
/home/sivabharathi/Documents/FinalYearProject/CocoCare/ml/data/raw/kaggle/WCLWD_DryingofLeaflets/WCLWD_DryingofLeaflets/f_aug_0_8987.jpeg,WCLWD_DryingofLeaflets
/home/sivabharathi/Documents/FinalYearProject/CocoCare/ml/data/raw/kaggle/CCI_Leaflets/CCI_Leaflets/CCI_11__1_40.jpg,CCI_Leaflets
/home/sivabharathi/Documents/FinalYearProject/CocoCare/ml/data/raw/kaggle/WCLWD_DryingofLeaflets/WCLWD_DryingofLeaflets/f_aug_0_4745.jpeg,WCLWD_DryingofLeaflets
/home/sivabharathi/Documents/FinalYearProject/CocoCare/ml/data/raw/kaggle/CCI_Caterpillars/CCI_Caterpillars/CCI_12_32_jpg.rf.5eb55d3b2fa0b316595a4248569ff020.jpg,CCI_Caterpillars
/home/sivabharathi/Documents/FinalYearProject/CocoCare/ml/data/raw/kaggle/WCLWD_Flaccidity/WCLWD_Flaccidity/f_aug_0_6436.jpeg,WCLWD_Flaccidity
/home/sivabharathi/Documents/FinalYearProject/CocoCare/ml/data/raw/kaggle/WCLWD_Flaccidity/WCLWD_Flaccidity/f_aug_0_6083.jpeg,WCLWD_Flaccidity
/home/sivabharathi/Documents/FinalYearProject/CocoCare/ml/data/raw/kaggle/WCLWD_DryingofLeaflets/WCLWD_DryingofLeaflets/f_aug_0_6062.jpeg,WCLWD_DryingofLeaflets
/home/sivabharathi/Documents/FinalYearProject/CocoCare/ml/data/raw/kaggle/CCI_Leaflets/CCI_Leaflets/CCI_02__1_220.jpg,CCI_Leaflets
/home/sivabharathi/Documents/FinalYearProject/CocoCare/ml/data/raw/kaggle/WCLWD_Yellowing/WCLWD_Yellowing/f_aug_0_9576.jpeg,WCLWD_Yellowing
/home/sivabharathi/Documents/FinalYearProject/CocoCare/ml/data/raw/kaggle/WCLWD_Yellowing/WCLWD_Yellowing/f_aug_0_8161.jpeg,WCLWD_Yellowing
/home/sivabharathi/Documents/FinalYearProject/CocoCare/ml/data/raw/kaggle/WCLWD_DryingofLeaflets/WCLWD_DryingofLeaflets/f_aug_0_2003.jpeg,WCLWD_DryingofLeaflets
/home/sivabharathi/Documents/FinalYearProject/CocoCare/ml/data/raw/kaggle/WCLWD_DryingofLeaflets/WCLWD_DryingofLeaflets/f_aug_0_9806.jpeg,WCLWD_DryingofLeaflets
/home/sivabharathi/Documents/FinalYearProject/CocoCare/ml/data/raw/kaggle/WCLWD_DryingofLeaflets/WCLWD_DryingofLeaflets/f_aug_0_9924.jpeg,WCLWD_DryingofLeaflets
/home/sivabharathi/Documents/FinalYearProject/CocoCare/ml/data/raw/kaggle/CCI_Leaflets/CCI_Leaflets/CCI_02__1_2260.jpg,CCI_Leaflets
/home/sivabharathi/Documents/FinalYearProject/CocoCare/ml/data/raw/kaggle/WCLWD_Yellowing/WCLWD_Yellowing/f_aug_0_5192.jpeg,WCLWD_Yellowing
/home/sivabharathi/Documents/FinalYearProject/CocoCare/ml/data/raw/kaggle/WCLWD_Flaccidity/WCLWD_Flaccidity/f_aug_0_1803.jpeg,WCLWD_Flaccidity
/home/sivabharathi/Documents/FinalYearProject/CocoCare/ml/data/raw/kaggle/WCLWD_Yellowing/WCLWD_Yellowing/f_aug_0_2528.jpeg,WCLWD_Yellowing
/home/sivabharathi/Documents/FinalYearProject/CocoCare/ml/data/raw/kaggle/WCLWD_Flaccidity/WCLWD_Flaccidity/f_aug_0_7633.jpeg,WCLWD_Flaccidity
/home/sivabharathi/Documents/FinalYearProject/CocoCare/ml/data/raw/kaggle/CCI_Caterpillars/CCI_Caterpillars/CCI_12_192_jpg.rf.1c4a12ff707d4e2e49951840a4647549.jpg,CCI_Caterpillars
/home/sivabharathi/Documents/FinalYearProject/CocoCare/ml/data/raw/kaggle/CCI_Leaflets/CCI_Leaflets/CCI_04__1_1140.jpg,CCI_Leaflets
/home/sivabharathi/Documents/FinalYearProject/CocoCare/ml/data/raw/kaggle/WCLWD_Yellowing/WCLWD_Yellowing/f_aug_0_6506.jpeg,WCLWD_Yellowing
/home/sivabharathi/Documents/FinalYearProject/CocoCare/ml/data/raw/kaggle/WCLWD_DryingofLeaflets/WCLWD_DryingofLeaflets/f_aug_0_2450.jpeg,WCLWD_DryingofLeaflets
/home/sivabharathi/Documents/FinalYearProject/CocoCare/ml/data/raw/kaggle/CCI_Leaflets/CCI_Leaflets/CCI_02__1_1280.jpg,CCI_Leaflets
/home/sivabharathi/Documents/FinalYearProject/CocoCare/ml/data/raw/kaggle/WCLWD_DryingofLeaflets/WCLWD_DryingofLeaflets/f_aug_0_1819.jpeg,WCLWD_DryingofLeaflets
/home/sivabharathi/Documents/FinalYearProject/CocoCare/ml/data/raw/kaggle/CCI_Leaflets/CCI_Leaflets/CCI_07__1_1160.jpg,CCI_Leaflets
/home/sivabharathi/Documents/FinalYearProject/CocoCare/ml/data/raw/kaggle/WCLWD_Yellowing/WCLWD_Yellowing/f_aug_0_8156.jpeg,WCLWD_Yellowing
/home/sivabharathi/Documents/FinalYearProject/CocoCare/ml/data/raw/kaggle/WCLWD_DryingofLeaflets/WCLWD_DryingofLeaflets/f_aug_0_7091.jpeg,WCLWD_DryingofLeaflets
/home/sivabharathi/Documents/FinalYearProject/CocoCare/ml/data/raw/kaggle/WCLWD_DryingofLeaflets/WCLWD_DryingofLeaflets/f_aug_0_4287.jpeg,WCLWD_DryingofLeaflets
/home/sivabharathi/Documents/FinalYearProject/CocoCare/ml/data/raw/kaggle/WCLWD_DryingofLeaflets/WCLWD_DryingofLeaflets/f_aug_0_1433.jpeg,WCLWD_DryingofLeaflets
/home/sivabharathi/Documents/FinalYearProject/CocoCare/ml/data/raw/kaggle/WCLWD_Yellowing/WCLWD_Yellowing/f_aug_0_8404.jpeg,WCLWD_Yellowing
/home/sivabharathi/Documents/FinalYearProject/CocoCare/ml/data/raw/kaggle/WCLWD_DryingofLeaflets/WCLWD_DryingofLeaflets/f_aug_0_4591.jpeg,WCLWD_DryingofLeaflets
/home/sivabharathi/Documents/FinalYearProject/CocoCare/ml/data/raw/kaggle/CCI_Leaflets/CCI_Leaflets/CCI_12__1_240.jpg,CCI_Leaflets
/home/sivabharathi/Documents/FinalYearProject/CocoCare/ml/data/raw/kaggle/CCI_Leaflets/CCI_Leaflets/CCI_09__1_180.jpg,CCI_Leaflets
/home/sivabharathi/Documents/FinalYearProject/CocoCare/ml/data/raw/kaggle/WCLWD_Flaccidity/WCLWD_Flaccidity/f_aug_0_8349.jpeg,WCLWD_Flaccidity
/home/sivabharathi/Documents/FinalYearProject/CocoCare/ml/data/raw/kaggle/CCI_Caterpillars/CCI_Caterpillars/CCI_11_240_jpg.rf.7cb0d0817147144241db1ccd952ce44e.jpg,CCI_Caterpillars
/home/sivabharathi/Documents/FinalYearProject/CocoCare/ml/data/raw/kaggle/CCI_Caterpillars/CCI_Caterpillars/CCI_2_175_jpg.rf.bb0057101f4611905c6872b36c48bbe3.jpg,CCI_Caterpillars
/home/sivabharathi/Documents/FinalYearProject/CocoCare/ml/data/raw/kaggle/WCLWD_DryingofLeaflets/WCLWD_DryingofLeaflets/f_aug_0_6008.jpeg,WCLWD_DryingofLeaflets
/home/sivabharathi/Documents/FinalYearProject/CocoCare/ml/data/raw/kaggle/CCI_Leaflets/CCI_Leaflets/CCI_17__1_300.jpg,CCI_Leaflets
/home/sivabharathi/Documents/FinalYearProject/CocoCare/ml/data/raw/kaggle/CCI_Leaflets/CCI_Leaflets/CCI_01__1_1040.jpg,CCI_Leaflets
/home/sivabharathi/Documents/FinalYearProject/CocoCare/ml/data/raw/kaggle/WCLWD_DryingofLeaflets/WCLWD_DryingofLeaflets/f_aug_0_3058.jpeg,WCLWD_DryingofLeaflets
/home/sivabharathi/Documents/FinalYearProject/CocoCare/ml/data/raw/kaggle/WCLWD_Flaccidity/WCLWD_Flaccidity/f_aug_0_8713.jpeg,WCLWD_Flaccidity
/home/sivabharathi/Documents/FinalYearProject/CocoCare/ml/data/raw/kaggle/CCI_Caterpillars/CCI_Caterpillars/CCI_8_72_jpg.rf.b9b13b5b9556aad2b62e485a0427f067.jpg,CCI_Caterpillars
/home/sivabharathi/Documents/FinalYearProject/CocoCare/ml/data/raw/kaggle/WCLWD_Yellowing/WCLWD_Yellowing/f_aug_0_9091.jpeg,WCLWD_Yellowing
/home/sivabharathi/Documents/FinalYearProject/CocoCare/ml/data/raw/kaggle/CCI_Leaflets/CCI_Leaflets/CCI_12__1_320.jpg,CCI_Leaflets
/home/sivabharathi/Documents/FinalYearProject/CocoCare/ml/data/raw/kaggle/CCI_Leaflets/CCI_Leaflets/IMG_2777.JPG,CCI_Leaflets
/home/sivabharathi/Documents/FinalYearProject/CocoCare/ml/data/raw/kaggle/CCI_Caterpillars/CCI_Caterpillars/CCI_9_200_jpg.rf.810da6e62264a3fd144e38b281a05c80.jpg,CCI_Caterpillars
/home/sivabharathi/Documents/FinalYearProject/CocoCare/ml/data/raw/kaggle/CCI_Leaflets/CCI_Leaflets/CCI_13__1_420.jpg,CCI_Leaflets
/home/sivabharathi/Documents/FinalYearProject/CocoCare/ml/data/raw/kaggle/WCLWD_Yellowing/WCLWD_Yellowing/f_aug_0_6973.jpeg,WCLWD_Yellowing
/home/sivabharathi/Documents/FinalYearProject/CocoCare/ml/data/raw/kaggle/WCLWD_Flaccidity/WCLWD_Flaccidity/f_aug_0_1712.jpeg,WCLWD_Flaccidity
/home/sivabharathi/Documents/FinalYearProject/CocoCare/ml/data/raw/kaggle/WCLWD_Yellowing/WCLWD_Yellowing/f_aug_0_7242.jpeg,WCLWD_Yellowing
/home/sivabharathi/Documents/FinalYearProject/CocoCare/ml/data/raw/kaggle/WCLWD_DryingofLeaflets/WCLWD_DryingofLeaflets/f_aug_0_5774.jpeg,WCLWD_DryingofLeaflets
/home/sivabharathi/Documents/FinalYearProject/CocoCare/ml/data/raw/kaggle/CCI_Leaflets/CCI_Leaflets/CCI_06__1_440.jpg,CCI_Leaflets
/home/sivabharathi/Documents/FinalYearProject/CocoCare/ml/data/raw/kaggle/CCI_Caterpillars/CCI_Caterpillars/CCI_9_384_jpg.rf.73be2b3f94c97cd86456ae983c05e322.jpg,CCI_Caterpillars
/home/sivabharathi/Documents/FinalYearProject/CocoCare/ml/data/raw/kaggle/WCLWD_Yellowing/WCLWD_Yellowing/f_aug_0_3373.jpeg,WCLWD_Yellowing
/home/sivabharathi/Documents/FinalYearProject/CocoCare/ml/data/raw/kaggle/WCLWD_Yellowing/WCLWD_Yellowing/f_aug_0_5397.jpeg,WCLWD_Yellowing
/home/sivabharathi/Documents/FinalYearProject/CocoCare/ml/data/raw/kaggle/WCLWD_Flaccidity/WCLWD_Flaccidity/f_aug_0_6641.jpeg,WCLWD_Flaccidity
/home/sivabharathi/Documents/FinalYearProject/CocoCare/ml/data/raw/kaggle/WCLWD_Flaccidity/WCLWD_Flaccidity/f_aug_0_5568.jpeg,WCLWD_Flaccidity
/home/sivabharathi/Documents/FinalYearProject/CocoCare/ml/data/raw/kaggle/CCI_Leaflets/CCI_Leaflets/CCI_03__1_920.jpg,CCI_Leaflets
/home/sivabharathi/Documents/FinalYearProject/CocoCare/ml/data/raw/kaggle/CCI_Caterpillars/CCI_Caterpillars/CCI_8_216_jpg.rf.6a04ca4a2348ee79562007fb8f29a201.jpg,CCI_Caterpillars
/home/sivabharathi/Documents/FinalYearProject/CocoCare/ml/data/raw/kaggle/WCLWD_Flaccidity/WCLWD_Flaccidity/f_aug_0_4250.jpeg,WCLWD_Flaccidity
/home/sivabharathi/Documents/FinalYearProject/CocoCare/ml/data/raw/kaggle/WCLWD_Flaccidity/WCLWD_Flaccidity/f_aug_0_894.jpeg,WCLWD_Flaccidity
/home/sivabharathi/Documents/FinalYearProject/CocoCare/ml/data/raw/kaggle/WCLWD_Flaccidity/WCLWD_Flaccidity/f_aug_0_3550.jpeg,WCLWD_Flaccidity
/home/sivabharathi/Documents/FinalYearProject/CocoCare/ml/data/raw/kaggle/WCLWD_Yellowing/WCLWD_Yellowing/f_aug_0_4567.jpeg,WCLWD_Yellowing
/home/sivabharathi/Documents/FinalYearProject/CocoCare/ml/data/raw/kaggle/CCI_Leaflets/CCI_Leaflets/CCI_03__1_980.jpg,CCI_Leaflets
/home/sivabharathi/Documents/FinalYearProject/CocoCare/ml/data/raw/kaggle/CCI_Leaflets/CCI_Leaflets/CCI_15__1_1060.jpg,CCI_Leaflets
/home/sivabharathi/Documents/FinalYearProject/CocoCare/ml/data/raw/kaggle/CCI_Caterpillars/CCI_Caterpillars/CCI_2_280_jpg.rf.778d7840c2ca79704aac379a1d39793e.jpg,CCI_Caterpillars
/home/sivabharathi/Documents/FinalYearProject/CocoCare/ml/data/raw/kaggle/CCI_Caterpillars/CCI_Caterpillars/CCI_12_176_jpg.rf.c786ac955e4c9bfeff955902f749cc3e.jpg,CCI_Caterpillars
/home/sivabharathi/Documents/FinalYearProject/CocoCare/ml/data/raw/kaggle/WCLWD_DryingofLeaflets/WCLWD_DryingofLeaflets/f_aug_0_170.jpeg,WCLWD_DryingofLeaflets
/home/sivabharathi/Documents/FinalYearProject/CocoCare/ml/data/raw/kaggle/CCI_Caterpillars/CCI_Caterpillars/CCI_8_168_jpg.rf.2bea0e0f018bc7c6a109e57e744d21b2.jpg,CCI_Caterpillars
/home/sivabharathi/Documents/FinalYearProject/CocoCare/ml/data/raw/kaggle/WCLWD_Flaccidity/WCLWD_Flaccidity/f_aug_0_3105.jpeg,WCLWD_Flaccidity
/home/sivabharathi/Documents/FinalYearProject/CocoCare/ml/data/raw/kaggle/WCLWD_Flaccidity/WCLWD_Flaccidity/f_aug_0_7736.jpeg,WCLWD_Flaccidity
/home/sivabharathi/Documents/FinalYearProject/CocoCare/ml/data/raw/kaggle/CCI_Caterpillars/CCI_Caterpillars/CCI_12_56_jpg.rf.5ffb03191277185fc871dca7b2d12e79.jpg,CCI_Caterpillars
/home/sivabharathi/Documents/FinalYearProject/CocoCare/ml/data/raw/kaggle/WCLWD_Yellowing/WCLWD_Yellowing/f_aug_0_3706.jpeg,WCLWD_Yellowing
/home/sivabharathi/Documents/FinalYearProject/CocoCare/ml/data/raw/kaggle/CCI_Caterpillars/CCI_Caterpillars/CCI_1_55_jpg.rf.e9c54ff03e960fe698717bf465a5b1c2.jpg,CCI_Caterpillars
/home/sivabharathi/Documents/FinalYearProject/CocoCare/ml/data/raw/kaggle/CCI_Caterpillars/CCI_Caterpillars/CCI_1_105_jpg.rf.ea3a1ed17db502af2d2ce5815e487e89.jpg,CCI_Caterpillars
/home/sivabharathi/Documents/FinalYearProject/CocoCare/ml/data/raw/kaggle/CCI_Caterpillars/CCI_Caterpillars/CCI_11_304_jpg.rf.08bed32518b3fd236eb814908c514a69.jpg,CCI_Caterpillars
/home/sivabharathi/Documents/FinalYearProject/CocoCare/ml/data/raw/kaggle/CCI_Caterpillars/CCI_Caterpillars/CCI_5_152_jpg.rf.76291b5184478c2248213f58a29facee.jpg,CCI_Caterpillars
/home/sivabharathi/Documents/FinalYearProject/CocoCare/ml/data/raw/kaggle/CCI_Caterpillars/CCI_Caterpillars/CCI_9_376_jpg.rf.dea4b4f5d6b9c1d0ee3925e649cf25b4.jpg,CCI_Caterpillars
/home/sivabharathi/Documents/FinalYearProject/CocoCare/ml/data/raw/kaggle/Healthy_Leaves/Healthy_Leaves/Healthy_leaf_15.jpg,Healthy_Leaves
/home/sivabharathi/Documents/FinalYearProject/CocoCare/ml/data/raw/kaggle/WCLWD_Flaccidity/WCLWD_Flaccidity/f_aug_0_7869.jpeg,WCLWD_Flaccidity
/home/sivabharathi/Documents/FinalYearProject/CocoCare/ml/data/raw/kaggle/CCI_Caterpillars/CCI_Caterpillars/CCI_3_240_jpg.rf.6f06ac43a323efec6b98803696d9d457.jpg,CCI_Caterpillars
/home/sivabharathi/Documents/FinalYearProject/CocoCare/ml/data/raw/kaggle/WCLWD_DryingofLeaflets/WCLWD_DryingofLeaflets/f_aug_0_6633.jpeg,WCLWD_DryingofLeaflets
/home/sivabharathi/Documents/FinalYearProject/CocoCare/ml/data/raw/kaggle/CCI_Leaflets/CCI_Leaflets/IMG_2583.JPG,CCI_Leaflets
/home/sivabharathi/Documents/FinalYearProject/CocoCare/ml/data/raw/kaggle/CCI_Caterpillars/CCI_Caterpillars/CCI_2_150_jpg.rf.4191f25f8d68ff0a2fb52ec0192ecf07.jpg,CCI_Caterpillars
/home/sivabharathi/Documents/FinalYearProject/CocoCare/ml/data/raw/kaggle/WCLWD_Yellowing/WCLWD_Yellowing/f_aug_0_3673.jpeg,WCLWD_Yellowing
/home/sivabharathi/Documents/FinalYearProject/CocoCare/ml/data/raw/kaggle/CCI_Caterpillars/CCI_Caterpillars/CCI_9_360_jpg.rf.1980eb80fafc56aa1e532506bc8546d7.jpg,CCI_Caterpillars
/home/sivabharathi/Documents/FinalYearProject/CocoCare/ml/data/raw/kaggle/WCLWD_Flaccidity/WCLWD_Flaccidity/f_aug_0_4841.jpeg,WCLWD_Flaccidity
/home/sivabharathi/Documents/FinalYearProject/CocoCare/ml/data/raw/kaggle/WCLWD_DryingofLeaflets/WCLWD_DryingofLeaflets/f_aug_0_5093.jpeg,WCLWD_DryingofLeaflets
/home/sivabharathi/Documents/FinalYearProject/CocoCare/ml/data/raw/kaggle/WCLWD_Flaccidity/WCLWD_Flaccidity/f_aug_0_2044.jpeg,WCLWD_Flaccidity
/home/sivabharathi/Documents/FinalYearProject/CocoCare/ml/data/raw/kaggle/WCLWD_Flaccidity/WCLWD_Flaccidity/f_aug_0_8914.jpeg,WCLWD_Flaccidity
/home/sivabharathi/Documents/FinalYearProject/CocoCare/ml/data/raw/kaggle/WCLWD_Flaccidity/WCLWD_Flaccidity/f_aug_0_273.jpeg,WCLWD_Flaccidity
/home/sivabharathi/Documents/FinalYearProject/CocoCare/ml/data/raw/kaggle/WCLWD_DryingofLeaflets/WCLWD_DryingofLeaflets/f_aug_0_3290.jpeg,WCLWD_DryingofLeaflets
/home/sivabharathi/Documents/FinalYearProject/CocoCare/ml/data/raw/kaggle/WCLWD_Yellowing/WCLWD_Yellowing/f_aug_0_7398.jpeg,WCLWD_Yellowing
/home/sivabharathi/Documents/FinalYearProject/CocoCare/ml/data/raw/kaggle/WCLWD_Flaccidity/WCLWD_Flaccidity/f_aug_0_6405.jpeg,WCLWD_Flaccidity
/home/sivabharathi/Documents/FinalYearProject/CocoCare/ml/data/raw/kaggle/WCLWD_Yellowing/WCLWD_Yellowing/f_aug_0_7734.jpeg,WCLWD_Yellowing
/home/sivabharathi/Documents/FinalYearProject/CocoCare/ml/data/raw/kaggle/CCI_Caterpillars/CCI_Caterpillars/CCI_11_16_jpg.rf.efeae561e65a86d4c0c76c4fa3ae43ff.jpg,CCI_Caterpillars
/home/sivabharathi/Documents/FinalYearProject/CocoCare/ml/data/raw/kaggle/WCLWD_Flaccidity/WCLWD_Flaccidity/f_aug_0_8440.jpeg,WCLWD_Flaccidity
/home/sivabharathi/Documents/FinalYearProject/CocoCare/ml/data/raw/kaggle/CCI_Caterpillars/CCI_Caterpillars/CCI_2_180_jpg.rf.39f924d3eb88df6fc1c9c029ebf5269c.jpg,CCI_Caterpillars
/home/sivabharathi/Documents/FinalYearProject/CocoCare/ml/data/raw/kaggle/CCI_Leaflets/CCI_Leaflets/IMG_2745.JPG,CCI_Leaflets
/home/sivabharathi/Documents/FinalYearProject/CocoCare/ml/data/raw/kaggle/WCLWD_DryingofLeaflets/WCLWD_DryingofLeaflets/f_aug_0_8598.jpeg,WCLWD_DryingofLeaflets
/home/sivabharathi/Documents/FinalYearProject/CocoCare/ml/data/raw/kaggle/WCLWD_DryingofLeaflets/WCLWD_DryingofLeaflets/f_aug_0_5914.jpeg,WCLWD_DryingofLeaflets
/home/sivabharathi/Documents/FinalYearProject/CocoCare/ml/data/raw/kaggle/WCLWD_Flaccidity/WCLWD_Flaccidity/f_aug_0_8130.jpeg,WCLWD_Flaccidity
/home/sivabharathi/Documents/FinalYearProject/CocoCare/ml/data/raw/kaggle/WCLWD_Yellowing/WCLWD_Yellowing/f_aug_0_4235.jpeg,WCLWD_Yellowing
/home/sivabharathi/Documents/FinalYearProject/CocoCare/ml/data/raw/kaggle/WCLWD_Yellowing/WCLWD_Yellowing/f_aug_0_4068.jpeg,WCLWD_Yellowing
/home/sivabharathi/Documents/FinalYearProject/CocoCare/ml/data/raw/kaggle/WCLWD_Yellowing/WCLWD_Yellowing/f_aug_0_949.jpeg,WCLWD_Yellowing
/home/sivabharathi/Documents/FinalYearProject/CocoCare/ml/data/raw/kaggle/CCI_Leaflets/CCI_Leaflets/CCI_03__1_1020.jpg,CCI_Leaflets
/home/sivabharathi/Documents/FinalYearProject/CocoCare/ml/data/raw/kaggle/CCI_Caterpillars/CCI_Caterpillars/CCI_8_184_jpg.rf.fc23b23d2675a9b313b28703a3c5d02a.jpg,CCI_Caterpillars
/home/sivabharathi/Documents/FinalYearProject/CocoCare/ml/data/raw/kaggle/CCI_Leaflets/CCI_Leaflets/CCI_02__1_0.jpg,CCI_Leaflets
/home/sivabharathi/Documents/FinalYearProject/CocoCare/ml/data/raw/kaggle/WCLWD_DryingofLeaflets/WCLWD_DryingofLeaflets/f_aug_0_264.jpeg,WCLWD_DryingofLeaflets
/home/sivabharathi/Documents/FinalYearProject/CocoCare/ml/data/raw/kaggle/WCLWD_DryingofLeaflets/WCLWD_DryingofLeaflets/f_aug_0_9365.jpeg,WCLWD_DryingofLeaflets
/home/sivabharathi/Documents/FinalYearProject/CocoCare/ml/data/raw/kaggle/WCLWD_DryingofLeaflets/WCLWD_DryingofLeaflets/f_aug_0_4885.jpeg,WCLWD_DryingofLeaflets
/home/sivabharathi/Documents/FinalYearProject/CocoCare/ml/data/raw/kaggle/WCLWD_Yellowing/WCLWD_Yellowing/f_aug_0_5615.jpeg,WCLWD_Yellowing
/home/sivabharathi/Documents/FinalYearProject/CocoCare/ml/data/raw/kaggle/CCI_Caterpillars/CCI_Caterpillars/CCI_9_264_jpg.rf.0449e7ae651c2b179247212bf8548234.jpg,CCI_Caterpillars
/home/sivabharathi/Documents/FinalYearProject/CocoCare/ml/data/raw/kaggle/CCI_Leaflets/CCI_Leaflets/CCI_03__1_20.jpg,CCI_Leaflets
/home/sivabharathi/Documents/FinalYearProject/CocoCare/ml/data/raw/kaggle/CCI_Caterpillars/CCI_Caterpillars/CCI_10_320_jpg.rf.53e4fb8428a28ccdeeb2dafd6797cbf7.jpg,CCI_Caterpillars
/home/sivabharathi/Documents/FinalYearProject/CocoCare/ml/data/raw/kaggle/WCLWD_Flaccidity/WCLWD_Flaccidity/f_aug_0_9569.jpeg,WCLWD_Flaccidity
/home/sivabharathi/Documents/FinalYearProject/CocoCare/ml/data/raw/kaggle/WCLWD_Flaccidity/WCLWD_Flaccidity/f_aug_0_3381.jpeg,WCLWD_Flaccidity
/home/sivabharathi/Documents/FinalYearProject/CocoCare/ml/data/raw/kaggle/Healthy_Leaves/Healthy_Leaves/Healthy_leaf_110.jpg,Healthy_Leaves
/home/sivabharathi/Documents/FinalYearProject/CocoCare/ml/data/raw/kaggle/WCLWD_Yellowing/WCLWD_Yellowing/f_aug_0_7307.jpeg,WCLWD_Yellowing
/home/sivabharathi/Documents/FinalYearProject/CocoCare/ml/data/raw/kaggle/WCLWD_Flaccidity/WCLWD_Flaccidity/f_aug_0_7490.jpeg,WCLWD_Flaccidity
/home/sivabharathi/Documents/FinalYearProject/CocoCare/ml/data/raw/kaggle/WCLWD_Flaccidity/WCLWD_Flaccidity/f_aug_0_1829.jpeg,WCLWD_Flaccidity
/home/sivabharathi/Documents/FinalYearProject/CocoCare/ml/data/raw/kaggle/CCI_Leaflets/CCI_Leaflets/CCI_06__1_660.jpg,CCI_Leaflets
/home/sivabharathi/Documents/FinalYearProject/CocoCare/ml/data/raw/kaggle/WCLWD_Flaccidity/WCLWD_Flaccidity/f_aug_0_738.jpeg,WCLWD_Flaccidity
/home/sivabharathi/Documents/FinalYearProject/CocoCare/ml/data/raw/kaggle/CCI_Caterpillars/CCI_Caterpillars/CCI_2_200_jpg.rf.67969a33aac6ee29b4a55b5f76d1fc84.jpg,CCI_Caterpillars
/home/sivabharathi/Documents/FinalYearProject/CocoCare/ml/data/raw/kaggle/WCLWD_Yellowing/WCLWD_Yellowing/f_aug_0_3674.jpeg,WCLWD_Yellowing
/home/sivabharathi/Documents/FinalYearProject/CocoCare/ml/data/raw/kaggle/WCLWD_Flaccidity/WCLWD_Flaccidity/f_aug_0_2165.jpeg,WCLWD_Flaccidity
/home/sivabharathi/Documents/FinalYearProject/CocoCare/ml/data/raw/kaggle/CCI_Caterpillars/CCI_Caterpillars/CCI_1_376_jpg.rf.01bd842777b3858fee3c248ab7fe4eda.jpg,CCI_Caterpillars
/home/sivabharathi/Documents/FinalYearProject/CocoCare/ml/data/raw/kaggle/WCLWD_Yellowing/WCLWD_Yellowing/f_aug_0_7634.jpeg,WCLWD_Yellowing
/home/sivabharathi/Documents/FinalYearProject/CocoCare/ml/data/raw/kaggle/WCLWD_Flaccidity/WCLWD_Flaccidity/f_aug_0_621.jpeg,WCLWD_Flaccidity
/home/sivabharathi/Documents/FinalYearProject/CocoCare/ml/data/raw/kaggle/CCI_Caterpillars/CCI_Caterpillars/CCI_11_280_jpg.rf.9e678a8833565fe795fc059727ed323a.jpg,CCI_Caterpillars
/home/sivabharathi/Documents/FinalYearProject/CocoCare/ml/data/raw/kaggle/CCI_Caterpillars/CCI_Caterpillars/CCI_9_144_jpg.rf.fc41935fa523808aadb69dc2f68d5b25.jpg,CCI_Caterpillars
/home/sivabharathi/Documents/FinalYearProject/CocoCare/ml/data/raw/kaggle/WCLWD_Yellowing/WCLWD_Yellowing/f_aug_0_7583.jpeg,WCLWD_Yellowing
/home/sivabharathi/Documents/FinalYearProject/CocoCare/ml/data/raw/kaggle/CCI_Leaflets/CCI_Leaflets/CCI_09__1_340.jpg,CCI_Leaflets
/home/sivabharathi/Documents/FinalYearProject/CocoCare/ml/data/raw/kaggle/WCLWD_DryingofLeaflets/WCLWD_DryingofLeaflets/f_aug_0_5258.jpeg,WCLWD_DryingofLeaflets
/home/sivabharathi/Documents/FinalYearProject/CocoCare/ml/data/raw/kaggle/CCI_Leaflets/CCI_Leaflets/CCI_03__1_280.jpg,CCI_Leaflets
/home/sivabharathi/Documents/FinalYearProject/CocoCare/ml/data/raw/kaggle/WCLWD_Flaccidity/WCLWD_Flaccidity/f_aug_0_9040.jpeg,WCLWD_Flaccidity
/home/sivabharathi/Documents/FinalYearProject/CocoCare/ml/data/raw/kaggle/WCLWD_DryingofLeaflets/WCLWD_DryingofLeaflets/f_aug_0_6666.jpeg,WCLWD_DryingofLeaflets
/home/sivabharathi/Documents/FinalYearProject/CocoCare/ml/data/raw/kaggle/WCLWD_DryingofLeaflets/WCLWD_DryingofLeaflets/f_aug_0_311.jpeg,WCLWD_DryingofLeaflets
/home/sivabharathi/Documents/FinalYearProject/CocoCare/ml/data/raw/kaggle/CCI_Caterpillars/CCI_Caterpillars/CCI_2_256_jpg.rf.2969d13f98a8fbeb6255a00b902723d4.jpg,CCI_Caterpillars
/home/sivabharathi/Documents/FinalYearProject/CocoCare/ml/data/raw/kaggle/CCI_Leaflets/CCI_Leaflets/CCI_08__1_300.jpg,CCI_Leaflets
/home/sivabharathi/Documents/FinalYearProject/CocoCare/ml/data/raw/kaggle/WCLWD_DryingofLeaflets/WCLWD_DryingofLeaflets/f_aug_0_6867.jpeg,WCLWD_DryingofLeaflets
/home/sivabharathi/Documents/FinalYearProject/CocoCare/ml/data/raw/kaggle/WCLWD_Yellowing/WCLWD_Yellowing/f_aug_0_9278.jpeg,WCLWD_Yellowing
/home/sivabharathi/Documents/FinalYearProject/CocoCare/ml/data/raw/kaggle/WCLWD_Flaccidity/WCLWD_Flaccidity/f_aug_0_1844.jpeg,WCLWD_Flaccidity
/home/sivabharathi/Documents/FinalYearProject/CocoCare/ml/data/raw/kaggle/CCI_Caterpillars/CCI_Caterpillars/CCI_8_320_jpg.rf.683583121e426180a03de09a22e04acd.jpg,CCI_Caterpillars
/home/sivabharathi/Documents/FinalYearProject/CocoCare/ml/data/raw/kaggle/WCLWD_Flaccidity/WCLWD_Flaccidity/f_aug_0_9104.jpeg,WCLWD_Flaccidity
/home/sivabharathi/Documents/FinalYearProject/CocoCare/ml/data/raw/kaggle/CCI_Caterpillars/CCI_Caterpillars/CCI_2_25_jpg.rf.bd3d77924b428ed79c18d02f54c92594.jpg,CCI_Caterpillars
/home/sivabharathi/Documents/FinalYearProject/CocoCare/ml/data/raw/kaggle/WCLWD_DryingofLeaflets/WCLWD_DryingofLeaflets/f_aug_0_2653.jpeg,WCLWD_DryingofLeaflets
/home/sivabharathi/Documents/FinalYearProject/CocoCare/ml/data/raw/kaggle/WCLWD_Flaccidity/WCLWD_Flaccidity/f_aug_0_7813.jpeg,WCLWD_Flaccidity
/home/sivabharathi/Documents/FinalYearProject/CocoCare/ml/data/raw/kaggle/WCLWD_DryingofLeaflets/WCLWD_DryingofLeaflets/f_aug_0_846.jpeg,WCLWD_DryingofLeaflets
/home/sivabharathi/Documents/FinalYearProject/CocoCare/ml/data/raw/kaggle/WCLWD_DryingofLeaflets/WCLWD_DryingofLeaflets/f_aug_0_4973.jpeg,WCLWD_DryingofLeaflets
/home/sivabharathi/Documents/FinalYearProject/CocoCare/ml/data/raw/kaggle/WCLWD_Flaccidity/WCLWD_Flaccidity/f_aug_0_9937.jpeg,WCLWD_Flaccidity
/home/sivabharathi/Documents/FinalYearProject/CocoCare/ml/data/raw/kaggle/WCLWD_DryingofLeaflets/WCLWD_DryingofLeaflets/f_aug_0_7664.jpeg,WCLWD_DryingofLeaflets
/home/sivabharathi/Documents/FinalYearProject/CocoCare/ml/data/raw/kaggle/WCLWD_Yellowing/WCLWD_Yellowing/f_aug_0_2835.jpeg,WCLWD_Yellowing
/home/sivabharathi/Documents/FinalYearProject/CocoCare/ml/data/raw/kaggle/WCLWD_Flaccidity/WCLWD_Flaccidity/f_aug_0_7619.jpeg,WCLWD_Flaccidity
/home/sivabharathi/Documents/FinalYearProject/CocoCare/ml/data/raw/kaggle/WCLWD_Yellowing/WCLWD_Yellowing/f_aug_0_6414.jpeg,WCLWD_Yellowing
/home/sivabharathi/Documents/FinalYearProject/CocoCare/ml/data/raw/kaggle/CCI_Caterpillars/CCI_Caterpillars/CCI_11_232_jpg.rf.fc111c3d8ba3c172c7cef12846ccf31e.jpg,CCI_Caterpillars
/home/sivabharathi/Documents/FinalYearProject/CocoCare/ml/data/raw/kaggle/WCLWD_Yellowing/WCLWD_Yellowing/f_aug_0_7131.jpeg,WCLWD_Yellowing
/home/sivabharathi/Documents/FinalYearProject/CocoCare/ml/data/raw/kaggle/WCLWD_Flaccidity/WCLWD_Flaccidity/f_aug_0_3165.jpeg,WCLWD_Flaccidity
/home/sivabharathi/Documents/FinalYearProject/CocoCare/ml/data/raw/kaggle/CCI_Caterpillars/CCI_Caterpillars/CCI_3_20_jpg.rf.3effd9033b1b145c16a380ffc5d7201f.jpg,CCI_Caterpillars
/home/sivabharathi/Documents/FinalYearProject/CocoCare/ml/data/raw/kaggle/WCLWD_Flaccidity/WCLWD_Flaccidity/f_aug_0_2792.jpeg,WCLWD_Flaccidity
/home/sivabharathi/Documents/FinalYearProject/CocoCare/ml/data/raw/kaggle/CCI_Leaflets/CCI_Leaflets/CCI_13__1_960.jpg,CCI_Leaflets
/home/sivabharathi/Documents/FinalYearProject/CocoCare/ml/data/raw/kaggle/CCI_Caterpillars/CCI_Caterpillars/CCI_1_155_jpg.rf.f37466065b84985b899ee86305d7ba25.jpg,CCI_Caterpillars
/home/sivabharathi/Documents/FinalYearProject/CocoCare/ml/data/raw/kaggle/WCLWD_Flaccidity/WCLWD_Flaccidity/f_aug_0_5857.jpeg,WCLWD_Flaccidity
/home/sivabharathi/Documents/FinalYearProject/CocoCare/ml/data/raw/kaggle/WCLWD_Yellowing/WCLWD_Yellowing/f_aug_0_7201.jpeg,WCLWD_Yellowing
/home/sivabharathi/Documents/FinalYearProject/CocoCare/ml/data/raw/kaggle/WCLWD_Flaccidity/WCLWD_Flaccidity/f_aug_0_7656.jpeg,WCLWD_Flaccidity
/home/sivabharathi/Documents/FinalYearProject/CocoCare/ml/data/raw/kaggle/WCLWD_Yellowing/WCLWD_Yellowing/f_aug_0_8107.jpeg,WCLWD_Yellowing
/home/sivabharathi/Documents/FinalYearProject/CocoCare/ml/data/raw/kaggle/CCI_Caterpillars/CCI_Caterpillars/CCI_5_248_jpg.rf.d12658a08cb449900e8ca4604bb26789.jpg,CCI_Caterpillars
/home/sivabharathi/Documents/FinalYearProject/CocoCare/ml/data/raw/kaggle/CCI_Leaflets/CCI_Leaflets/CCI_05__1_240.jpg,CCI_Leaflets
/home/sivabharathi/Documents/FinalYearProject/CocoCare/ml/data/raw/kaggle/WCLWD_Flaccidity/WCLWD_Flaccidity/f_aug_0_1710.jpeg,WCLWD_Flaccidity
/home/sivabharathi/Documents/FinalYearProject/CocoCare/ml/data/raw/kaggle/WCLWD_Flaccidity/WCLWD_Flaccidity/f_aug_0_1331.jpeg,WCLWD_Flaccidity
/home/sivabharathi/Documents/FinalYearProject/CocoCare/ml/data/raw/kaggle/WCLWD_Flaccidity/WCLWD_Flaccidity/f_aug_0_3374.jpeg,WCLWD_Flaccidity
/home/sivabharathi/Documents/FinalYearProject/CocoCare/ml/data/raw/kaggle/CCI_Caterpillars/CCI_Caterpillars/i8_jpg.rf.95c6438d35938c8db87f032a9d1aea13.jpg,CCI_Caterpillars
/home/sivabharathi/Documents/FinalYearProject/CocoCare/ml/data/raw/kaggle/CCI_Leaflets/CCI_Leaflets/CCI_17__1_320.jpg,CCI_Leaflets
/home/sivabharathi/Documents/FinalYearProject/CocoCare/ml/data/raw/kaggle/WCLWD_DryingofLeaflets/WCLWD_DryingofLeaflets/f_aug_0_5740.jpeg,WCLWD_DryingofLeaflets
/home/sivabharathi/Documents/FinalYearProject/CocoCare/ml/data/raw/kaggle/WCLWD_DryingofLeaflets/WCLWD_DryingofLeaflets/f_aug_0_1457.jpeg,WCLWD_DryingofLeaflets
/home/sivabharathi/Documents/FinalYearProject/CocoCare/ml/data/raw/kaggle/WCLWD_DryingofLeaflets/WCLWD_DryingofLeaflets/f_aug_0_2437.jpeg,WCLWD_DryingofLeaflets
/home/sivabharathi/Documents/FinalYearProject/CocoCare/ml/data/raw/kaggle/WCLWD_Yellowing/WCLWD_Yellowing/f_aug_0_7484.jpeg,WCLWD_Yellowing
/home/sivabharathi/Documents/FinalYearProject/CocoCare/ml/data/raw/kaggle/WCLWD_DryingofLeaflets/WCLWD_DryingofLeaflets/f_aug_0_6181.jpeg,WCLWD_DryingofLeaflets
/home/sivabharathi/Documents/FinalYearProject/CocoCare/ml/data/raw/kaggle/CCI_Caterpillars/CCI_Caterpillars/i2_jpg.rf.6724122d279fe7af841479ab9e1aeb2e.jpg,CCI_Caterpillars
/home/sivabharathi/Documents/FinalYearProject/CocoCare/ml/data/raw/kaggle/WCLWD_DryingofLeaflets/WCLWD_DryingofLeaflets/f_aug_0_1174.jpeg,WCLWD_DryingofLeaflets
/home/sivabharathi/Documents/FinalYearProject/CocoCare/ml/data/raw/kaggle/WCLWD_DryingofLeaflets/WCLWD_DryingofLeaflets/f_aug_0_8452.jpeg,WCLWD_DryingofLeaflets
/home/sivabharathi/Documents/FinalYearProject/CocoCare/ml/data/raw/kaggle/WCLWD_DryingofLeaflets/WCLWD_DryingofLeaflets/f_aug_0_2363.jpeg,WCLWD_DryingofLeaflets
/home/sivabharathi/Documents/FinalYearProject/CocoCare/ml/data/raw/kaggle/CCI_Caterpillars/CCI_Caterpillars/CCI_3_50_jpg.rf.551daa57596097a62e8b7e6a9de8f0d8.jpg,CCI_Caterpillars
/home/sivabharathi/Documents/FinalYearProject/CocoCare/ml/data/raw/kaggle/WCLWD_Yellowing/WCLWD_Yellowing/f_aug_0_4408.jpeg,WCLWD_Yellowing
/home/sivabharathi/Documents/FinalYearProject/CocoCare/ml/data/raw/kaggle/WCLWD_Yellowing/WCLWD_Yellowing/f_aug_0_6548.jpeg,WCLWD_Yellowing
/home/sivabharathi/Documents/FinalYearProject/CocoCare/ml/data/raw/kaggle/WCLWD_Flaccidity/WCLWD_Flaccidity/f_aug_0_5268.jpeg,WCLWD_Flaccidity
/home/sivabharathi/Documents/FinalYearProject/CocoCare/ml/data/raw/kaggle/WCLWD_Yellowing/WCLWD_Yellowing/f_aug_0_6520.jpeg,WCLWD_Yellowing
/home/sivabharathi/Documents/FinalYearProject/CocoCare/ml/data/raw/kaggle/CCI_Leaflets/CCI_Leaflets/CCI_08__1_160.jpg,CCI_Leaflets
/home/sivabharathi/Documents/FinalYearProject/CocoCare/ml/data/raw/kaggle/CCI_Leaflets/CCI_Leaflets/CCI_15__1_1200.jpg,CCI_Leaflets
/home/sivabharathi/Documents/FinalYearProject/CocoCare/ml/data/raw/kaggle/WCLWD_Yellowing/WCLWD_Yellowing/f_aug_0_7019.jpeg,WCLWD_Yellowing
/home/sivabharathi/Documents/FinalYearProject/CocoCare/ml/data/raw/kaggle/WCLWD_DryingofLeaflets/WCLWD_DryingofLeaflets/f_aug_0_6628.jpeg,WCLWD_DryingofLeaflets
/home/sivabharathi/Documents/FinalYearProject/CocoCare/ml/data/raw/kaggle/WCLWD_Flaccidity/WCLWD_Flaccidity/f_aug_0_4041.jpeg,WCLWD_Flaccidity
/home/sivabharathi/Documents/FinalYearProject/CocoCare/ml/data/raw/kaggle/WCLWD_DryingofLeaflets/WCLWD_DryingofLeaflets/f_aug_0_4530.jpeg,WCLWD_DryingofLeaflets
/home/sivabharathi/Documents/FinalYearProject/CocoCare/ml/data/raw/kaggle/WCLWD_DryingofLeaflets/WCLWD_DryingofLeaflets/f_aug_0_1186.jpeg,WCLWD_DryingofLeaflets
/home/sivabharathi/Documents/FinalYearProject/CocoCare/ml/data/raw/kaggle/WCLWD_Flaccidity/WCLWD_Flaccidity/f_aug_0_2674.jpeg,WCLWD_Flaccidity
/home/sivabharathi/Documents/FinalYearProject/CocoCare/ml/data/raw/kaggle/WCLWD_Flaccidity/WCLWD_Flaccidity/f_aug_0_585.jpeg,WCLWD_Flaccidity
/home/sivabharathi/Documents/FinalYearProject/CocoCare/ml/data/raw/kaggle/CCI_Caterpillars/CCI_Caterpillars/CCI_9_320_jpg.rf.feb2cef344a00f9f5259a69233ae9d5a.jpg,CCI_Caterpillars
/home/sivabharathi/Documents/FinalYearProject/CocoCare/ml/data/raw/kaggle/CCI_Caterpillars/CCI_Caterpillars/CCI_12_64_jpg.rf.c5ba55a37a7632ecb8e5a78ba967c016.jpg,CCI_Caterpillars
/home/sivabharathi/Documents/FinalYearProject/CocoCare/ml/data/raw/kaggle/CCI_Leaflets/CCI_Leaflets/CCI_10__1_480.jpg,CCI_Leaflets
/home/sivabharathi/Documents/FinalYearProject/CocoCare/ml/data/raw/kaggle/WCLWD_Yellowing/WCLWD_Yellowing/f_aug_0_9516.jpeg,WCLWD_Yellowing
/home/sivabharathi/Documents/FinalYearProject/CocoCare/ml/data/raw/kaggle/WCLWD_DryingofLeaflets/WCLWD_DryingofLeaflets/f_aug_0_5684.jpeg,WCLWD_DryingofLeaflets
/home/sivabharathi/Documents/FinalYearProject/CocoCare/ml/data/raw/kaggle/WCLWD_Yellowing/WCLWD_Yellowing/f_aug_0_3586.jpeg,WCLWD_Yellowing
/home/sivabharathi/Documents/FinalYearProject/CocoCare/ml/data/raw/kaggle/WCLWD_DryingofLeaflets/WCLWD_DryingofLeaflets/f_aug_0_7452.jpeg,WCLWD_DryingofLeaflets
/home/sivabharathi/Documents/FinalYearProject/CocoCare/ml/data/raw/kaggle/Healthy_Leaves/Healthy_Leaves/Healthy_leaf_88.jpg,Healthy_Leaves
/home/sivabharathi/Documents/FinalYearProject/CocoCare/ml/data/raw/kaggle/WCLWD_DryingofLeaflets/WCLWD_DryingofLeaflets/f_aug_0_5748.jpeg,WCLWD_DryingofLeaflets
/home/sivabharathi/Documents/FinalYearProject/CocoCare/ml/data/raw/kaggle/WCLWD_Yellowing/WCLWD_Yellowing/f_aug_0_632.jpeg,WCLWD_Yellowing
/home/sivabharathi/Documents/FinalYearProject/CocoCare/ml/data/raw/kaggle/CCI_Caterpillars/CCI_Caterpillars/CCI_12_72_jpg.rf.d31039544906285396e5562de7409f63.jpg,CCI_Caterpillars
/home/sivabharathi/Documents/FinalYearProject/CocoCare/ml/data/raw/kaggle/WCLWD_DryingofLeaflets/WCLWD_DryingofLeaflets/f_aug_0_8707.jpeg,WCLWD_DryingofLeaflets
/home/sivabharathi/Documents/FinalYearProject/CocoCare/ml/data/raw/kaggle/CCI_Leaflets/CCI_Leaflets/IMG_2790.JPG,CCI_Leaflets
/home/sivabharathi/Documents/FinalYearProject/CocoCare/ml/data/raw/kaggle/CCI_Caterpillars/CCI_Caterpillars/CCI_8_264_jpg.rf.6cdae588d11bbf1469f8edca4787fd34.jpg,CCI_Caterpillars
/home/sivabharathi/Documents/FinalYearProject/CocoCare/ml/data/raw/kaggle/WCLWD_Yellowing/WCLWD_Yellowing/f_aug_0_552.jpeg,WCLWD_Yellowing
/home/sivabharathi/Documents/FinalYearProject/CocoCare/ml/data/raw/kaggle/WCLWD_Yellowing/WCLWD_Yellowing/f_aug_0_7852.jpeg,WCLWD_Yellowing
/home/sivabharathi/Documents/FinalYearProject/CocoCare/ml/data/raw/kaggle/CCI_Leaflets/CCI_Leaflets/CCI_09__1_0.jpg,CCI_Leaflets
/home/sivabharathi/Documents/FinalYearProject/CocoCare/ml/data/raw/kaggle/WCLWD_Flaccidity/WCLWD_Flaccidity/f_aug_0_4793.jpeg,WCLWD_Flaccidity
/home/sivabharathi/Documents/FinalYearProject/CocoCare/ml/data/raw/kaggle/WCLWD_Flaccidity/WCLWD_Flaccidity/f_aug_0_441.jpeg,WCLWD_Flaccidity
/home/sivabharathi/Documents/FinalYearProject/CocoCare/ml/data/raw/kaggle/WCLWD_DryingofLeaflets/WCLWD_DryingofLeaflets/f_aug_0_2243.jpeg,WCLWD_DryingofLeaflets
/home/sivabharathi/Documents/FinalYearProject/CocoCare/ml/data/raw/kaggle/CCI_Leaflets/CCI_Leaflets/CCI_05__1_80.jpg,CCI_Leaflets
/home/sivabharathi/Documents/FinalYearProject/CocoCare/ml/data/raw/kaggle/CCI_Caterpillars/CCI_Caterpillars/CCI_1_270_jpg.rf.51b4ab392b0cb04aea3440fc21b29f25.jpg,CCI_Caterpillars
/home/sivabharathi/Documents/FinalYearProject/CocoCare/ml/data/raw/kaggle/CCI_Caterpillars/CCI_Caterpillars/CCI_5_192_jpg.rf.1693722926f04459c8cdc90f0e79ea18.jpg,CCI_Caterpillars
/home/sivabharathi/Documents/FinalYearProject/CocoCare/ml/data/raw/kaggle/WCLWD_Flaccidity/WCLWD_Flaccidity/f_aug_0_2277.jpeg,WCLWD_Flaccidity
/home/sivabharathi/Documents/FinalYearProject/CocoCare/ml/data/raw/kaggle/WCLWD_DryingofLeaflets/WCLWD_DryingofLeaflets/f_aug_0_9705.jpeg,WCLWD_DryingofLeaflets
/home/sivabharathi/Documents/FinalYearProject/CocoCare/ml/data/raw/kaggle/WCLWD_Yellowing/WCLWD_Yellowing/f_aug_0_9878.jpeg,WCLWD_Yellowing
/home/sivabharathi/Documents/FinalYearProject/CocoCare/ml/data/raw/kaggle/CCI_Caterpillars/CCI_Caterpillars/CCI_9_312_jpg.rf.9019b42dfe3812028ea3d6e4cb068a8c.jpg,CCI_Caterpillars
/home/sivabharathi/Documents/FinalYearProject/CocoCare/ml/data/raw/kaggle/CCI_Leaflets/CCI_Leaflets/CCI_09__1_160.jpg,CCI_Leaflets
/home/sivabharathi/Documents/FinalYearProject/CocoCare/ml/data/raw/kaggle/WCLWD_Flaccidity/WCLWD_Flaccidity/f_aug_0_3934.jpeg,WCLWD_Flaccidity
/home/sivabharathi/Documents/FinalYearProject/CocoCare/ml/data/raw/kaggle/WCLWD_Yellowing/WCLWD_Yellowing/f_aug_0_7500.jpeg,WCLWD_Yellowing
/home/sivabharathi/Documents/FinalYearProject/CocoCare/ml/data/raw/kaggle/WCLWD_DryingofLeaflets/WCLWD_DryingofLeaflets/f_aug_0_7741.jpeg,WCLWD_DryingofLeaflets
/home/sivabharathi/Documents/FinalYearProject/CocoCare/ml/data/raw/kaggle/CCI_Caterpillars/CCI_Caterpillars/CCI_3_235_jpg.rf.53deec42a4d9a41723541a42605bc51c.jpg,CCI_Caterpillars
/home/sivabharathi/Documents/FinalYearProject/CocoCare/ml/data/raw/kaggle/WCLWD_DryingofLeaflets/WCLWD_DryingofLeaflets/f_aug_0_2020.jpeg,WCLWD_DryingofLeaflets
/home/sivabharathi/Documents/FinalYearProject/CocoCare/ml/data/raw/kaggle/WCLWD_Flaccidity/WCLWD_Flaccidity/f_aug_0_9734.jpeg,WCLWD_Flaccidity
/home/sivabharathi/Documents/FinalYearProject/CocoCare/ml/data/raw/kaggle/WCLWD_Flaccidity/WCLWD_Flaccidity/f_aug_0_522.jpeg,WCLWD_Flaccidity
/home/sivabharathi/Documents/FinalYearProject/CocoCare/ml/data/raw/kaggle/WCLWD_DryingofLeaflets/WCLWD_DryingofLeaflets/f_aug_0_1266.jpeg,WCLWD_DryingofLeaflets
/home/sivabharathi/Documents/FinalYearProject/CocoCare/ml/data/raw/kaggle/WCLWD_Yellowing/WCLWD_Yellowing/f_aug_0_5594.jpeg,WCLWD_Yellowing
/home/sivabharathi/Documents/FinalYearProject/CocoCare/ml/data/raw/kaggle/WCLWD_Flaccidity/WCLWD_Flaccidity/f_aug_0_3390.jpeg,WCLWD_Flaccidity
/home/sivabharathi/Documents/FinalYearProject/CocoCare/ml/data/raw/kaggle/CCI_Leaflets/CCI_Leaflets/IMG_2835.JPG,CCI_Leaflets
/home/sivabharathi/Documents/FinalYearProject/CocoCare/ml/data/raw/kaggle/CCI_Leaflets/CCI_Leaflets/CCI_13__1_560.jpg,CCI_Leaflets
/home/sivabharathi/Documents/FinalYearProject/CocoCare/ml/data/raw/kaggle/CCI_Leaflets/CCI_Leaflets/CCI_02__1_2140.jpg,CCI_Leaflets
/home/sivabharathi/Documents/FinalYearProject/CocoCare/ml/data/raw/kaggle/WCLWD_Flaccidity/WCLWD_Flaccidity/f_aug_0_4311.jpeg,WCLWD_Flaccidity
/home/sivabharathi/Documents/FinalYearProject/CocoCare/ml/data/raw/kaggle/CCI_Leaflets/CCI_Leaflets/CCI_01__1_120.jpg,CCI_Leaflets
/home/sivabharathi/Documents/FinalYearProject/CocoCare/ml/data/raw/kaggle/CCI_Leaflets/CCI_Leaflets/CCI_07__1_320.jpg,CCI_Leaflets
/home/sivabharathi/Documents/FinalYearProject/CocoCare/ml/data/raw/kaggle/WCLWD_Flaccidity/WCLWD_Flaccidity/f_aug_0_4110.jpeg,WCLWD_Flaccidity
/home/sivabharathi/Documents/FinalYearProject/CocoCare/ml/data/raw/kaggle/WCLWD_Flaccidity/WCLWD_Flaccidity/f_aug_0_227.jpeg,WCLWD_Flaccidity
/home/sivabharathi/Documents/FinalYearProject/CocoCare/ml/data/raw/kaggle/CCI_Leaflets/CCI_Leaflets/CCI_04__1_380.jpg,CCI_Leaflets
/home/sivabharathi/Documents/FinalYearProject/CocoCare/ml/data/raw/kaggle/WCLWD_DryingofLeaflets/WCLWD_DryingofLeaflets/DSC_0048.JPG,WCLWD_DryingofLeaflets
/home/sivabharathi/Documents/FinalYearProject/CocoCare/ml/data/raw/kaggle/WCLWD_Yellowing/WCLWD_Yellowing/f_aug_0_245.jpeg,WCLWD_Yellowing
/home/sivabharathi/Documents/FinalYearProject/CocoCare/ml/data/raw/kaggle/CCI_Caterpillars/CCI_Caterpillars/CCI_12_72_jpg.rf.3e782f2329197fb09d60dce2fdc7d675.jpg,CCI_Caterpillars
/home/sivabharathi/Documents/FinalYearProject/CocoCare/ml/data/raw/kaggle/CCI_Leaflets/CCI_Leaflets/CCI_06__1_80.jpg,CCI_Leaflets
/home/sivabharathi/Documents/FinalYearProject/CocoCare/ml/data/raw/kaggle/WCLWD_Yellowing/WCLWD_Yellowing/f_aug_0_9850.jpeg,WCLWD_Yellowing
/home/sivabharathi/Documents/FinalYearProject/CocoCare/ml/data/raw/kaggle/WCLWD_DryingofLeaflets/WCLWD_DryingofLeaflets/f_aug_0_4685.jpeg,WCLWD_DryingofLeaflets
/home/sivabharathi/Documents/FinalYearProject/CocoCare/ml/data/raw/kaggle/WCLWD_DryingofLeaflets/WCLWD_DryingofLeaflets/f_aug_0_1223.jpeg,WCLWD_DryingofLeaflets
/home/sivabharathi/Documents/FinalYearProject/CocoCare/ml/data/raw/kaggle/CCI_Caterpillars/CCI_Caterpillars/CCI_6_104_jpg.rf.69cc7e7e29be79f68d1b105e8c588f74.jpg,CCI_Caterpillars
/home/sivabharathi/Documents/FinalYearProject/CocoCare/ml/data/raw/kaggle/WCLWD_Yellowing/WCLWD_Yellowing/f_aug_0_2542.jpeg,WCLWD_Yellowing
/home/sivabharathi/Documents/FinalYearProject/CocoCare/ml/data/raw/kaggle/CCI_Leaflets/CCI_Leaflets/CCI_02__1_180.jpg,CCI_Leaflets
/home/sivabharathi/Documents/FinalYearProject/CocoCare/ml/data/raw/kaggle/CCI_Caterpillars/CCI_Caterpillars/CCI_11_8_jpg.rf.e663e0d23617ae2d698d289465b4d1a1.jpg,CCI_Caterpillars
/home/sivabharathi/Documents/FinalYearProject/CocoCare/ml/data/raw/kaggle/CCI_Leaflets/CCI_Leaflets/CCI_02__1_1680.jpg,CCI_Leaflets
/home/sivabharathi/Documents/FinalYearProject/CocoCare/ml/data/raw/kaggle/CCI_Caterpillars/CCI_Caterpillars/CCI_1_280_jpg.rf.8fdf1562b301c7f31271d0ce655c3fbf.jpg,CCI_Caterpillars
/home/sivabharathi/Documents/FinalYearProject/CocoCare/ml/data/raw/kaggle/WCLWD_Yellowing/WCLWD_Yellowing/f_aug_0_7302.jpeg,WCLWD_Yellowing
/home/sivabharathi/Documents/FinalYearProject/CocoCare/ml/data/raw/kaggle/WCLWD_Flaccidity/WCLWD_Flaccidity/f_aug_0_4630.jpeg,WCLWD_Flaccidity
/home/sivabharathi/Documents/FinalYearProject/CocoCare/ml/data/raw/kaggle/CCI_Leaflets/CCI_Leaflets/IMG_2804.JPG,CCI_Leaflets
/home/sivabharathi/Documents/FinalYearProject/CocoCare/ml/data/raw/kaggle/WCLWD_DryingofLeaflets/WCLWD_DryingofLeaflets/f_aug_0_405.jpeg,WCLWD_DryingofLeaflets
/home/sivabharathi/Documents/FinalYearProject/CocoCare/ml/data/raw/kaggle/WCLWD_Yellowing/WCLWD_Yellowing/f_aug_0_1144.jpeg,WCLWD_Yellowing
/home/sivabharathi/Documents/FinalYearProject/CocoCare/ml/data/raw/kaggle/CCI_Leaflets/CCI_Leaflets/CCI_07__1_300.jpg,CCI_Leaflets
/home/sivabharathi/Documents/FinalYearProject/CocoCare/ml/data/raw/kaggle/CCI_Leaflets/CCI_Leaflets/IMG_2799.JPG,CCI_Leaflets
/home/sivabharathi/Documents/FinalYearProject/CocoCare/ml/data/raw/kaggle/WCLWD_Yellowing/WCLWD_Yellowing/f_aug_0_8043.jpeg,WCLWD_Yellowing
/home/sivabharathi/Documents/FinalYearProject/CocoCare/ml/data/raw/kaggle/Healthy_Leaves/Healthy_Leaves/Healthy_leaf_112.jpg,Healthy_Leaves
/home/sivabharathi/Documents/FinalYearProject/CocoCare/ml/data/raw/kaggle/CCI_Leaflets/CCI_Leaflets/CCI_11__1_60.jpg,CCI_Leaflets
/home/sivabharathi/Documents/FinalYearProject/CocoCare/ml/data/raw/kaggle/WCLWD_Yellowing/WCLWD_Yellowing/f_aug_0_9677.jpeg,WCLWD_Yellowing
/home/sivabharathi/Documents/FinalYearProject/CocoCare/ml/data/raw/kaggle/CCI_Caterpillars/CCI_Caterpillars/CCI_5_176_jpg.rf.4b95d434403382819828c5814c317f0d.jpg,CCI_Caterpillars
/home/sivabharathi/Documents/FinalYearProject/CocoCare/ml/data/raw/kaggle/WCLWD_Flaccidity/WCLWD_Flaccidity/f_aug_0_2082.jpeg,WCLWD_Flaccidity
/home/sivabharathi/Documents/FinalYearProject/CocoCare/ml/data/raw/kaggle/WCLWD_Yellowing/WCLWD_Yellowing/f_aug_0_2789.jpeg,WCLWD_Yellowing
/home/sivabharathi/Documents/FinalYearProject/CocoCare/ml/data/raw/kaggle/CCI_Caterpillars/CCI_Caterpillars/CCI_10_184_jpg.rf.2ce4f01f63fe012428ccf4f0cd233c87.jpg,CCI_Caterpillars
/home/sivabharathi/Documents/FinalYearProject/CocoCare/ml/data/raw/kaggle/CCI_Leaflets/CCI_Leaflets/CCI_02__1_1720.jpg,CCI_Leaflets
/home/sivabharathi/Documents/FinalYearProject/CocoCare/ml/data/raw/kaggle/WCLWD_DryingofLeaflets/WCLWD_DryingofLeaflets/f_aug_0_5172.jpeg,WCLWD_DryingofLeaflets
/home/sivabharathi/Documents/FinalYearProject/CocoCare/ml/data/raw/kaggle/WCLWD_Yellowing/WCLWD_Yellowing/f_aug_0_1321.jpeg,WCLWD_Yellowing
/home/sivabharathi/Documents/FinalYearProject/CocoCare/ml/data/raw/kaggle/WCLWD_DryingofLeaflets/WCLWD_DryingofLeaflets/f_aug_0_4135.jpeg,WCLWD_DryingofLeaflets
/home/sivabharathi/Documents/FinalYearProject/CocoCare/ml/data/raw/kaggle/WCLWD_Yellowing/WCLWD_Yellowing/f_aug_0_4992.jpeg,WCLWD_Yellowing
/home/sivabharathi/Documents/FinalYearProject/CocoCare/ml/data/raw/kaggle/WCLWD_DryingofLeaflets/WCLWD_DryingofLeaflets/f_aug_0_7932.jpeg,WCLWD_DryingofLeaflets
/home/sivabharathi/Documents/FinalYearProject/CocoCare/ml/data/raw/kaggle/CCI_Caterpillars/CCI_Caterpillars/CCI_1_110_jpg.rf.9364c2def0cd6c55a4d2228b683d5e07.jpg,CCI_Caterpillars
/home/sivabharathi/Documents/FinalYearProject/CocoCare/ml/data/raw/kaggle/CCI_Caterpillars/CCI_Caterpillars/CCI_1_524_jpg.rf.a33a51fd3bf2de704f6a4eb9c2502a4d.jpg,CCI_Caterpillars
/home/sivabharathi/Documents/FinalYearProject/CocoCare/ml/data/raw/kaggle/WCLWD_DryingofLeaflets/WCLWD_DryingofLeaflets/f_aug_0_3203.jpeg,WCLWD_DryingofLeaflets
/home/sivabharathi/Documents/FinalYearProject/CocoCare/ml/data/raw/kaggle/WCLWD_Yellowing/WCLWD_Yellowing/f_aug_0_3529.jpeg,WCLWD_Yellowing
/home/sivabharathi/Documents/FinalYearProject/CocoCare/ml/data/raw/kaggle/WCLWD_Yellowing/WCLWD_Yellowing/f_aug_0_5153.jpeg,WCLWD_Yellowing
/home/sivabharathi/Documents/FinalYearProject/CocoCare/ml/data/raw/kaggle/WCLWD_DryingofLeaflets/WCLWD_DryingofLeaflets/f_aug_0_5969.jpeg,WCLWD_DryingofLeaflets
/home/sivabharathi/Documents/FinalYearProject/CocoCare/ml/data/raw/kaggle/WCLWD_Flaccidity/WCLWD_Flaccidity/f_aug_0_8237.jpeg,WCLWD_Flaccidity
/home/sivabharathi/Documents/FinalYearProject/CocoCare/ml/data/raw/kaggle/WCLWD_DryingofLeaflets/WCLWD_DryingofLeaflets/f_aug_0_7649.jpeg,WCLWD_DryingofLeaflets
/home/sivabharathi/Documents/FinalYearProject/CocoCare/ml/data/raw/kaggle/CCI_Leaflets/CCI_Leaflets/CCI_07__1_940.jpg,CCI_Leaflets
/home/sivabharathi/Documents/FinalYearProject/CocoCare/ml/data/raw/kaggle/CCI_Leaflets/CCI_Leaflets/CCI_05__1_700.jpg,CCI_Leaflets
/home/sivabharathi/Documents/FinalYearProject/CocoCare/ml/data/raw/kaggle/CCI_Caterpillars/CCI_Caterpillars/CCI_2_205_jpg.rf.c37bf7e62ff763e2af3cf68dd399247f.jpg,CCI_Caterpillars
/home/sivabharathi/Documents/FinalYearProject/CocoCare/ml/data/raw/kaggle/CCI_Caterpillars/CCI_Caterpillars/CCI_5_272_jpg.rf.de4d5cbb4456b1dbf028dc790d8cba29.jpg,CCI_Caterpillars
/home/sivabharathi/Documents/FinalYearProject/CocoCare/ml/data/raw/kaggle/WCLWD_DryingofLeaflets/WCLWD_DryingofLeaflets/f_aug_0_2520.jpeg,WCLWD_DryingofLeaflets
/home/sivabharathi/Documents/FinalYearProject/CocoCare/ml/data/raw/kaggle/WCLWD_Flaccidity/WCLWD_Flaccidity/f_aug_0_1289.jpeg,WCLWD_Flaccidity
/home/sivabharathi/Documents/FinalYearProject/CocoCare/ml/data/raw/kaggle/CCI_Caterpillars/CCI_Caterpillars/CCI_2_184_jpg.rf.3f177000fc6067fd7a80dbab9f0ec2ee.jpg,CCI_Caterpillars
/home/sivabharathi/Documents/FinalYearProject/CocoCare/ml/data/raw/kaggle/WCLWD_Flaccidity/WCLWD_Flaccidity/f_aug_0_2385.jpeg,WCLWD_Flaccidity
/home/sivabharathi/Documents/FinalYearProject/CocoCare/ml/data/raw/kaggle/WCLWD_DryingofLeaflets/WCLWD_DryingofLeaflets/f_aug_0_9102.jpeg,WCLWD_DryingofLeaflets
/home/sivabharathi/Documents/FinalYearProject/CocoCare/ml/data/raw/kaggle/WCLWD_DryingofLeaflets/WCLWD_DryingofLeaflets/f_aug_0_248.jpeg,WCLWD_DryingofLeaflets
/home/sivabharathi/Documents/FinalYearProject/CocoCare/ml/data/raw/kaggle/WCLWD_Yellowing/WCLWD_Yellowing/f_aug_0_3709.jpeg,WCLWD_Yellowing
/home/sivabharathi/Documents/FinalYearProject/CocoCare/ml/data/raw/kaggle/WCLWD_DryingofLeaflets/WCLWD_DryingofLeaflets/f_aug_0_5984.jpeg,WCLWD_DryingofLeaflets
/home/sivabharathi/Documents/FinalYearProject/CocoCare/ml/data/raw/kaggle/WCLWD_Yellowing/WCLWD_Yellowing/f_aug_0_8927.jpeg,WCLWD_Yellowing
/home/sivabharathi/Documents/FinalYearProject/CocoCare/ml/data/raw/kaggle/WCLWD_DryingofLeaflets/WCLWD_DryingofLeaflets/f_aug_0_1506.jpeg,WCLWD_DryingofLeaflets
/home/sivabharathi/Documents/FinalYearProject/CocoCare/ml/data/raw/kaggle/WCLWD_DryingofLeaflets/WCLWD_DryingofLeaflets/f_aug_0_2461.jpeg,WCLWD_DryingofLeaflets
/home/sivabharathi/Documents/FinalYearProject/CocoCare/ml/data/raw/kaggle/WCLWD_Yellowing/WCLWD_Yellowing/f_aug_0_7198.jpeg,WCLWD_Yellowing
/home/sivabharathi/Documents/FinalYearProject/CocoCare/ml/data/raw/kaggle/CCI_Caterpillars/CCI_Caterpillars/CCI_6_88_jpg.rf.ed8983bc3986f7b3155bf82813bd8645.jpg,CCI_Caterpillars
/home/sivabharathi/Documents/FinalYearProject/CocoCare/ml/data/raw/kaggle/CCI_Leaflets/CCI_Leaflets/CCI_10__1_620.jpg,CCI_Leaflets
/home/sivabharathi/Documents/FinalYearProject/CocoCare/ml/data/raw/kaggle/CCI_Caterpillars/CCI_Caterpillars/CCI_10_176_jpg.rf.6b36d1ea95e2bf7fa6772c9ab88e2540.jpg,CCI_Caterpillars
/home/sivabharathi/Documents/FinalYearProject/CocoCare/ml/data/raw/kaggle/CCI_Caterpillars/CCI_Caterpillars/CCI_3_85_jpg.rf.0b7738b3af685dd24bf8f62b3151fede.jpg,CCI_Caterpillars
/home/sivabharathi/Documents/FinalYearProject/CocoCare/ml/data/raw/kaggle/CCI_Caterpillars/CCI_Caterpillars/CCI_2_352_jpg.rf.c2532becea12b491afa56cbdb08a9f6e.jpg,CCI_Caterpillars
/home/sivabharathi/Documents/FinalYearProject/CocoCare/ml/data/raw/kaggle/WCLWD_Yellowing/WCLWD_Yellowing/f_aug_0_6925.jpeg,WCLWD_Yellowing
/home/sivabharathi/Documents/FinalYearProject/CocoCare/ml/data/raw/kaggle/WCLWD_Yellowing/WCLWD_Yellowing/f_aug_0_2021.jpeg,WCLWD_Yellowing
/home/sivabharathi/Documents/FinalYearProject/CocoCare/ml/data/raw/kaggle/WCLWD_Yellowing/WCLWD_Yellowing/f_aug_0_6248.jpeg,WCLWD_Yellowing
/home/sivabharathi/Documents/FinalYearProject/CocoCare/ml/data/raw/kaggle/WCLWD_DryingofLeaflets/WCLWD_DryingofLeaflets/f_aug_0_9908.jpeg,WCLWD_DryingofLeaflets
/home/sivabharathi/Documents/FinalYearProject/CocoCare/ml/data/raw/kaggle/WCLWD_DryingofLeaflets/WCLWD_DryingofLeaflets/f_aug_0_3594.jpeg,WCLWD_DryingofLeaflets
/home/sivabharathi/Documents/FinalYearProject/CocoCare/ml/data/raw/kaggle/WCLWD_Flaccidity/WCLWD_Flaccidity/f_aug_0_4403.jpeg,WCLWD_Flaccidity
/home/sivabharathi/Documents/FinalYearProject/CocoCare/ml/data/raw/kaggle/CCI_Caterpillars/CCI_Caterpillars/CCI_1_100_jpg.rf.9f29cca934a76137934d1c4c79d41d8f.jpg,CCI_Caterpillars
/home/sivabharathi/Documents/FinalYearProject/CocoCare/ml/data/raw/kaggle/WCLWD_DryingofLeaflets/WCLWD_DryingofLeaflets/f_aug_0_4250.jpeg,WCLWD_DryingofLeaflets
/home/sivabharathi/Documents/FinalYearProject/CocoCare/ml/data/raw/kaggle/WCLWD_Yellowing/WCLWD_Yellowing/f_aug_0_8594.jpeg,WCLWD_Yellowing
/home/sivabharathi/Documents/FinalYearProject/CocoCare/ml/data/raw/kaggle/WCLWD_Yellowing/WCLWD_Yellowing/f_aug_0_4264.jpeg,WCLWD_Yellowing
/home/sivabharathi/Documents/FinalYearProject/CocoCare/ml/data/raw/kaggle/WCLWD_Yellowing/WCLWD_Yellowing/f_aug_0_7959.jpeg,WCLWD_Yellowing
/home/sivabharathi/Documents/FinalYearProject/CocoCare/ml/data/raw/kaggle/CCI_Caterpillars/CCI_Caterpillars/CCI_7_8_jpg.rf.979cee0a1f40556871b89c3405c4aeaf.jpg,CCI_Caterpillars
/home/sivabharathi/Documents/FinalYearProject/CocoCare/ml/data/raw/kaggle/WCLWD_Yellowing/WCLWD_Yellowing/f_aug_0_6159.jpeg,WCLWD_Yellowing
/home/sivabharathi/Documents/FinalYearProject/CocoCare/ml/data/raw/kaggle/WCLWD_Yellowing/WCLWD_Yellowing/f_aug_0_9572.jpeg,WCLWD_Yellowing
/home/sivabharathi/Documents/FinalYearProject/CocoCare/ml/data/raw/kaggle/WCLWD_DryingofLeaflets/WCLWD_DryingofLeaflets/DSC_0005.JPG,WCLWD_DryingofLeaflets
/home/sivabharathi/Documents/FinalYearProject/CocoCare/ml/data/raw/kaggle/CCI_Caterpillars/CCI_Caterpillars/CCI_3_30_jpg.rf.34c42f465b0b025baa445941a8b73f30.jpg,CCI_Caterpillars
/home/sivabharathi/Documents/FinalYearProject/CocoCare/ml/data/raw/kaggle/WCLWD_DryingofLeaflets/WCLWD_DryingofLeaflets/f_aug_0_8530.jpeg,WCLWD_DryingofLeaflets
/home/sivabharathi/Documents/FinalYearProject/CocoCare/ml/data/raw/kaggle/WCLWD_Flaccidity/WCLWD_Flaccidity/f_aug_0_1657.jpeg,WCLWD_Flaccidity
/home/sivabharathi/Documents/FinalYearProject/CocoCare/ml/data/raw/kaggle/CCI_Caterpillars/CCI_Caterpillars/CCI_10_144_jpg.rf.cd7366b0ccd7cf6f03092509980a31f3.jpg,CCI_Caterpillars
/home/sivabharathi/Documents/FinalYearProject/CocoCare/ml/data/raw/kaggle/CCI_Leaflets/CCI_Leaflets/IMG_2608.JPG,CCI_Leaflets
/home/sivabharathi/Documents/FinalYearProject/CocoCare/ml/data/raw/kaggle/WCLWD_DryingofLeaflets/WCLWD_DryingofLeaflets/f_aug_0_6810.jpeg,WCLWD_DryingofLeaflets
/home/sivabharathi/Documents/FinalYearProject/CocoCare/ml/data/raw/kaggle/CCI_Leaflets/CCI_Leaflets/CCI_04__1_80.jpg,CCI_Leaflets
/home/sivabharathi/Documents/FinalYearProject/CocoCare/ml/data/raw/kaggle/WCLWD_DryingofLeaflets/WCLWD_DryingofLeaflets/f_aug_0_5580.jpeg,WCLWD_DryingofLeaflets
/home/sivabharathi/Documents/FinalYearProject/CocoCare/ml/data/raw/kaggle/WCLWD_Flaccidity/WCLWD_Flaccidity/f_aug_0_8512.jpeg,WCLWD_Flaccidity
/home/sivabharathi/Documents/FinalYearProject/CocoCare/ml/data/raw/kaggle/CCI_Caterpillars/CCI_Caterpillars/CCI_8_16_jpg.rf.177b0ed411066247650155ac3d8d0043.jpg,CCI_Caterpillars
/home/sivabharathi/Documents/FinalYearProject/CocoCare/ml/data/raw/kaggle/WCLWD_DryingofLeaflets/WCLWD_DryingofLeaflets/f_aug_0_3.jpeg,WCLWD_DryingofLeaflets
/home/sivabharathi/Documents/FinalYearProject/CocoCare/ml/data/raw/kaggle/CCI_Leaflets/CCI_Leaflets/CCI_13__1_540.jpg,CCI_Leaflets
/home/sivabharathi/Documents/FinalYearProject/CocoCare/ml/data/raw/kaggle/CCI_Caterpillars/CCI_Caterpillars/CCI_5_8_jpg.rf.cb3388c0f6e9c8192f7ff8627f22fb9b.jpg,CCI_Caterpillars
/home/sivabharathi/Documents/FinalYearProject/CocoCare/ml/data/raw/kaggle/WCLWD_DryingofLeaflets/WCLWD_DryingofLeaflets/f_aug_0_6761.jpeg,WCLWD_DryingofLeaflets
/home/sivabharathi/Documents/FinalYearProject/CocoCare/ml/data/raw/kaggle/CCI_Leaflets/CCI_Leaflets/IMG_2548.JPG,CCI_Leaflets
/home/sivabharathi/Documents/FinalYearProject/CocoCare/ml/data/raw/kaggle/WCLWD_DryingofLeaflets/WCLWD_DryingofLeaflets/f_aug_0_4925.jpeg,WCLWD_DryingofLeaflets
/home/sivabharathi/Documents/FinalYearProject/CocoCare/ml/data/raw/kaggle/CCI_Caterpillars/CCI_Caterpillars/CCI_3_205_jpg.rf.38f9bed7c7e59eb929950023c2f68bf0.jpg,CCI_Caterpillars
/home/sivabharathi/Documents/FinalYearProject/CocoCare/ml/data/raw/kaggle/CCI_Caterpillars/CCI_Caterpillars/CCI_7_0_jpg.rf.d054f2e655b05167ff357def44119cf4.jpg,CCI_Caterpillars
/home/sivabharathi/Documents/FinalYearProject/CocoCare/ml/data/raw/kaggle/CCI_Leaflets/CCI_Leaflets/CCI_01__1_240.jpg,CCI_Leaflets
/home/sivabharathi/Documents/FinalYearProject/CocoCare/ml/data/raw/kaggle/WCLWD_DryingofLeaflets/WCLWD_DryingofLeaflets/f_aug_0_7404.jpeg,WCLWD_DryingofLeaflets
/home/sivabharathi/Documents/FinalYearProject/CocoCare/ml/data/raw/kaggle/WCLWD_DryingofLeaflets/WCLWD_DryingofLeaflets/f_aug_0_3519.jpeg,WCLWD_DryingofLeaflets
/home/sivabharathi/Documents/FinalYearProject/CocoCare/ml/data/raw/kaggle/WCLWD_Flaccidity/WCLWD_Flaccidity/f_aug_0_6748.jpeg,WCLWD_Flaccidity
/home/sivabharathi/Documents/FinalYearProject/CocoCare/ml/data/raw/kaggle/WCLWD_Flaccidity/WCLWD_Flaccidity/f_aug_0_8047.jpeg,WCLWD_Flaccidity
/home/sivabharathi/Documents/FinalYearProject/CocoCare/ml/data/raw/kaggle/CCI_Leaflets/CCI_Leaflets/CCI_15__1_600.jpg,CCI_Leaflets
/home/sivabharathi/Documents/FinalYearProject/CocoCare/ml/data/raw/kaggle/Healthy_Leaves/Healthy_Leaves/Healthy_leaf_1.jpg,Healthy_Leaves
/home/sivabharathi/Documents/FinalYearProject/CocoCare/ml/data/raw/kaggle/WCLWD_DryingofLeaflets/WCLWD_DryingofLeaflets/f_aug_0_2667.jpeg,WCLWD_DryingofLeaflets
/home/sivabharathi/Documents/FinalYearProject/CocoCare/ml/data/raw/kaggle/WCLWD_Flaccidity/WCLWD_Flaccidity/f_aug_0_4004.jpeg,WCLWD_Flaccidity
/home/sivabharathi/Documents/FinalYearProject/CocoCare/ml/data/raw/kaggle/WCLWD_Yellowing/WCLWD_Yellowing/f_aug_0_7413.jpeg,WCLWD_Yellowing
/home/sivabharathi/Documents/FinalYearProject/CocoCare/ml/data/raw/kaggle/WCLWD_Yellowing/WCLWD_Yellowing/f_aug_0_722.jpeg,WCLWD_Yellowing
/home/sivabharathi/Documents/FinalYearProject/CocoCare/ml/data/raw/kaggle/WCLWD_Yellowing/WCLWD_Yellowing/f_aug_0_3219.jpeg,WCLWD_Yellowing
/home/sivabharathi/Documents/FinalYearProject/CocoCare/ml/data/raw/kaggle/WCLWD_Yellowing/WCLWD_Yellowing/f_aug_0_3477.jpeg,WCLWD_Yellowing
/home/sivabharathi/Documents/FinalYearProject/CocoCare/ml/data/raw/kaggle/WCLWD_Flaccidity/WCLWD_Flaccidity/f_aug_0_6221.jpeg,WCLWD_Flaccidity
/home/sivabharathi/Documents/FinalYearProject/CocoCare/ml/data/raw/kaggle/WCLWD_DryingofLeaflets/WCLWD_DryingofLeaflets/f_aug_0_931.jpeg,WCLWD_DryingofLeaflets
/home/sivabharathi/Documents/FinalYearProject/CocoCare/ml/data/raw/kaggle/WCLWD_DryingofLeaflets/WCLWD_DryingofLeaflets/f_aug_0_8453.jpeg,WCLWD_DryingofLeaflets
/home/sivabharathi/Documents/FinalYearProject/CocoCare/ml/data/raw/kaggle/WCLWD_Flaccidity/WCLWD_Flaccidity/f_aug_0_3884.jpeg,WCLWD_Flaccidity
/home/sivabharathi/Documents/FinalYearProject/CocoCare/ml/data/raw/kaggle/WCLWD_Flaccidity/WCLWD_Flaccidity/f_aug_0_9128.jpeg,WCLWD_Flaccidity
/home/sivabharathi/Documents/FinalYearProject/CocoCare/ml/data/raw/kaggle/WCLWD_DryingofLeaflets/WCLWD_DryingofLeaflets/f_aug_0_5282.jpeg,WCLWD_DryingofLeaflets
/home/sivabharathi/Documents/FinalYearProject/CocoCare/ml/data/raw/kaggle/CCI_Caterpillars/CCI_Caterpillars/CCI_1_528_jpg.rf.aaa6ade631e284d01ee360ea2feb513a.jpg,CCI_Caterpillars
/home/sivabharathi/Documents/FinalYearProject/CocoCare/ml/data/raw/kaggle/CCI_Caterpillars/CCI_Caterpillars/CCI_3_195_jpg.rf.d0253aecbaf1fa7582e5524d6412e18c.jpg,CCI_Caterpillars
/home/sivabharathi/Documents/FinalYearProject/CocoCare/ml/data/raw/kaggle/WCLWD_Yellowing/WCLWD_Yellowing/f_aug_0_6483.jpeg,WCLWD_Yellowing
/home/sivabharathi/Documents/FinalYearProject/CocoCare/ml/data/raw/kaggle/WCLWD_DryingofLeaflets/WCLWD_DryingofLeaflets/f_aug_0_8802.jpeg,WCLWD_DryingofLeaflets
/home/sivabharathi/Documents/FinalYearProject/CocoCare/ml/data/raw/kaggle/WCLWD_DryingofLeaflets/WCLWD_DryingofLeaflets/f_aug_0_2886.jpeg,WCLWD_DryingofLeaflets
/home/sivabharathi/Documents/FinalYearProject/CocoCare/ml/data/raw/kaggle/Healthy_Leaves/Healthy_Leaves/Healthy_leaf_68.jpg,Healthy_Leaves
/home/sivabharathi/Documents/FinalYearProject/CocoCare/ml/data/raw/kaggle/WCLWD_Yellowing/WCLWD_Yellowing/f_aug_0_4746.jpeg,WCLWD_Yellowing
/home/sivabharathi/Documents/FinalYearProject/CocoCare/ml/data/raw/kaggle/CCI_Caterpillars/CCI_Caterpillars/CCI_1_372_jpg.rf.fe80af52eb89b8b7abf739d80d3bcc72.jpg,CCI_Caterpillars
/home/sivabharathi/Documents/FinalYearProject/CocoCare/ml/data/raw/kaggle/WCLWD_Flaccidity/WCLWD_Flaccidity/f_aug_0_9212.jpeg,WCLWD_Flaccidity
/home/sivabharathi/Documents/FinalYearProject/CocoCare/ml/data/raw/kaggle/WCLWD_Yellowing/WCLWD_Yellowing/f_aug_0_1519.jpeg,WCLWD_Yellowing
/home/sivabharathi/Documents/FinalYearProject/CocoCare/ml/data/raw/kaggle/WCLWD_Yellowing/WCLWD_Yellowing/f_aug_0_2615.jpeg,WCLWD_Yellowing
/home/sivabharathi/Documents/FinalYearProject/CocoCare/ml/data/raw/kaggle/WCLWD_Yellowing/WCLWD_Yellowing/f_aug_0_8668.jpeg,WCLWD_Yellowing
/home/sivabharathi/Documents/FinalYearProject/CocoCare/ml/data/raw/kaggle/WCLWD_Yellowing/WCLWD_Yellowing/f_aug_0_6207.jpeg,WCLWD_Yellowing
/home/sivabharathi/Documents/FinalYearProject/CocoCare/ml/data/raw/kaggle/WCLWD_DryingofLeaflets/WCLWD_DryingofLeaflets/f_aug_0_2337.jpeg,WCLWD_DryingofLeaflets
/home/sivabharathi/Documents/FinalYearProject/CocoCare/ml/data/raw/kaggle/WCLWD_DryingofLeaflets/WCLWD_DryingofLeaflets/f_aug_0_2902.jpeg,WCLWD_DryingofLeaflets
/home/sivabharathi/Documents/FinalYearProject/CocoCare/ml/data/raw/kaggle/WCLWD_DryingofLeaflets/WCLWD_DryingofLeaflets/f_aug_0_3877.jpeg,WCLWD_DryingofLeaflets
/home/sivabharathi/Documents/FinalYearProject/CocoCare/ml/data/raw/kaggle/WCLWD_Yellowing/WCLWD_Yellowing/f_aug_0_2654.jpeg,WCLWD_Yellowing
/home/sivabharathi/Documents/FinalYearProject/CocoCare/ml/data/raw/kaggle/WCLWD_Flaccidity/WCLWD_Flaccidity/f_aug_0_417.jpeg,WCLWD_Flaccidity
/home/sivabharathi/Documents/FinalYearProject/CocoCare/ml/data/raw/kaggle/WCLWD_DryingofLeaflets/WCLWD_DryingofLeaflets/f_aug_0_1807.jpeg,WCLWD_DryingofLeaflets
/home/sivabharathi/Documents/FinalYearProject/CocoCare/ml/data/raw/kaggle/CCI_Caterpillars/CCI_Caterpillars/CCI_9_56_jpg.rf.f95a775dfd20e2c248c1075597264819.jpg,CCI_Caterpillars
/home/sivabharathi/Documents/FinalYearProject/CocoCare/ml/data/raw/kaggle/CCI_Caterpillars/CCI_Caterpillars/CCI_9_368_jpg.rf.f018b6ac74d3ba488cebbeb134707e55.jpg,CCI_Caterpillars
/home/sivabharathi/Documents/FinalYearProject/CocoCare/ml/data/raw/kaggle/WCLWD_Flaccidity/WCLWD_Flaccidity/f_aug_0_4326.jpeg,WCLWD_Flaccidity
/home/sivabharathi/Documents/FinalYearProject/CocoCare/ml/data/raw/kaggle/WCLWD_DryingofLeaflets/WCLWD_DryingofLeaflets/f_aug_0_1754.jpeg,WCLWD_DryingofLeaflets
/home/sivabharathi/Documents/FinalYearProject/CocoCare/ml/data/raw/kaggle/CCI_Caterpillars/CCI_Caterpillars/CCI_5_272_jpg.rf.bf06a24a59c5bcaff575ff0bdffe11f8.jpg,CCI_Caterpillars
/home/sivabharathi/Documents/FinalYearProject/CocoCare/ml/data/raw/kaggle/WCLWD_Yellowing/WCLWD_Yellowing/f_aug_0_643.jpeg,WCLWD_Yellowing
/home/sivabharathi/Documents/FinalYearProject/CocoCare/ml/data/raw/kaggle/WCLWD_DryingofLeaflets/WCLWD_DryingofLeaflets/f_aug_0_3467.jpeg,WCLWD_DryingofLeaflets
/home/sivabharathi/Documents/FinalYearProject/CocoCare/ml/data/raw/kaggle/WCLWD_DryingofLeaflets/WCLWD_DryingofLeaflets/f_aug_0_7736.jpeg,WCLWD_DryingofLeaflets
/home/sivabharathi/Documents/FinalYearProject/CocoCare/ml/data/raw/kaggle/WCLWD_Yellowing/WCLWD_Yellowing/f_aug_0_251.jpeg,WCLWD_Yellowing
/home/sivabharathi/Documents/FinalYearProject/CocoCare/ml/data/raw/kaggle/WCLWD_DryingofLeaflets/WCLWD_DryingofLeaflets/f_aug_0_1903.jpeg,WCLWD_DryingofLeaflets
/home/sivabharathi/Documents/FinalYearProject/CocoCare/ml/data/raw/kaggle/CCI_Caterpillars/CCI_Caterpillars/CCI_4_88_jpg.rf.59d8a0d11cf744ed85dc2d395effec0f.jpg,CCI_Caterpillars
/home/sivabharathi/Documents/FinalYearProject/CocoCare/ml/data/raw/kaggle/WCLWD_DryingofLeaflets/WCLWD_DryingofLeaflets/f_aug_0_2846.jpeg,WCLWD_DryingofLeaflets
/home/sivabharathi/Documents/FinalYearProject/CocoCare/ml/data/raw/kaggle/WCLWD_Flaccidity/WCLWD_Flaccidity/f_aug_0_6168.jpeg,WCLWD_Flaccidity
/home/sivabharathi/Documents/FinalYearProject/CocoCare/ml/data/raw/kaggle/CCI_Caterpillars/CCI_Caterpillars/CCI_2_135_jpg.rf.1b8e8016670c154dfe8b640f8f7b5504.jpg,CCI_Caterpillars
/home/sivabharathi/Documents/FinalYearProject/CocoCare/ml/data/raw/kaggle/WCLWD_Yellowing/WCLWD_Yellowing/f_aug_0_7032.jpeg,WCLWD_Yellowing
/home/sivabharathi/Documents/FinalYearProject/CocoCare/ml/data/raw/kaggle/CCI_Caterpillars/CCI_Caterpillars/CCI_1_300_jpg.rf.694324f4ce8e90b58abdd0aba8936481.jpg,CCI_Caterpillars
/home/sivabharathi/Documents/FinalYearProject/CocoCare/ml/data/raw/kaggle/Healthy_Leaves/Healthy_Leaves/Healthy_leaf_64.jpg,Healthy_Leaves
/home/sivabharathi/Documents/FinalYearProject/CocoCare/ml/data/raw/kaggle/CCI_Caterpillars/CCI_Caterpillars/CCI_10_336_jpg.rf.5d490dbb0de1f2b2f1f7383b99e4c35e.jpg,CCI_Caterpillars
/home/sivabharathi/Documents/FinalYearProject/CocoCare/ml/data/raw/kaggle/CCI_Leaflets/CCI_Leaflets/CCI_10__1_520.jpg,CCI_Leaflets
/home/sivabharathi/Documents/FinalYearProject/CocoCare/ml/data/raw/kaggle/CCI_Caterpillars/CCI_Caterpillars/CCI_10_104_jpg.rf.8e80a645817ecfbe965f6a86b4226a67.jpg,CCI_Caterpillars
/home/sivabharathi/Documents/FinalYearProject/CocoCare/ml/data/raw/kaggle/CCI_Caterpillars/CCI_Caterpillars/CCI_2_144_jpg.rf.ef4d8d05b460c7abb47ddbdaf8e3ea9b.jpg,CCI_Caterpillars
/home/sivabharathi/Documents/FinalYearProject/CocoCare/ml/data/raw/kaggle/WCLWD_DryingofLeaflets/WCLWD_DryingofLeaflets/f_aug_0_1410.jpeg,WCLWD_DryingofLeaflets
/home/sivabharathi/Documents/FinalYearProject/CocoCare/ml/data/raw/kaggle/WCLWD_DryingofLeaflets/WCLWD_DryingofLeaflets/f_aug_0_2668.jpeg,WCLWD_DryingofLeaflets
/home/sivabharathi/Documents/FinalYearProject/CocoCare/ml/data/raw/kaggle/CCI_Caterpillars/CCI_Caterpillars/CCI_3_10_jpg.rf.d6f12b29a55823d460a1b933dd658a1d.jpg,CCI_Caterpillars
/home/sivabharathi/Documents/FinalYearProject/CocoCare/ml/data/raw/kaggle/CCI_Leaflets/CCI_Leaflets/CCI_02__1_2180.jpg,CCI_Leaflets
/home/sivabharathi/Documents/FinalYearProject/CocoCare/ml/data/raw/kaggle/CCI_Caterpillars/CCI_Caterpillars/CCI_4_80_jpg.rf.5c3e1c3aacbbd8a51697cd75fa2d651e.jpg,CCI_Caterpillars
/home/sivabharathi/Documents/FinalYearProject/CocoCare/ml/data/raw/kaggle/CCI_Caterpillars/CCI_Caterpillars/CCI_8_168_jpg.rf.75a83e075d26a8051db6ccfa94baa9b1.jpg,CCI_Caterpillars
/home/sivabharathi/Documents/FinalYearProject/CocoCare/ml/data/raw/kaggle/CCI_Leaflets/CCI_Leaflets/CCI_08__1_40.jpg,CCI_Leaflets
/home/sivabharathi/Documents/FinalYearProject/CocoCare/ml/data/raw/kaggle/WCLWD_Yellowing/WCLWD_Yellowing/f_aug_0_4823.jpeg,WCLWD_Yellowing
/home/sivabharathi/Documents/FinalYearProject/CocoCare/ml/data/raw/kaggle/WCLWD_Yellowing/WCLWD_Yellowing/f_aug_0_2383.jpeg,WCLWD_Yellowing
/home/sivabharathi/Documents/FinalYearProject/CocoCare/ml/data/raw/kaggle/WCLWD_Flaccidity/WCLWD_Flaccidity/f_aug_0_6866.jpeg,WCLWD_Flaccidity
/home/sivabharathi/Documents/FinalYearProject/CocoCare/ml/data/raw/kaggle/WCLWD_Yellowing/WCLWD_Yellowing/f_aug_0_5920.jpeg,WCLWD_Yellowing
/home/sivabharathi/Documents/FinalYearProject/CocoCare/ml/data/raw/kaggle/WCLWD_DryingofLeaflets/WCLWD_DryingofLeaflets/f_aug_0_8349.jpeg,WCLWD_DryingofLeaflets
/home/sivabharathi/Documents/FinalYearProject/CocoCare/ml/data/raw/kaggle/WCLWD_Yellowing/WCLWD_Yellowing/f_aug_0_426.jpeg,WCLWD_Yellowing
/home/sivabharathi/Documents/FinalYearProject/CocoCare/ml/data/raw/kaggle/WCLWD_DryingofLeaflets/WCLWD_DryingofLeaflets/f_aug_0_3056.jpeg,WCLWD_DryingofLeaflets
/home/sivabharathi/Documents/FinalYearProject/CocoCare/ml/data/raw/kaggle/CCI_Leaflets/CCI_Leaflets/CCI_07__1_160.jpg,CCI_Leaflets
/home/sivabharathi/Documents/FinalYearProject/CocoCare/ml/data/raw/kaggle/WCLWD_Flaccidity/WCLWD_Flaccidity/f_aug_0_3824.jpeg,WCLWD_Flaccidity
/home/sivabharathi/Documents/FinalYearProject/CocoCare/ml/data/raw/kaggle/WCLWD_Yellowing/WCLWD_Yellowing/f_aug_0_3011.jpeg,WCLWD_Yellowing
/home/sivabharathi/Documents/FinalYearProject/CocoCare/ml/data/raw/kaggle/WCLWD_Yellowing/WCLWD_Yellowing/f_aug_0_6412.jpeg,WCLWD_Yellowing
/home/sivabharathi/Documents/FinalYearProject/CocoCare/ml/data/raw/kaggle/WCLWD_Flaccidity/WCLWD_Flaccidity/f_aug_0_8672.jpeg,WCLWD_Flaccidity
/home/sivabharathi/Documents/FinalYearProject/CocoCare/ml/data/raw/kaggle/WCLWD_Yellowing/WCLWD_Yellowing/f_aug_0_6850.jpeg,WCLWD_Yellowing
/home/sivabharathi/Documents/FinalYearProject/CocoCare/ml/data/raw/kaggle/WCLWD_Flaccidity/WCLWD_Flaccidity/f_aug_0_6217.jpeg,WCLWD_Flaccidity
/home/sivabharathi/Documents/FinalYearProject/CocoCare/ml/data/raw/kaggle/CCI_Leaflets/CCI_Leaflets/IMG_2719.JPG,CCI_Leaflets
/home/sivabharathi/Documents/FinalYearProject/CocoCare/ml/data/raw/kaggle/WCLWD_DryingofLeaflets/WCLWD_DryingofLeaflets/f_aug_0_563.jpeg,WCLWD_DryingofLeaflets
/home/sivabharathi/Documents/FinalYearProject/CocoCare/ml/data/raw/kaggle/CCI_Leaflets/CCI_Leaflets/CCI_07__1_500.jpg,CCI_Leaflets
/home/sivabharathi/Documents/FinalYearProject/CocoCare/ml/data/raw/kaggle/WCLWD_DryingofLeaflets/WCLWD_DryingofLeaflets/f_aug_0_5799.jpeg,WCLWD_DryingofLeaflets
/home/sivabharathi/Documents/FinalYearProject/CocoCare/ml/data/raw/kaggle/CCI_Leaflets/CCI_Leaflets/IMG_2749.JPG,CCI_Leaflets
/home/sivabharathi/Documents/FinalYearProject/CocoCare/ml/data/raw/kaggle/CCI_Leaflets/CCI_Leaflets/CCI_05__1_260.jpg,CCI_Leaflets
/home/sivabharathi/Documents/FinalYearProject/CocoCare/ml/data/raw/kaggle/CCI_Leaflets/CCI_Leaflets/CCI_11__1_20.jpg,CCI_Leaflets
/home/sivabharathi/Documents/FinalYearProject/CocoCare/ml/data/raw/kaggle/WCLWD_Flaccidity/WCLWD_Flaccidity/f_aug_0_7876.jpeg,WCLWD_Flaccidity
/home/sivabharathi/Documents/FinalYearProject/CocoCare/ml/data/raw/kaggle/WCLWD_Flaccidity/WCLWD_Flaccidity/f_aug_0_7773.jpeg,WCLWD_Flaccidity
/home/sivabharathi/Documents/FinalYearProject/CocoCare/ml/data/raw/kaggle/WCLWD_Yellowing/WCLWD_Yellowing/f_aug_0_21.jpeg,WCLWD_Yellowing
/home/sivabharathi/Documents/FinalYearProject/CocoCare/ml/data/raw/kaggle/CCI_Caterpillars/CCI_Caterpillars/CCI_5_136_jpg.rf.a14f72f900d4381b2b782d352e992e23.jpg,CCI_Caterpillars
/home/sivabharathi/Documents/FinalYearProject/CocoCare/ml/data/raw/kaggle/WCLWD_Flaccidity/WCLWD_Flaccidity/f_aug_0_3541.jpeg,WCLWD_Flaccidity
/home/sivabharathi/Documents/FinalYearProject/CocoCare/ml/data/raw/kaggle/WCLWD_Flaccidity/WCLWD_Flaccidity/f_aug_0_9363.jpeg,WCLWD_Flaccidity
/home/sivabharathi/Documents/FinalYearProject/CocoCare/ml/data/raw/kaggle/WCLWD_Flaccidity/WCLWD_Flaccidity/f_aug_0_3773.jpeg,WCLWD_Flaccidity
/home/sivabharathi/Documents/FinalYearProject/CocoCare/ml/data/raw/kaggle/WCLWD_Flaccidity/WCLWD_Flaccidity/f_aug_0_6209.jpeg,WCLWD_Flaccidity
/home/sivabharathi/Documents/FinalYearProject/CocoCare/ml/data/raw/kaggle/WCLWD_DryingofLeaflets/WCLWD_DryingofLeaflets/f_aug_0_8646.jpeg,WCLWD_DryingofLeaflets
/home/sivabharathi/Documents/FinalYearProject/CocoCare/ml/data/raw/kaggle/WCLWD_DryingofLeaflets/WCLWD_DryingofLeaflets/f_aug_0_7843.jpeg,WCLWD_DryingofLeaflets
/home/sivabharathi/Documents/FinalYearProject/CocoCare/ml/data/raw/kaggle/WCLWD_Flaccidity/WCLWD_Flaccidity/f_aug_0_5348.jpeg,WCLWD_Flaccidity
/home/sivabharathi/Documents/FinalYearProject/CocoCare/ml/data/raw/kaggle/CCI_Leaflets/CCI_Leaflets/CCI_12__1_900.jpg,CCI_Leaflets
/home/sivabharathi/Documents/FinalYearProject/CocoCare/ml/data/raw/kaggle/CCI_Caterpillars/CCI_Caterpillars/CCI_12_176_jpg.rf.c09e9106d8c7a462cf69b3ebc250246e.jpg,CCI_Caterpillars
/home/sivabharathi/Documents/FinalYearProject/CocoCare/ml/data/raw/kaggle/WCLWD_Yellowing/WCLWD_Yellowing/f_aug_0_7924.jpeg,WCLWD_Yellowing
/home/sivabharathi/Documents/FinalYearProject/CocoCare/ml/data/raw/kaggle/WCLWD_DryingofLeaflets/WCLWD_DryingofLeaflets/DSC_0148.JPG,WCLWD_DryingofLeaflets
/home/sivabharathi/Documents/FinalYearProject/CocoCare/ml/data/raw/kaggle/WCLWD_Yellowing/WCLWD_Yellowing/f_aug_0_1504.jpeg,WCLWD_Yellowing
/home/sivabharathi/Documents/FinalYearProject/CocoCare/ml/data/raw/kaggle/WCLWD_DryingofLeaflets/WCLWD_DryingofLeaflets/f_aug_0_1285.jpeg,WCLWD_DryingofLeaflets
/home/sivabharathi/Documents/FinalYearProject/CocoCare/ml/data/raw/kaggle/CCI_Caterpillars/CCI_Caterpillars/CCI_5_344_jpg.rf.f5cfbf03f943f17d67526ce8979b3dc8.jpg,CCI_Caterpillars
/home/sivabharathi/Documents/FinalYearProject/CocoCare/ml/data/raw/kaggle/CCI_Caterpillars/CCI_Caterpillars/CCI_2_210_jpg.rf.8f09c01930d9c844a27a129d7e82eb72.jpg,CCI_Caterpillars
/home/sivabharathi/Documents/FinalYearProject/CocoCare/ml/data/raw/kaggle/WCLWD_Yellowing/WCLWD_Yellowing/f_aug_0_7180.jpeg,WCLWD_Yellowing
/home/sivabharathi/Documents/FinalYearProject/CocoCare/ml/data/raw/kaggle/WCLWD_Yellowing/WCLWD_Yellowing/f_aug_0_788.jpeg,WCLWD_Yellowing
/home/sivabharathi/Documents/FinalYearProject/CocoCare/ml/data/raw/kaggle/WCLWD_DryingofLeaflets/WCLWD_DryingofLeaflets/f_aug_0_7012.jpeg,WCLWD_DryingofLeaflets
/home/sivabharathi/Documents/FinalYearProject/CocoCare/ml/data/raw/kaggle/CCI_Leaflets/CCI_Leaflets/IMG_2621.JPG,CCI_Leaflets
/home/sivabharathi/Documents/FinalYearProject/CocoCare/ml/data/raw/kaggle/WCLWD_Yellowing/WCLWD_Yellowing/f_aug_0_4869.jpeg,WCLWD_Yellowing
/home/sivabharathi/Documents/FinalYearProject/CocoCare/ml/data/raw/kaggle/WCLWD_Yellowing/WCLWD_Yellowing/f_aug_0_6209.jpeg,WCLWD_Yellowing
/home/sivabharathi/Documents/FinalYearProject/CocoCare/ml/data/raw/kaggle/WCLWD_Flaccidity/WCLWD_Flaccidity/f_aug_0_4131.jpeg,WCLWD_Flaccidity
/home/sivabharathi/Documents/FinalYearProject/CocoCare/ml/data/raw/kaggle/WCLWD_Flaccidity/WCLWD_Flaccidity/f_aug_0_120.jpeg,WCLWD_Flaccidity
/home/sivabharathi/Documents/FinalYearProject/CocoCare/ml/data/raw/kaggle/CCI_Caterpillars/CCI_Caterpillars/CCI_3_90_jpg.rf.e390dcc9f2cd59753becbcc720e680c9.jpg,CCI_Caterpillars
/home/sivabharathi/Documents/FinalYearProject/CocoCare/ml/data/raw/kaggle/WCLWD_Flaccidity/WCLWD_Flaccidity/f_aug_0_8661.jpeg,WCLWD_Flaccidity
/home/sivabharathi/Documents/FinalYearProject/CocoCare/ml/data/raw/kaggle/WCLWD_Yellowing/WCLWD_Yellowing/f_aug_0_8704.jpeg,WCLWD_Yellowing
/home/sivabharathi/Documents/FinalYearProject/CocoCare/ml/data/raw/kaggle/WCLWD_DryingofLeaflets/WCLWD_DryingofLeaflets/f_aug_0_3655.jpeg,WCLWD_DryingofLeaflets
/home/sivabharathi/Documents/FinalYearProject/CocoCare/ml/data/raw/kaggle/WCLWD_Flaccidity/WCLWD_Flaccidity/f_aug_0_7906.jpeg,WCLWD_Flaccidity
/home/sivabharathi/Documents/FinalYearProject/CocoCare/ml/data/raw/kaggle/WCLWD_DryingofLeaflets/WCLWD_DryingofLeaflets/f_aug_0_7226.jpeg,WCLWD_DryingofLeaflets
/home/sivabharathi/Documents/FinalYearProject/CocoCare/ml/data/raw/kaggle/CCI_Leaflets/CCI_Leaflets/CCI_01__1_860.jpg,CCI_Leaflets
/home/sivabharathi/Documents/FinalYearProject/CocoCare/ml/data/raw/kaggle/WCLWD_DryingofLeaflets/WCLWD_DryingofLeaflets/f_aug_0_5801.jpeg,WCLWD_DryingofLeaflets
/home/sivabharathi/Documents/FinalYearProject/CocoCare/ml/data/raw/kaggle/WCLWD_Flaccidity/WCLWD_Flaccidity/f_aug_0_8925.jpeg,WCLWD_Flaccidity
/home/sivabharathi/Documents/FinalYearProject/CocoCare/ml/data/raw/kaggle/CCI_Caterpillars/CCI_Caterpillars/CCI_9_248_jpg.rf.5cf67c7e0410634eaabf3b5825b9e06a.jpg,CCI_Caterpillars
/home/sivabharathi/Documents/FinalYearProject/CocoCare/ml/data/raw/kaggle/WCLWD_Yellowing/WCLWD_Yellowing/f_aug_0_2270.jpeg,WCLWD_Yellowing
/home/sivabharathi/Documents/FinalYearProject/CocoCare/ml/data/raw/kaggle/CCI_Leaflets/CCI_Leaflets/CCI_02__1_140.jpg,CCI_Leaflets
/home/sivabharathi/Documents/FinalYearProject/CocoCare/ml/data/raw/kaggle/WCLWD_DryingofLeaflets/WCLWD_DryingofLeaflets/f_aug_0_3929.jpeg,WCLWD_DryingofLeaflets
/home/sivabharathi/Documents/FinalYearProject/CocoCare/ml/data/raw/kaggle/CCI_Caterpillars/CCI_Caterpillars/CCI_9_168_jpg.rf.9e16725543daa24a4718d04d73f66e8a.jpg,CCI_Caterpillars
/home/sivabharathi/Documents/FinalYearProject/CocoCare/ml/data/raw/kaggle/WCLWD_DryingofLeaflets/WCLWD_DryingofLeaflets/f_aug_0_8144.jpeg,WCLWD_DryingofLeaflets
/home/sivabharathi/Documents/FinalYearProject/CocoCare/ml/data/raw/kaggle/CCI_Caterpillars/CCI_Caterpillars/CCI_10_88_jpg.rf.0c1c0450d1f44db3a5813a08ff51d931.jpg,CCI_Caterpillars
/home/sivabharathi/Documents/FinalYearProject/CocoCare/ml/data/raw/kaggle/CCI_Caterpillars/CCI_Caterpillars/CCI_8_120_jpg.rf.da83ec8fd0393f8f87f1181dd9afbad8.jpg,CCI_Caterpillars
/home/sivabharathi/Documents/FinalYearProject/CocoCare/ml/data/raw/kaggle/WCLWD_Yellowing/WCLWD_Yellowing/f_aug_0_1331.jpeg,WCLWD_Yellowing
/home/sivabharathi/Documents/FinalYearProject/CocoCare/ml/data/raw/kaggle/WCLWD_Yellowing/WCLWD_Yellowing/f_aug_0_4798.jpeg,WCLWD_Yellowing
/home/sivabharathi/Documents/FinalYearProject/CocoCare/ml/data/raw/kaggle/WCLWD_Flaccidity/WCLWD_Flaccidity/f_aug_0_6802.jpeg,WCLWD_Flaccidity
/home/sivabharathi/Documents/FinalYearProject/CocoCare/ml/data/raw/kaggle/CCI_Caterpillars/CCI_Caterpillars/CCI_11_360_jpg.rf.a5d8699ce88ab52f15a022295561d4f4.jpg,CCI_Caterpillars
/home/sivabharathi/Documents/FinalYearProject/CocoCare/ml/data/raw/kaggle/CCI_Caterpillars/CCI_Caterpillars/CCI_7_144_jpg.rf.7ca2618163a43d389b84916eb50504eb.jpg,CCI_Caterpillars
/home/sivabharathi/Documents/FinalYearProject/CocoCare/ml/data/raw/kaggle/CCI_Caterpillars/CCI_Caterpillars/CCI_9_224_jpg.rf.71598c0be07f82f7e0df43824ffeb61c.jpg,CCI_Caterpillars
/home/sivabharathi/Documents/FinalYearProject/CocoCare/ml/data/raw/kaggle/Healthy_Leaves/Healthy_Leaves/Healthy_leaf_60.jpg,Healthy_Leaves
/home/sivabharathi/Documents/FinalYearProject/CocoCare/ml/data/raw/kaggle/CCI_Leaflets/CCI_Leaflets/CCI_02__1_1920.jpg,CCI_Leaflets
/home/sivabharathi/Documents/FinalYearProject/CocoCare/ml/data/raw/kaggle/CCI_Leaflets/CCI_Leaflets/CCI_06__1_980.jpg,CCI_Leaflets
/home/sivabharathi/Documents/FinalYearProject/CocoCare/ml/data/raw/kaggle/WCLWD_DryingofLeaflets/WCLWD_DryingofLeaflets/f_aug_0_3563.jpeg,WCLWD_DryingofLeaflets
/home/sivabharathi/Documents/FinalYearProject/CocoCare/ml/data/raw/kaggle/CCI_Leaflets/CCI_Leaflets/IMG_2684.JPG,CCI_Leaflets
/home/sivabharathi/Documents/FinalYearProject/CocoCare/ml/data/raw/kaggle/WCLWD_Yellowing/WCLWD_Yellowing/f_aug_0_8774.jpeg,WCLWD_Yellowing
/home/sivabharathi/Documents/FinalYearProject/CocoCare/ml/data/raw/kaggle/CCI_Leaflets/CCI_Leaflets/CCI_04__1_1120.jpg,CCI_Leaflets
/home/sivabharathi/Documents/FinalYearProject/CocoCare/ml/data/raw/kaggle/CCI_Caterpillars/CCI_Caterpillars/CCI_2_16_jpg.rf.9ab7c797cf6a657f14b4edfc2f28a0ad.jpg,CCI_Caterpillars
/home/sivabharathi/Documents/FinalYearProject/CocoCare/ml/data/raw/kaggle/WCLWD_Yellowing/WCLWD_Yellowing/f_aug_0_9316.jpeg,WCLWD_Yellowing
/home/sivabharathi/Documents/FinalYearProject/CocoCare/ml/data/raw/kaggle/Healthy_Leaves/Healthy_Leaves/Healthy_leaf_34.jpg,Healthy_Leaves
/home/sivabharathi/Documents/FinalYearProject/CocoCare/ml/data/raw/kaggle/CCI_Leaflets/CCI_Leaflets/CCI_04__1_640.jpg,CCI_Leaflets
/home/sivabharathi/Documents/FinalYearProject/CocoCare/ml/data/raw/kaggle/CCI_Caterpillars/CCI_Caterpillars/CCI_6_152_jpg.rf.f2f9fe82073840c3aaec1109fcdd08b3.jpg,CCI_Caterpillars
/home/sivabharathi/Documents/FinalYearProject/CocoCare/ml/data/raw/kaggle/CCI_Caterpillars/CCI_Caterpillars/CCI_10_248_jpg.rf.da2e0a032b8ce4c9f1dd3810aa325abc.jpg,CCI_Caterpillars
/home/sivabharathi/Documents/FinalYearProject/CocoCare/ml/data/raw/kaggle/WCLWD_Yellowing/WCLWD_Yellowing/f_aug_0_312.jpeg,WCLWD_Yellowing
/home/sivabharathi/Documents/FinalYearProject/CocoCare/ml/data/raw/kaggle/CCI_Leaflets/CCI_Leaflets/IMG_2602.JPG,CCI_Leaflets
/home/sivabharathi/Documents/FinalYearProject/CocoCare/ml/data/raw/kaggle/CCI_Caterpillars/CCI_Caterpillars/CCI_12_48_jpg.rf.6aa432484e955ede6d302a4d3a12151b.jpg,CCI_Caterpillars
/home/sivabharathi/Documents/FinalYearProject/CocoCare/ml/data/raw/kaggle/WCLWD_Yellowing/WCLWD_Yellowing/f_aug_0_8803.jpeg,WCLWD_Yellowing
/home/sivabharathi/Documents/FinalYearProject/CocoCare/ml/data/raw/kaggle/CCI_Leaflets/CCI_Leaflets/CCI_12__1_1100.jpg,CCI_Leaflets
/home/sivabharathi/Documents/FinalYearProject/CocoCare/ml/data/raw/kaggle/CCI_Caterpillars/CCI_Caterpillars/CCI_7_56_jpg.rf.402539118532c90996eb2aa71beaad75.jpg,CCI_Caterpillars
/home/sivabharathi/Documents/FinalYearProject/CocoCare/ml/data/raw/kaggle/WCLWD_Flaccidity/WCLWD_Flaccidity/f_aug_0_9717.jpeg,WCLWD_Flaccidity
/home/sivabharathi/Documents/FinalYearProject/CocoCare/ml/data/raw/kaggle/WCLWD_DryingofLeaflets/WCLWD_DryingofLeaflets/f_aug_0_7841.jpeg,WCLWD_DryingofLeaflets
/home/sivabharathi/Documents/FinalYearProject/CocoCare/ml/data/raw/kaggle/WCLWD_DryingofLeaflets/WCLWD_DryingofLeaflets/f_aug_0_6348.jpeg,WCLWD_DryingofLeaflets
/home/sivabharathi/Documents/FinalYearProject/CocoCare/ml/data/raw/kaggle/WCLWD_DryingofLeaflets/WCLWD_DryingofLeaflets/f_aug_0_901.jpeg,WCLWD_DryingofLeaflets
/home/sivabharathi/Documents/FinalYearProject/CocoCare/ml/data/raw/kaggle/WCLWD_Yellowing/WCLWD_Yellowing/f_aug_0_3863.jpeg,WCLWD_Yellowing
/home/sivabharathi/Documents/FinalYearProject/CocoCare/ml/data/raw/kaggle/CCI_Caterpillars/CCI_Caterpillars/CCI_7_96_jpg.rf.690726979f5c5165016d2aac894d35d9.jpg,CCI_Caterpillars
/home/sivabharathi/Documents/FinalYearProject/CocoCare/ml/data/raw/kaggle/CCI_Caterpillars/CCI_Caterpillars/CCI_11_376_jpg.rf.2ec0a7db0808c239e4c5afde42cffa12.jpg,CCI_Caterpillars
/home/sivabharathi/Documents/FinalYearProject/CocoCare/ml/data/raw/kaggle/WCLWD_DryingofLeaflets/WCLWD_DryingofLeaflets/f_aug_0_910.jpeg,WCLWD_DryingofLeaflets
/home/sivabharathi/Documents/FinalYearProject/CocoCare/ml/data/raw/kaggle/CCI_Caterpillars/CCI_Caterpillars/CCI_9_280_jpg.rf.1adb984c094b89998f61420187f3da40.jpg,CCI_Caterpillars
/home/sivabharathi/Documents/FinalYearProject/CocoCare/ml/data/raw/kaggle/WCLWD_Yellowing/WCLWD_Yellowing/f_aug_0_5057.jpeg,WCLWD_Yellowing
/home/sivabharathi/Documents/FinalYearProject/CocoCare/ml/data/raw/kaggle/WCLWD_Yellowing/WCLWD_Yellowing/f_aug_0_5438.jpeg,WCLWD_Yellowing
/home/sivabharathi/Documents/FinalYearProject/CocoCare/ml/data/raw/kaggle/CCI_Caterpillars/CCI_Caterpillars/CCI_2_145_jpg.rf.76fdf04b1b8737468f644ba52b779319.jpg,CCI_Caterpillars
/home/sivabharathi/Documents/FinalYearProject/CocoCare/ml/data/raw/kaggle/WCLWD_Yellowing/WCLWD_Yellowing/f_aug_0_1398.jpeg,WCLWD_Yellowing
/home/sivabharathi/Documents/FinalYearProject/CocoCare/ml/data/raw/kaggle/Healthy_Leaves/Healthy_Leaves/Healthy_leaf_108.jpg,Healthy_Leaves
/home/sivabharathi/Documents/FinalYearProject/CocoCare/ml/data/raw/kaggle/WCLWD_Flaccidity/WCLWD_Flaccidity/f_aug_0_9323.jpeg,WCLWD_Flaccidity
/home/sivabharathi/Documents/FinalYearProject/CocoCare/ml/data/raw/kaggle/WCLWD_Flaccidity/WCLWD_Flaccidity/f_aug_0_9608.jpeg,WCLWD_Flaccidity
/home/sivabharathi/Documents/FinalYearProject/CocoCare/ml/data/raw/kaggle/WCLWD_Yellowing/WCLWD_Yellowing/f_aug_0_9349.jpeg,WCLWD_Yellowing
/home/sivabharathi/Documents/FinalYearProject/CocoCare/ml/data/raw/kaggle/CCI_Caterpillars/CCI_Caterpillars/CCI_12_152_jpg.rf.b0346043bdf4f0993a6c1459e69519ce.jpg,CCI_Caterpillars
/home/sivabharathi/Documents/FinalYearProject/CocoCare/ml/data/raw/kaggle/WCLWD_Flaccidity/WCLWD_Flaccidity/f_aug_0_9862.jpeg,WCLWD_Flaccidity
/home/sivabharathi/Documents/FinalYearProject/CocoCare/ml/data/raw/kaggle/CCI_Caterpillars/CCI_Caterpillars/CCI_8_64_jpg.rf.e5e2664625fef59a64e071038de84345.jpg,CCI_Caterpillars
/home/sivabharathi/Documents/FinalYearProject/CocoCare/ml/data/raw/kaggle/CCI_Leaflets/CCI_Leaflets/IMG_2727.JPG,CCI_Leaflets
/home/sivabharathi/Documents/FinalYearProject/CocoCare/ml/data/raw/kaggle/WCLWD_Flaccidity/WCLWD_Flaccidity/f_aug_0_1404.jpeg,WCLWD_Flaccidity
/home/sivabharathi/Documents/FinalYearProject/CocoCare/ml/data/raw/kaggle/WCLWD_Yellowing/WCLWD_Yellowing/f_aug_0_618.jpeg,WCLWD_Yellowing
/home/sivabharathi/Documents/FinalYearProject/CocoCare/ml/data/raw/kaggle/WCLWD_Flaccidity/WCLWD_Flaccidity/f_aug_0_716.jpeg,WCLWD_Flaccidity
/home/sivabharathi/Documents/FinalYearProject/CocoCare/ml/data/raw/kaggle/CCI_Caterpillars/CCI_Caterpillars/CCI_8_176_jpg.rf.3ec9a840b2baf255e5b2cf2e6e4c6e7d.jpg,CCI_Caterpillars
/home/sivabharathi/Documents/FinalYearProject/CocoCare/ml/data/raw/kaggle/WCLWD_Yellowing/WCLWD_Yellowing/f_aug_0_3236.jpeg,WCLWD_Yellowing
/home/sivabharathi/Documents/FinalYearProject/CocoCare/ml/data/raw/kaggle/WCLWD_Flaccidity/WCLWD_Flaccidity/f_aug_0_8023.jpeg,WCLWD_Flaccidity
/home/sivabharathi/Documents/FinalYearProject/CocoCare/ml/data/raw/kaggle/CCI_Caterpillars/CCI_Caterpillars/CCI_1_386_jpg.rf.e45db319bed825190385a5ca5822008c.jpg,CCI_Caterpillars
/home/sivabharathi/Documents/FinalYearProject/CocoCare/ml/data/raw/kaggle/WCLWD_Yellowing/WCLWD_Yellowing/f_aug_0_4661.jpeg,WCLWD_Yellowing
/home/sivabharathi/Documents/FinalYearProject/CocoCare/ml/data/raw/kaggle/CCI_Caterpillars/CCI_Caterpillars/CCI_1_45_jpg.rf.75a41ac042ed31c66a29397ba7c116f8.jpg,CCI_Caterpillars
/home/sivabharathi/Documents/FinalYearProject/CocoCare/ml/data/raw/kaggle/WCLWD_Yellowing/WCLWD_Yellowing/f_aug_0_9111.jpeg,WCLWD_Yellowing
/home/sivabharathi/Documents/FinalYearProject/CocoCare/ml/data/raw/kaggle/CCI_Caterpillars/CCI_Caterpillars/CCI_3_205_jpg.rf.37816c75c4afe8a766ab7102c46b9f82.jpg,CCI_Caterpillars
/home/sivabharathi/Documents/FinalYearProject/CocoCare/ml/data/raw/kaggle/CCI_Caterpillars/CCI_Caterpillars/CCI_11_360_jpg.rf.3e4e5c460b25ac0622004680a4058a73.jpg,CCI_Caterpillars
/home/sivabharathi/Documents/FinalYearProject/CocoCare/ml/data/raw/kaggle/CCI_Leaflets/CCI_Leaflets/IMG_2585.JPG,CCI_Leaflets
/home/sivabharathi/Documents/FinalYearProject/CocoCare/ml/data/raw/kaggle/WCLWD_Flaccidity/WCLWD_Flaccidity/f_aug_0_1490.jpeg,WCLWD_Flaccidity
/home/sivabharathi/Documents/FinalYearProject/CocoCare/ml/data/raw/kaggle/CCI_Caterpillars/CCI_Caterpillars/CCI_12_168_jpg.rf.767efc60e8e98d3fe6e0864ec822e36f.jpg,CCI_Caterpillars
/home/sivabharathi/Documents/FinalYearProject/CocoCare/ml/data/raw/kaggle/WCLWD_Flaccidity/WCLWD_Flaccidity/f_aug_0_6681.jpeg,WCLWD_Flaccidity
/home/sivabharathi/Documents/FinalYearProject/CocoCare/ml/data/raw/kaggle/WCLWD_DryingofLeaflets/WCLWD_DryingofLeaflets/f_aug_0_9580.jpeg,WCLWD_DryingofLeaflets
/home/sivabharathi/Documents/FinalYearProject/CocoCare/ml/data/raw/kaggle/WCLWD_Flaccidity/WCLWD_Flaccidity/f_aug_0_4998.jpeg,WCLWD_Flaccidity
/home/sivabharathi/Documents/FinalYearProject/CocoCare/ml/data/raw/kaggle/WCLWD_DryingofLeaflets/WCLWD_DryingofLeaflets/f_aug_0_1912.jpeg,WCLWD_DryingofLeaflets
/home/sivabharathi/Documents/FinalYearProject/CocoCare/ml/data/raw/kaggle/CCI_Caterpillars/CCI_Caterpillars/CCI_7_88_jpg.rf.c28de544e47ff208c8de3f79f354fb1c.jpg,CCI_Caterpillars
/home/sivabharathi/Documents/FinalYearProject/CocoCare/ml/data/raw/kaggle/WCLWD_Flaccidity/WCLWD_Flaccidity/f_aug_0_1216.jpeg,WCLWD_Flaccidity
/home/sivabharathi/Documents/FinalYearProject/CocoCare/ml/data/raw/kaggle/CCI_Caterpillars/CCI_Caterpillars/CCI_10_32_jpg.rf.eef5aeb157a25298633476a2caef675d.jpg,CCI_Caterpillars
/home/sivabharathi/Documents/FinalYearProject/CocoCare/ml/data/raw/kaggle/WCLWD_Yellowing/WCLWD_Yellowing/f_aug_0_261.jpeg,WCLWD_Yellowing
/home/sivabharathi/Documents/FinalYearProject/CocoCare/ml/data/raw/kaggle/WCLWD_DryingofLeaflets/WCLWD_DryingofLeaflets/f_aug_0_6928.jpeg,WCLWD_DryingofLeaflets
/home/sivabharathi/Documents/FinalYearProject/CocoCare/ml/data/raw/kaggle/WCLWD_Yellowing/WCLWD_Yellowing/f_aug_0_9607.jpeg,WCLWD_Yellowing
/home/sivabharathi/Documents/FinalYearProject/CocoCare/ml/data/raw/kaggle/WCLWD_Flaccidity/WCLWD_Flaccidity/f_aug_0_5349.jpeg,WCLWD_Flaccidity
/home/sivabharathi/Documents/FinalYearProject/CocoCare/ml/data/raw/kaggle/CCI_Caterpillars/CCI_Caterpillars/CCI_6_56_jpg.rf.680980f3a83214457121c1e21bbc521c.jpg,CCI_Caterpillars
/home/sivabharathi/Documents/FinalYearProject/CocoCare/ml/data/raw/kaggle/CCI_Caterpillars/CCI_Caterpillars/CCI_8_224_jpg.rf.ad92bb20612ceaa71dc1e437456902b5.jpg,CCI_Caterpillars
/home/sivabharathi/Documents/FinalYearProject/CocoCare/ml/data/raw/kaggle/WCLWD_Flaccidity/WCLWD_Flaccidity/f_aug_0_9074.jpeg,WCLWD_Flaccidity
/home/sivabharathi/Documents/FinalYearProject/CocoCare/ml/data/raw/kaggle/CCI_Caterpillars/CCI_Caterpillars/CCI_4_112_jpg.rf.a436ea183c19c887f7d136af1b1af776.jpg,CCI_Caterpillars
/home/sivabharathi/Documents/FinalYearProject/CocoCare/ml/data/raw/kaggle/CCI_Caterpillars/CCI_Caterpillars/CCI_3_95_jpg.rf.7b4b4f456b32ee36d4c296c0f8f2ec5b.jpg,CCI_Caterpillars
/home/sivabharathi/Documents/FinalYearProject/CocoCare/ml/data/raw/kaggle/CCI_Caterpillars/CCI_Caterpillars/CCI_5_368_jpg.rf.e2d4cc0436c9df96b966c0dc9f5f46f7.jpg,CCI_Caterpillars
/home/sivabharathi/Documents/FinalYearProject/CocoCare/ml/data/raw/kaggle/CCI_Caterpillars/CCI_Caterpillars/CCI_5_96_jpg.rf.5fa0f7f3851168e087540993860f16cf.jpg,CCI_Caterpillars
/home/sivabharathi/Documents/FinalYearProject/CocoCare/ml/data/raw/kaggle/CCI_Leaflets/CCI_Leaflets/CCI_06__1_1100.jpg,CCI_Leaflets
/home/sivabharathi/Documents/FinalYearProject/CocoCare/ml/data/raw/kaggle/CCI_Leaflets/CCI_Leaflets/CCI_09__1_680.jpg,CCI_Leaflets
/home/sivabharathi/Documents/FinalYearProject/CocoCare/ml/data/raw/kaggle/WCLWD_Yellowing/WCLWD_Yellowing/f_aug_0_6722.jpeg,WCLWD_Yellowing
/home/sivabharathi/Documents/FinalYearProject/CocoCare/ml/data/raw/kaggle/CCI_Caterpillars/CCI_Caterpillars/CCI_12_64_jpg.rf.2b51e187f251a00940d5b1336c8bee3e.jpg,CCI_Caterpillars
/home/sivabharathi/Documents/FinalYearProject/CocoCare/ml/data/raw/kaggle/WCLWD_Flaccidity/WCLWD_Flaccidity/f_aug_0_5059.jpeg,WCLWD_Flaccidity
/home/sivabharathi/Documents/FinalYearProject/CocoCare/ml/data/raw/kaggle/WCLWD_DryingofLeaflets/WCLWD_DryingofLeaflets/f_aug_0_1961.jpeg,WCLWD_DryingofLeaflets
/home/sivabharathi/Documents/FinalYearProject/CocoCare/ml/data/raw/kaggle/CCI_Caterpillars/CCI_Caterpillars/CCI_7_72_jpg.rf.1d4c4ddbbec663a0aee62803fcd0e4bc.jpg,CCI_Caterpillars
/home/sivabharathi/Documents/FinalYearProject/CocoCare/ml/data/raw/kaggle/CCI_Caterpillars/CCI_Caterpillars/CCI_1_290_jpg.rf.25cc116fd7e7b9dc1142539bbbde539d.jpg,CCI_Caterpillars
/home/sivabharathi/Documents/FinalYearProject/CocoCare/ml/data/raw/kaggle/CCI_Leaflets/CCI_Leaflets/IMG_2578.JPG,CCI_Leaflets
/home/sivabharathi/Documents/FinalYearProject/CocoCare/ml/data/raw/kaggle/WCLWD_Yellowing/WCLWD_Yellowing/f_aug_0_8221.jpeg,WCLWD_Yellowing
/home/sivabharathi/Documents/FinalYearProject/CocoCare/ml/data/raw/kaggle/WCLWD_DryingofLeaflets/WCLWD_DryingofLeaflets/DSC_0050.JPG,WCLWD_DryingofLeaflets
/home/sivabharathi/Documents/FinalYearProject/CocoCare/ml/data/raw/kaggle/WCLWD_Yellowing/WCLWD_Yellowing/f_aug_0_6135.jpeg,WCLWD_Yellowing
/home/sivabharathi/Documents/FinalYearProject/CocoCare/ml/data/raw/kaggle/WCLWD_DryingofLeaflets/WCLWD_DryingofLeaflets/f_aug_0_5543.jpeg,WCLWD_DryingofLeaflets
/home/sivabharathi/Documents/FinalYearProject/CocoCare/ml/data/raw/kaggle/WCLWD_Yellowing/WCLWD_Yellowing/f_aug_0_4549.jpeg,WCLWD_Yellowing
/home/sivabharathi/Documents/FinalYearProject/CocoCare/ml/data/raw/kaggle/CCI_Caterpillars/CCI_Caterpillars/CCI_3_165_jpg.rf.0b20ef4185bd45c212ecc64e21c602e5.jpg,CCI_Caterpillars
/home/sivabharathi/Documents/FinalYearProject/CocoCare/ml/data/raw/kaggle/WCLWD_Yellowing/WCLWD_Yellowing/f_aug_0_8103.jpeg,WCLWD_Yellowing
/home/sivabharathi/Documents/FinalYearProject/CocoCare/ml/data/raw/kaggle/WCLWD_DryingofLeaflets/WCLWD_DryingofLeaflets/f_aug_0_271.jpeg,WCLWD_DryingofLeaflets
/home/sivabharathi/Documents/FinalYearProject/CocoCare/ml/data/raw/kaggle/WCLWD_Yellowing/WCLWD_Yellowing/f_aug_0_9235.jpeg,WCLWD_Yellowing
/home/sivabharathi/Documents/FinalYearProject/CocoCare/ml/data/raw/kaggle/WCLWD_Flaccidity/WCLWD_Flaccidity/f_aug_0_6807.jpeg,WCLWD_Flaccidity
/home/sivabharathi/Documents/FinalYearProject/CocoCare/ml/data/raw/kaggle/CCI_Leaflets/CCI_Leaflets/CCI_05__1_520.jpg,CCI_Leaflets
/home/sivabharathi/Documents/FinalYearProject/CocoCare/ml/data/raw/kaggle/CCI_Leaflets/CCI_Leaflets/IMG_2747.JPG,CCI_Leaflets
/home/sivabharathi/Documents/FinalYearProject/CocoCare/ml/data/raw/kaggle/WCLWD_Yellowing/WCLWD_Yellowing/f_aug_0_1510.jpeg,WCLWD_Yellowing
/home/sivabharathi/Documents/FinalYearProject/CocoCare/ml/data/raw/kaggle/WCLWD_Yellowing/WCLWD_Yellowing/f_aug_0_3645.jpeg,WCLWD_Yellowing
/home/sivabharathi/Documents/FinalYearProject/CocoCare/ml/data/raw/kaggle/WCLWD_Flaccidity/WCLWD_Flaccidity/f_aug_0_5278.jpeg,WCLWD_Flaccidity
/home/sivabharathi/Documents/FinalYearProject/CocoCare/ml/data/raw/kaggle/WCLWD_Yellowing/WCLWD_Yellowing/f_aug_0_2214.jpeg,WCLWD_Yellowing
/home/sivabharathi/Documents/FinalYearProject/CocoCare/ml/data/raw/kaggle/CCI_Leaflets/CCI_Leaflets/CCI_17__1_200.jpg,CCI_Leaflets
/home/sivabharathi/Documents/FinalYearProject/CocoCare/ml/data/raw/kaggle/CCI_Leaflets/CCI_Leaflets/CCI_09__1_640.jpg,CCI_Leaflets
/home/sivabharathi/Documents/FinalYearProject/CocoCare/ml/data/raw/kaggle/CCI_Leaflets/CCI_Leaflets/CCI_04__1_280.jpg,CCI_Leaflets
/home/sivabharathi/Documents/FinalYearProject/CocoCare/ml/data/raw/kaggle/CCI_Caterpillars/CCI_Caterpillars/CCI_10_256_jpg.rf.3e485ce0976aa4616730a97e5b3596f3.jpg,CCI_Caterpillars
/home/sivabharathi/Documents/FinalYearProject/CocoCare/ml/data/raw/kaggle/CCI_Caterpillars/CCI_Caterpillars/CCI_5_328_jpg.rf.7083cddbd3eeeeb9d97d71abc5d47b23.jpg,CCI_Caterpillars
/home/sivabharathi/Documents/FinalYearProject/CocoCare/ml/data/raw/kaggle/CCI_Caterpillars/CCI_Caterpillars/CCI_8_288_jpg.rf.8fbe45c15679c3e5fdd5922f07c59246.jpg,CCI_Caterpillars
/home/sivabharathi/Documents/FinalYearProject/CocoCare/ml/data/raw/kaggle/WCLWD_Flaccidity/WCLWD_Flaccidity/f_aug_0_695.jpeg,WCLWD_Flaccidity
/home/sivabharathi/Documents/FinalYearProject/CocoCare/ml/data/raw/kaggle/CCI_Caterpillars/CCI_Caterpillars/CCI_6_40_jpg.rf.d132abe7512c322324179d75b95cd8f2.jpg,CCI_Caterpillars
/home/sivabharathi/Documents/FinalYearProject/CocoCare/ml/data/raw/kaggle/WCLWD_Yellowing/WCLWD_Yellowing/f_aug_0_9694.jpeg,WCLWD_Yellowing
/home/sivabharathi/Documents/FinalYearProject/CocoCare/ml/data/raw/kaggle/WCLWD_Yellowing/WCLWD_Yellowing/f_aug_0_1311.jpeg,WCLWD_Yellowing
/home/sivabharathi/Documents/FinalYearProject/CocoCare/ml/data/raw/kaggle/WCLWD_Yellowing/WCLWD_Yellowing/f_aug_0_4069.jpeg,WCLWD_Yellowing
/home/sivabharathi/Documents/FinalYearProject/CocoCare/ml/data/raw/kaggle/CCI_Leaflets/CCI_Leaflets/IMG_2746.JPG,CCI_Leaflets
/home/sivabharathi/Documents/FinalYearProject/CocoCare/ml/data/raw/kaggle/CCI_Caterpillars/CCI_Caterpillars/CCI_9_8_jpg.rf.161ff47539803252398ce031f9fe5268.jpg,CCI_Caterpillars
/home/sivabharathi/Documents/FinalYearProject/CocoCare/ml/data/raw/kaggle/WCLWD_Flaccidity/WCLWD_Flaccidity/f_aug_0_2495.jpeg,WCLWD_Flaccidity
/home/sivabharathi/Documents/FinalYearProject/CocoCare/ml/data/raw/kaggle/WCLWD_DryingofLeaflets/WCLWD_DryingofLeaflets/f_aug_0_2493.jpeg,WCLWD_DryingofLeaflets
/home/sivabharathi/Documents/FinalYearProject/CocoCare/ml/data/raw/kaggle/WCLWD_DryingofLeaflets/WCLWD_DryingofLeaflets/f_aug_0_8421.jpeg,WCLWD_DryingofLeaflets
/home/sivabharathi/Documents/FinalYearProject/CocoCare/ml/data/raw/kaggle/WCLWD_Yellowing/WCLWD_Yellowing/f_aug_0_6443.jpeg,WCLWD_Yellowing
/home/sivabharathi/Documents/FinalYearProject/CocoCare/ml/data/raw/kaggle/WCLWD_Flaccidity/WCLWD_Flaccidity/f_aug_0_2445.jpeg,WCLWD_Flaccidity
/home/sivabharathi/Documents/FinalYearProject/CocoCare/ml/data/raw/kaggle/WCLWD_DryingofLeaflets/WCLWD_DryingofLeaflets/f_aug_0_8692.jpeg,WCLWD_DryingofLeaflets
/home/sivabharathi/Documents/FinalYearProject/CocoCare/ml/data/raw/kaggle/CCI_Leaflets/CCI_Leaflets/CCI_14__1_560.jpg,CCI_Leaflets
/home/sivabharathi/Documents/FinalYearProject/CocoCare/ml/data/raw/kaggle/CCI_Caterpillars/CCI_Caterpillars/CCI_8_48_jpg.rf.b91b5cdd0207623658e0edff1b6e44b1.jpg,CCI_Caterpillars
/home/sivabharathi/Documents/FinalYearProject/CocoCare/ml/data/raw/kaggle/WCLWD_Yellowing/WCLWD_Yellowing/f_aug_0_623.jpeg,WCLWD_Yellowing
/home/sivabharathi/Documents/FinalYearProject/CocoCare/ml/data/raw/kaggle/WCLWD_Flaccidity/WCLWD_Flaccidity/f_aug_0_6683.jpeg,WCLWD_Flaccidity
/home/sivabharathi/Documents/FinalYearProject/CocoCare/ml/data/raw/kaggle/WCLWD_Flaccidity/WCLWD_Flaccidity/f_aug_0_4423.jpeg,WCLWD_Flaccidity
/home/sivabharathi/Documents/FinalYearProject/CocoCare/ml/data/raw/kaggle/WCLWD_Flaccidity/WCLWD_Flaccidity/f_aug_0_15.jpeg,WCLWD_Flaccidity
/home/sivabharathi/Documents/FinalYearProject/CocoCare/ml/data/raw/kaggle/WCLWD_Yellowing/WCLWD_Yellowing/f_aug_0_1444.jpeg,WCLWD_Yellowing
/home/sivabharathi/Documents/FinalYearProject/CocoCare/ml/data/raw/kaggle/WCLWD_Flaccidity/WCLWD_Flaccidity/f_aug_0_1842.jpeg,WCLWD_Flaccidity
/home/sivabharathi/Documents/FinalYearProject/CocoCare/ml/data/raw/kaggle/WCLWD_DryingofLeaflets/WCLWD_DryingofLeaflets/f_aug_0_5218.jpeg,WCLWD_DryingofLeaflets
/home/sivabharathi/Documents/FinalYearProject/CocoCare/ml/data/raw/kaggle/CCI_Leaflets/CCI_Leaflets/CCI_14__1_100.jpg,CCI_Leaflets
/home/sivabharathi/Documents/FinalYearProject/CocoCare/ml/data/raw/kaggle/CCI_Leaflets/CCI_Leaflets/CCI_16__1_200.jpg,CCI_Leaflets
/home/sivabharathi/Documents/FinalYearProject/CocoCare/ml/data/raw/kaggle/CCI_Leaflets/CCI_Leaflets/IMG_2595.JPG,CCI_Leaflets
/home/sivabharathi/Documents/FinalYearProject/CocoCare/ml/data/raw/kaggle/CCI_Caterpillars/CCI_Caterpillars/CCI_3_235_jpg.rf.78a26fcf9d54923bfff9e5f95e5bfa1a.jpg,CCI_Caterpillars
/home/sivabharathi/Documents/FinalYearProject/CocoCare/ml/data/raw/kaggle/WCLWD_DryingofLeaflets/WCLWD_DryingofLeaflets/f_aug_0_874.jpeg,WCLWD_DryingofLeaflets
/home/sivabharathi/Documents/FinalYearProject/CocoCare/ml/data/raw/kaggle/CCI_Leaflets/CCI_Leaflets/CCI_07__1_220.jpg,CCI_Leaflets
/home/sivabharathi/Documents/FinalYearProject/CocoCare/ml/data/raw/kaggle/CCI_Leaflets/CCI_Leaflets/CCI_10__1_960.jpg,CCI_Leaflets
/home/sivabharathi/Documents/FinalYearProject/CocoCare/ml/data/raw/kaggle/WCLWD_DryingofLeaflets/WCLWD_DryingofLeaflets/f_aug_0_6439.jpeg,WCLWD_DryingofLeaflets
/home/sivabharathi/Documents/FinalYearProject/CocoCare/ml/data/raw/kaggle/WCLWD_DryingofLeaflets/WCLWD_DryingofLeaflets/f_aug_0_8082.jpeg,WCLWD_DryingofLeaflets
/home/sivabharathi/Documents/FinalYearProject/CocoCare/ml/data/raw/kaggle/WCLWD_Flaccidity/WCLWD_Flaccidity/f_aug_0_1418.jpeg,WCLWD_Flaccidity
/home/sivabharathi/Documents/FinalYearProject/CocoCare/ml/data/raw/kaggle/WCLWD_DryingofLeaflets/WCLWD_DryingofLeaflets/f_aug_0_2495.jpeg,WCLWD_DryingofLeaflets
/home/sivabharathi/Documents/FinalYearProject/CocoCare/ml/data/raw/kaggle/WCLWD_Flaccidity/WCLWD_Flaccidity/f_aug_0_7700.jpeg,WCLWD_Flaccidity
/home/sivabharathi/Documents/FinalYearProject/CocoCare/ml/data/raw/kaggle/WCLWD_Yellowing/WCLWD_Yellowing/f_aug_0_8751.jpeg,WCLWD_Yellowing
/home/sivabharathi/Documents/FinalYearProject/CocoCare/ml/data/raw/kaggle/WCLWD_Yellowing/WCLWD_Yellowing/f_aug_0_6391.jpeg,WCLWD_Yellowing
/home/sivabharathi/Documents/FinalYearProject/CocoCare/ml/data/raw/kaggle/WCLWD_DryingofLeaflets/WCLWD_DryingofLeaflets/f_aug_0_9034.jpeg,WCLWD_DryingofLeaflets
/home/sivabharathi/Documents/FinalYearProject/CocoCare/ml/data/raw/kaggle/WCLWD_Flaccidity/WCLWD_Flaccidity/f_aug_0_9451.jpeg,WCLWD_Flaccidity
/home/sivabharathi/Documents/FinalYearProject/CocoCare/ml/data/raw/kaggle/WCLWD_Yellowing/WCLWD_Yellowing/f_aug_0_1624.jpeg,WCLWD_Yellowing
/home/sivabharathi/Documents/FinalYearProject/CocoCare/ml/data/raw/kaggle/CCI_Leaflets/CCI_Leaflets/CCI_17__1_440.jpg,CCI_Leaflets
/home/sivabharathi/Documents/FinalYearProject/CocoCare/ml/data/raw/kaggle/WCLWD_Yellowing/WCLWD_Yellowing/f_aug_0_6758.jpeg,WCLWD_Yellowing
/home/sivabharathi/Documents/FinalYearProject/CocoCare/ml/data/raw/kaggle/WCLWD_DryingofLeaflets/WCLWD_DryingofLeaflets/f_aug_0_3263.jpeg,WCLWD_DryingofLeaflets
/home/sivabharathi/Documents/FinalYearProject/CocoCare/ml/data/raw/kaggle/WCLWD_Yellowing/WCLWD_Yellowing/f_aug_0_3656.jpeg,WCLWD_Yellowing
/home/sivabharathi/Documents/FinalYearProject/CocoCare/ml/data/raw/kaggle/WCLWD_Flaccidity/WCLWD_Flaccidity/f_aug_0_1543.jpeg,WCLWD_Flaccidity
/home/sivabharathi/Documents/FinalYearProject/CocoCare/ml/data/raw/kaggle/WCLWD_Yellowing/WCLWD_Yellowing/f_aug_0_8023.jpeg,WCLWD_Yellowing
/home/sivabharathi/Documents/FinalYearProject/CocoCare/ml/data/raw/kaggle/WCLWD_Flaccidity/WCLWD_Flaccidity/f_aug_0_3732.jpeg,WCLWD_Flaccidity
/home/sivabharathi/Documents/FinalYearProject/CocoCare/ml/data/raw/kaggle/WCLWD_Yellowing/WCLWD_Yellowing/f_aug_0_7506.jpeg,WCLWD_Yellowing
/home/sivabharathi/Documents/FinalYearProject/CocoCare/ml/data/raw/kaggle/WCLWD_DryingofLeaflets/WCLWD_DryingofLeaflets/f_aug_0_7592.jpeg,WCLWD_DryingofLeaflets
/home/sivabharathi/Documents/FinalYearProject/CocoCare/ml/data/raw/kaggle/WCLWD_DryingofLeaflets/WCLWD_DryingofLeaflets/f_aug_0_3041.jpeg,WCLWD_DryingofLeaflets
/home/sivabharathi/Documents/FinalYearProject/CocoCare/ml/data/raw/kaggle/WCLWD_DryingofLeaflets/WCLWD_DryingofLeaflets/f_aug_0_8420.jpeg,WCLWD_DryingofLeaflets
/home/sivabharathi/Documents/FinalYearProject/CocoCare/ml/data/raw/kaggle/CCI_Caterpillars/CCI_Caterpillars/CCI_4_64_jpg.rf.e074eee8a1f644c1d089919871e4945a.jpg,CCI_Caterpillars
/home/sivabharathi/Documents/FinalYearProject/CocoCare/ml/data/raw/kaggle/Healthy_Leaves/Healthy_Leaves/Healthy_leaf_23.jpg,Healthy_Leaves
/home/sivabharathi/Documents/FinalYearProject/CocoCare/ml/data/raw/kaggle/WCLWD_DryingofLeaflets/WCLWD_DryingofLeaflets/f_aug_0_5867.jpeg,WCLWD_DryingofLeaflets
/home/sivabharathi/Documents/FinalYearProject/CocoCare/ml/data/raw/kaggle/WCLWD_Yellowing/WCLWD_Yellowing/f_aug_0_677.jpeg,WCLWD_Yellowing
/home/sivabharathi/Documents/FinalYearProject/CocoCare/ml/data/raw/kaggle/CCI_Leaflets/CCI_Leaflets/CCI_13__1_340.jpg,CCI_Leaflets
/home/sivabharathi/Documents/FinalYearProject/CocoCare/ml/data/raw/kaggle/CCI_Caterpillars/CCI_Caterpillars/CCI_5_136_jpg.rf.9c8a100e16f01dd9d136e2b7ef21f668.jpg,CCI_Caterpillars
/home/sivabharathi/Documents/FinalYearProject/CocoCare/ml/data/raw/kaggle/WCLWD_Yellowing/WCLWD_Yellowing/f_aug_0_6214.jpeg,WCLWD_Yellowing
/home/sivabharathi/Documents/FinalYearProject/CocoCare/ml/data/raw/kaggle/WCLWD_Flaccidity/WCLWD_Flaccidity/f_aug_0_5323.jpeg,WCLWD_Flaccidity
/home/sivabharathi/Documents/FinalYearProject/CocoCare/ml/data/raw/kaggle/WCLWD_DryingofLeaflets/WCLWD_DryingofLeaflets/f_aug_0_3436.jpeg,WCLWD_DryingofLeaflets
/home/sivabharathi/Documents/FinalYearProject/CocoCare/ml/data/raw/kaggle/CCI_Caterpillars/CCI_Caterpillars/CCI_1_532_jpg.rf.0c536ab14ad57c22f6e4b9f77ac6f223.jpg,CCI_Caterpillars
/home/sivabharathi/Documents/FinalYearProject/CocoCare/ml/data/raw/kaggle/WCLWD_Flaccidity/WCLWD_Flaccidity/f_aug_0_7618.jpeg,WCLWD_Flaccidity
/home/sivabharathi/Documents/FinalYearProject/CocoCare/ml/data/raw/kaggle/CCI_Caterpillars/CCI_Caterpillars/CCI_12_8_jpg.rf.d460f7de2a54ddd1e8364e2e688835b7.jpg,CCI_Caterpillars
/home/sivabharathi/Documents/FinalYearProject/CocoCare/ml/data/raw/kaggle/WCLWD_Yellowing/WCLWD_Yellowing/f_aug_0_77.jpeg,WCLWD_Yellowing
/home/sivabharathi/Documents/FinalYearProject/CocoCare/ml/data/raw/kaggle/WCLWD_Flaccidity/WCLWD_Flaccidity/f_aug_0_6320.jpeg,WCLWD_Flaccidity
/home/sivabharathi/Documents/FinalYearProject/CocoCare/ml/data/raw/kaggle/WCLWD_Flaccidity/WCLWD_Flaccidity/f_aug_0_4658.jpeg,WCLWD_Flaccidity
/home/sivabharathi/Documents/FinalYearProject/CocoCare/ml/data/raw/kaggle/WCLWD_DryingofLeaflets/WCLWD_DryingofLeaflets/f_aug_0_5179.jpeg,WCLWD_DryingofLeaflets
/home/sivabharathi/Documents/FinalYearProject/CocoCare/ml/data/raw/kaggle/CCI_Leaflets/CCI_Leaflets/CCI_11__1_580.jpg,CCI_Leaflets
/home/sivabharathi/Documents/FinalYearProject/CocoCare/ml/data/raw/kaggle/WCLWD_Flaccidity/WCLWD_Flaccidity/f_aug_0_7015.jpeg,WCLWD_Flaccidity
/home/sivabharathi/Documents/FinalYearProject/CocoCare/ml/data/raw/kaggle/WCLWD_DryingofLeaflets/WCLWD_DryingofLeaflets/f_aug_0_1872.jpeg,WCLWD_DryingofLeaflets
/home/sivabharathi/Documents/FinalYearProject/CocoCare/ml/data/raw/kaggle/WCLWD_Flaccidity/WCLWD_Flaccidity/f_aug_0_2396.jpeg,WCLWD_Flaccidity
/home/sivabharathi/Documents/FinalYearProject/CocoCare/ml/data/raw/kaggle/CCI_Caterpillars/CCI_Caterpillars/CCI_1_85_jpg.rf.2816625e756fc091006a53937a5a91d7.jpg,CCI_Caterpillars
/home/sivabharathi/Documents/FinalYearProject/CocoCare/ml/data/raw/kaggle/CCI_Caterpillars/CCI_Caterpillars/CCI_2_352_jpg.rf.56a7154f6c6b0a8e7fc40152130ae7d4.jpg,CCI_Caterpillars
/home/sivabharathi/Documents/FinalYearProject/CocoCare/ml/data/raw/kaggle/WCLWD_Yellowing/WCLWD_Yellowing/f_aug_0_3385.jpeg,WCLWD_Yellowing
/home/sivabharathi/Documents/FinalYearProject/CocoCare/ml/data/raw/kaggle/WCLWD_DryingofLeaflets/WCLWD_DryingofLeaflets/f_aug_0_8937.jpeg,WCLWD_DryingofLeaflets
/home/sivabharathi/Documents/FinalYearProject/CocoCare/ml/data/raw/kaggle/WCLWD_Flaccidity/WCLWD_Flaccidity/f_aug_0_6114.jpeg,WCLWD_Flaccidity
/home/sivabharathi/Documents/FinalYearProject/CocoCare/ml/data/raw/kaggle/WCLWD_Yellowing/WCLWD_Yellowing/f_aug_0_6183.jpeg,WCLWD_Yellowing
/home/sivabharathi/Documents/FinalYearProject/CocoCare/ml/data/raw/kaggle/WCLWD_Yellowing/WCLWD_Yellowing/f_aug_0_9674.jpeg,WCLWD_Yellowing
/home/sivabharathi/Documents/FinalYearProject/CocoCare/ml/data/raw/kaggle/WCLWD_DryingofLeaflets/WCLWD_DryingofLeaflets/f_aug_0_7646.jpeg,WCLWD_DryingofLeaflets
/home/sivabharathi/Documents/FinalYearProject/CocoCare/ml/data/raw/kaggle/CCI_Caterpillars/CCI_Caterpillars/CCI_10_264_jpg.rf.2f596ac72f0209fc999f9cad8704b003.jpg,CCI_Caterpillars
/home/sivabharathi/Documents/FinalYearProject/CocoCare/ml/data/raw/kaggle/WCLWD_DryingofLeaflets/WCLWD_DryingofLeaflets/f_aug_0_5292.jpeg,WCLWD_DryingofLeaflets
/home/sivabharathi/Documents/FinalYearProject/CocoCare/ml/data/raw/kaggle/WCLWD_Yellowing/WCLWD_Yellowing/f_aug_0_3992.jpeg,WCLWD_Yellowing
/home/sivabharathi/Documents/FinalYearProject/CocoCare/ml/data/raw/kaggle/WCLWD_Yellowing/WCLWD_Yellowing/f_aug_0_4029.jpeg,WCLWD_Yellowing
/home/sivabharathi/Documents/FinalYearProject/CocoCare/ml/data/raw/kaggle/WCLWD_Flaccidity/WCLWD_Flaccidity/f_aug_0_1424.jpeg,WCLWD_Flaccidity
/home/sivabharathi/Documents/FinalYearProject/CocoCare/ml/data/raw/kaggle/CCI_Leaflets/CCI_Leaflets/IMG_2805.JPG,CCI_Leaflets
/home/sivabharathi/Documents/FinalYearProject/CocoCare/ml/data/raw/kaggle/CCI_Caterpillars/CCI_Caterpillars/CCI_9_24_jpg.rf.de3600d9e5bc73279beacb80d752546f.jpg,CCI_Caterpillars
/home/sivabharathi/Documents/FinalYearProject/CocoCare/ml/data/raw/kaggle/WCLWD_Yellowing/WCLWD_Yellowing/f_aug_0_217.jpeg,WCLWD_Yellowing
/home/sivabharathi/Documents/FinalYearProject/CocoCare/ml/data/raw/kaggle/CCI_Caterpillars/CCI_Caterpillars/CCI_10_264_jpg.rf.4f67e9fa5f1420a2b46bc2748dd8e7d5.jpg,CCI_Caterpillars
/home/sivabharathi/Documents/FinalYearProject/CocoCare/ml/data/raw/kaggle/WCLWD_Flaccidity/WCLWD_Flaccidity/f_aug_0_5380.jpeg,WCLWD_Flaccidity
/home/sivabharathi/Documents/FinalYearProject/CocoCare/ml/data/raw/kaggle/WCLWD_Yellowing/WCLWD_Yellowing/f_aug_0_6352.jpeg,WCLWD_Yellowing
/home/sivabharathi/Documents/FinalYearProject/CocoCare/ml/data/raw/kaggle/WCLWD_Yellowing/WCLWD_Yellowing/f_aug_0_273.jpeg,WCLWD_Yellowing
/home/sivabharathi/Documents/FinalYearProject/CocoCare/ml/data/raw/kaggle/WCLWD_Yellowing/WCLWD_Yellowing/f_aug_0_3100.jpeg,WCLWD_Yellowing
/home/sivabharathi/Documents/FinalYearProject/CocoCare/ml/data/raw/kaggle/WCLWD_Yellowing/WCLWD_Yellowing/f_aug_0_6354.jpeg,WCLWD_Yellowing
/home/sivabharathi/Documents/FinalYearProject/CocoCare/ml/data/raw/kaggle/CCI_Caterpillars/CCI_Caterpillars/CCI_9_176_jpg.rf.04e7793cc4eefea57739a6fd1c2282ae.jpg,CCI_Caterpillars
/home/sivabharathi/Documents/FinalYearProject/CocoCare/ml/data/raw/kaggle/CCI_Leaflets/CCI_Leaflets/CCI_04__1_500.jpg,CCI_Leaflets
/home/sivabharathi/Documents/FinalYearProject/CocoCare/ml/data/raw/kaggle/CCI_Caterpillars/CCI_Caterpillars/CCI_8_256_jpg.rf.9f8d34001b9cbdea89636b7edd431d5a.jpg,CCI_Caterpillars
/home/sivabharathi/Documents/FinalYearProject/CocoCare/ml/data/raw/kaggle/WCLWD_Yellowing/WCLWD_Yellowing/f_aug_0_2903.jpeg,WCLWD_Yellowing
/home/sivabharathi/Documents/FinalYearProject/CocoCare/ml/data/raw/kaggle/CCI_Caterpillars/CCI_Caterpillars/CCI_9_8_jpg.rf.cd2da5340fca10e8726047224ac86337.jpg,CCI_Caterpillars
/home/sivabharathi/Documents/FinalYearProject/CocoCare/ml/data/raw/kaggle/WCLWD_Yellowing/WCLWD_Yellowing/f_aug_0_7388.jpeg,WCLWD_Yellowing
/home/sivabharathi/Documents/FinalYearProject/CocoCare/ml/data/raw/kaggle/CCI_Leaflets/CCI_Leaflets/IMG_2554.JPG,CCI_Leaflets
/home/sivabharathi/Documents/FinalYearProject/CocoCare/ml/data/raw/kaggle/CCI_Caterpillars/CCI_Caterpillars/CCI_8_16_jpg.rf.a340d92aaae693899f021b70564b67c6.jpg,CCI_Caterpillars
/home/sivabharathi/Documents/FinalYearProject/CocoCare/ml/data/raw/kaggle/WCLWD_Yellowing/WCLWD_Yellowing/f_aug_0_801.jpeg,WCLWD_Yellowing
/home/sivabharathi/Documents/FinalYearProject/CocoCare/ml/data/raw/kaggle/WCLWD_DryingofLeaflets/WCLWD_DryingofLeaflets/f_aug_0_4702.jpeg,WCLWD_DryingofLeaflets
/home/sivabharathi/Documents/FinalYearProject/CocoCare/ml/data/raw/kaggle/WCLWD_DryingofLeaflets/WCLWD_DryingofLeaflets/f_aug_0_4676.jpeg,WCLWD_DryingofLeaflets
/home/sivabharathi/Documents/FinalYearProject/CocoCare/ml/data/raw/kaggle/WCLWD_DryingofLeaflets/WCLWD_DryingofLeaflets/f_aug_0_2274.jpeg,WCLWD_DryingofLeaflets
/home/sivabharathi/Documents/FinalYearProject/CocoCare/ml/data/raw/kaggle/WCLWD_Flaccidity/WCLWD_Flaccidity/f_aug_0_968.jpeg,WCLWD_Flaccidity
/home/sivabharathi/Documents/FinalYearProject/CocoCare/ml/data/raw/kaggle/WCLWD_Flaccidity/WCLWD_Flaccidity/f_aug_0_6655.jpeg,WCLWD_Flaccidity
/home/sivabharathi/Documents/FinalYearProject/CocoCare/ml/data/raw/kaggle/WCLWD_Flaccidity/WCLWD_Flaccidity/f_aug_0_8076.jpeg,WCLWD_Flaccidity
/home/sivabharathi/Documents/FinalYearProject/CocoCare/ml/data/raw/kaggle/CCI_Caterpillars/CCI_Caterpillars/CCI_6_80_jpg.rf.126012912ae1871a31bbdc2d4aefde77.jpg,CCI_Caterpillars
/home/sivabharathi/Documents/FinalYearProject/CocoCare/ml/data/raw/kaggle/WCLWD_Yellowing/WCLWD_Yellowing/f_aug_0_9925.jpeg,WCLWD_Yellowing
/home/sivabharathi/Documents/FinalYearProject/CocoCare/ml/data/raw/kaggle/WCLWD_DryingofLeaflets/WCLWD_DryingofLeaflets/f_aug_0_2206.jpeg,WCLWD_DryingofLeaflets
/home/sivabharathi/Documents/FinalYearProject/CocoCare/ml/data/raw/kaggle/WCLWD_Yellowing/WCLWD_Yellowing/f_aug_0_4167.jpeg,WCLWD_Yellowing
/home/sivabharathi/Documents/FinalYearProject/CocoCare/ml/data/raw/kaggle/WCLWD_Yellowing/WCLWD_Yellowing/DSC_0038.JPG,WCLWD_Yellowing
/home/sivabharathi/Documents/FinalYearProject/CocoCare/ml/data/raw/kaggle/CCI_Caterpillars/CCI_Caterpillars/CCI_10_336_jpg.rf.91ed8e988618c963ecbf3cd58ac3852e.jpg,CCI_Caterpillars
/home/sivabharathi/Documents/FinalYearProject/CocoCare/ml/data/raw/kaggle/WCLWD_Yellowing/WCLWD_Yellowing/f_aug_0_9470.jpeg,WCLWD_Yellowing
/home/sivabharathi/Documents/FinalYearProject/CocoCare/ml/data/raw/kaggle/WCLWD_DryingofLeaflets/WCLWD_DryingofLeaflets/f_aug_0_5263.jpeg,WCLWD_DryingofLeaflets
/home/sivabharathi/Documents/FinalYearProject/CocoCare/ml/data/raw/kaggle/CCI_Leaflets/CCI_Leaflets/IMG_2721.JPG,CCI_Leaflets
/home/sivabharathi/Documents/FinalYearProject/CocoCare/ml/data/raw/kaggle/WCLWD_Flaccidity/WCLWD_Flaccidity/f_aug_0_1122.jpeg,WCLWD_Flaccidity
/home/sivabharathi/Documents/FinalYearProject/CocoCare/ml/data/raw/kaggle/CCI_Leaflets/CCI_Leaflets/CCI_01__1_420.jpg,CCI_Leaflets
/home/sivabharathi/Documents/FinalYearProject/CocoCare/ml/data/raw/kaggle/CCI_Caterpillars/CCI_Caterpillars/i8_jpg.rf.ad537e4c6afd18701b9f6f18c29986fd.jpg,CCI_Caterpillars
/home/sivabharathi/Documents/FinalYearProject/CocoCare/ml/data/raw/kaggle/CCI_Caterpillars/CCI_Caterpillars/CCI_9_200_jpg.rf.48b9df3f4277c9abf1d663117a400d49.jpg,CCI_Caterpillars
/home/sivabharathi/Documents/FinalYearProject/CocoCare/ml/data/raw/kaggle/CCI_Leaflets/CCI_Leaflets/CCI_11__1_640.jpg,CCI_Leaflets
/home/sivabharathi/Documents/FinalYearProject/CocoCare/ml/data/raw/kaggle/CCI_Caterpillars/CCI_Caterpillars/CCI_6_48_jpg.rf.c0487e836755ccb5e0556d47accad106.jpg,CCI_Caterpillars
/home/sivabharathi/Documents/FinalYearProject/CocoCare/ml/data/raw/kaggle/WCLWD_Yellowing/WCLWD_Yellowing/f_aug_0_3585.jpeg,WCLWD_Yellowing
/home/sivabharathi/Documents/FinalYearProject/CocoCare/ml/data/raw/kaggle/CCI_Leaflets/CCI_Leaflets/CCI_05__1_580.jpg,CCI_Leaflets
/home/sivabharathi/Documents/FinalYearProject/CocoCare/ml/data/raw/kaggle/WCLWD_Flaccidity/WCLWD_Flaccidity/f_aug_0_67.jpeg,WCLWD_Flaccidity
/home/sivabharathi/Documents/FinalYearProject/CocoCare/ml/data/raw/kaggle/WCLWD_DryingofLeaflets/WCLWD_DryingofLeaflets/f_aug_0_8096.jpeg,WCLWD_DryingofLeaflets
/home/sivabharathi/Documents/FinalYearProject/CocoCare/ml/data/raw/kaggle/CCI_Caterpillars/CCI_Caterpillars/CCI_10_328_jpg.rf.3fd80387319764d30400266d03434906.jpg,CCI_Caterpillars
/home/sivabharathi/Documents/FinalYearProject/CocoCare/ml/data/raw/kaggle/WCLWD_Flaccidity/WCLWD_Flaccidity/f_aug_0_5533.jpeg,WCLWD_Flaccidity
/home/sivabharathi/Documents/FinalYearProject/CocoCare/ml/data/raw/kaggle/CCI_Leaflets/CCI_Leaflets/IMG_2842.JPG,CCI_Leaflets
/home/sivabharathi/Documents/FinalYearProject/CocoCare/ml/data/raw/kaggle/WCLWD_DryingofLeaflets/WCLWD_DryingofLeaflets/f_aug_0_1033.jpeg,WCLWD_DryingofLeaflets
/home/sivabharathi/Documents/FinalYearProject/CocoCare/ml/data/raw/kaggle/CCI_Leaflets/CCI_Leaflets/IMG_2808.JPG,CCI_Leaflets
/home/sivabharathi/Documents/FinalYearProject/CocoCare/ml/data/raw/kaggle/WCLWD_DryingofLeaflets/WCLWD_DryingofLeaflets/f_aug_0_7485.jpeg,WCLWD_DryingofLeaflets
/home/sivabharathi/Documents/FinalYearProject/CocoCare/ml/data/raw/kaggle/WCLWD_Yellowing/WCLWD_Yellowing/f_aug_0_2202.jpeg,WCLWD_Yellowing
/home/sivabharathi/Documents/FinalYearProject/CocoCare/ml/data/raw/kaggle/CCI_Leaflets/CCI_Leaflets/CCI_11__1_780.jpg,CCI_Leaflets
/home/sivabharathi/Documents/FinalYearProject/CocoCare/ml/data/raw/kaggle/WCLWD_Flaccidity/WCLWD_Flaccidity/f_aug_0_2509.jpeg,WCLWD_Flaccidity
/home/sivabharathi/Documents/FinalYearProject/CocoCare/ml/data/raw/kaggle/WCLWD_Flaccidity/WCLWD_Flaccidity/f_aug_0_8382.jpeg,WCLWD_Flaccidity
/home/sivabharathi/Documents/FinalYearProject/CocoCare/ml/data/raw/kaggle/WCLWD_Yellowing/WCLWD_Yellowing/f_aug_0_5237.jpeg,WCLWD_Yellowing
/home/sivabharathi/Documents/FinalYearProject/CocoCare/ml/data/raw/kaggle/WCLWD_Flaccidity/WCLWD_Flaccidity/f_aug_0_1411.jpeg,WCLWD_Flaccidity
/home/sivabharathi/Documents/FinalYearProject/CocoCare/ml/data/raw/kaggle/WCLWD_DryingofLeaflets/WCLWD_DryingofLeaflets/f_aug_0_7615.jpeg,WCLWD_DryingofLeaflets
/home/sivabharathi/Documents/FinalYearProject/CocoCare/ml/data/raw/kaggle/WCLWD_Yellowing/WCLWD_Yellowing/f_aug_0_7958.jpeg,WCLWD_Yellowing
/home/sivabharathi/Documents/FinalYearProject/CocoCare/ml/data/raw/kaggle/CCI_Leaflets/CCI_Leaflets/CCI_02__1_420.jpg,CCI_Leaflets
/home/sivabharathi/Documents/FinalYearProject/CocoCare/ml/data/raw/kaggle/WCLWD_Flaccidity/WCLWD_Flaccidity/f_aug_0_7434.jpeg,WCLWD_Flaccidity
/home/sivabharathi/Documents/FinalYearProject/CocoCare/ml/data/raw/kaggle/CCI_Caterpillars/CCI_Caterpillars/CCI_1_240_jpg.rf.a9e8a5fdb7967fa29ad4d7530a27bdf2.jpg,CCI_Caterpillars
/home/sivabharathi/Documents/FinalYearProject/CocoCare/ml/data/raw/kaggle/WCLWD_Flaccidity/WCLWD_Flaccidity/f_aug_0_1804.jpeg,WCLWD_Flaccidity
/home/sivabharathi/Documents/FinalYearProject/CocoCare/ml/data/raw/kaggle/CCI_Caterpillars/CCI_Caterpillars/CCI_1_55_jpg.rf.e1a9869a3bb37f8862878f502caf63a3.jpg,CCI_Caterpillars
/home/sivabharathi/Documents/FinalYearProject/CocoCare/ml/data/raw/kaggle/WCLWD_Flaccidity/WCLWD_Flaccidity/f_aug_0_1450.jpeg,WCLWD_Flaccidity
/home/sivabharathi/Documents/FinalYearProject/CocoCare/ml/data/raw/kaggle/WCLWD_Flaccidity/WCLWD_Flaccidity/f_aug_0_7163.jpeg,WCLWD_Flaccidity
/home/sivabharathi/Documents/FinalYearProject/CocoCare/ml/data/raw/kaggle/WCLWD_Yellowing/WCLWD_Yellowing/f_aug_0_7223.jpeg,WCLWD_Yellowing
/home/sivabharathi/Documents/FinalYearProject/CocoCare/ml/data/raw/kaggle/CCI_Leaflets/CCI_Leaflets/CCI_07__1_1140.jpg,CCI_Leaflets
/home/sivabharathi/Documents/FinalYearProject/CocoCare/ml/data/raw/kaggle/CCI_Leaflets/CCI_Leaflets/IMG_2686.JPG,CCI_Leaflets
/home/sivabharathi/Documents/FinalYearProject/CocoCare/ml/data/raw/kaggle/WCLWD_Yellowing/WCLWD_Yellowing/f_aug_0_98.jpeg,WCLWD_Yellowing
/home/sivabharathi/Documents/FinalYearProject/CocoCare/ml/data/raw/kaggle/WCLWD_DryingofLeaflets/WCLWD_DryingofLeaflets/f_aug_0_1422.jpeg,WCLWD_DryingofLeaflets
/home/sivabharathi/Documents/FinalYearProject/CocoCare/ml/data/raw/kaggle/WCLWD_DryingofLeaflets/WCLWD_DryingofLeaflets/f_aug_0_3619.jpeg,WCLWD_DryingofLeaflets
/home/sivabharathi/Documents/FinalYearProject/CocoCare/ml/data/raw/kaggle/WCLWD_Yellowing/WCLWD_Yellowing/f_aug_0_2901.jpeg,WCLWD_Yellowing
/home/sivabharathi/Documents/FinalYearProject/CocoCare/ml/data/raw/kaggle/Healthy_Leaves/Healthy_Leaves/Healthy_leaf_84.jpg,Healthy_Leaves
/home/sivabharathi/Documents/FinalYearProject/CocoCare/ml/data/raw/kaggle/CCI_Leaflets/CCI_Leaflets/CCI_08__1_120.jpg,CCI_Leaflets
/home/sivabharathi/Documents/FinalYearProject/CocoCare/ml/data/raw/kaggle/WCLWD_Yellowing/WCLWD_Yellowing/f_aug_0_5151.jpeg,WCLWD_Yellowing
/home/sivabharathi/Documents/FinalYearProject/CocoCare/ml/data/raw/kaggle/WCLWD_DryingofLeaflets/WCLWD_DryingofLeaflets/f_aug_0_4860.jpeg,WCLWD_DryingofLeaflets
/home/sivabharathi/Documents/FinalYearProject/CocoCare/ml/data/raw/kaggle/WCLWD_Flaccidity/WCLWD_Flaccidity/f_aug_0_3207.jpeg,WCLWD_Flaccidity
/home/sivabharathi/Documents/FinalYearProject/CocoCare/ml/data/raw/kaggle/WCLWD_Flaccidity/WCLWD_Flaccidity/f_aug_0_3320.jpeg,WCLWD_Flaccidity
/home/sivabharathi/Documents/FinalYearProject/CocoCare/ml/data/raw/kaggle/WCLWD_Yellowing/WCLWD_Yellowing/f_aug_0_2588.jpeg,WCLWD_Yellowing
/home/sivabharathi/Documents/FinalYearProject/CocoCare/ml/data/raw/kaggle/WCLWD_Yellowing/WCLWD_Yellowing/f_aug_0_270.jpeg,WCLWD_Yellowing
/home/sivabharathi/Documents/FinalYearProject/CocoCare/ml/data/raw/kaggle/CCI_Leaflets/CCI_Leaflets/CCI_01__1_720.jpg,CCI_Leaflets
/home/sivabharathi/Documents/FinalYearProject/CocoCare/ml/data/raw/kaggle/CCI_Leaflets/CCI_Leaflets/CCI_15__1_440.jpg,CCI_Leaflets
/home/sivabharathi/Documents/FinalYearProject/CocoCare/ml/data/raw/kaggle/Healthy_Leaves/Healthy_Leaves/Healthy_leaf_4.jpg,Healthy_Leaves
/home/sivabharathi/Documents/FinalYearProject/CocoCare/ml/data/raw/kaggle/WCLWD_Yellowing/WCLWD_Yellowing/f_aug_0_6870.jpeg,WCLWD_Yellowing
/home/sivabharathi/Documents/FinalYearProject/CocoCare/ml/data/raw/kaggle/CCI_Leaflets/CCI_Leaflets/IMG_2837.JPG,CCI_Leaflets
/home/sivabharathi/Documents/FinalYearProject/CocoCare/ml/data/raw/kaggle/WCLWD_Flaccidity/WCLWD_Flaccidity/f_aug_0_3066.jpeg,WCLWD_Flaccidity
/home/sivabharathi/Documents/FinalYearProject/CocoCare/ml/data/raw/kaggle/WCLWD_Flaccidity/WCLWD_Flaccidity/f_aug_0_7338.jpeg,WCLWD_Flaccidity
/home/sivabharathi/Documents/FinalYearProject/CocoCare/ml/data/raw/kaggle/WCLWD_Flaccidity/WCLWD_Flaccidity/f_aug_0_177.jpeg,WCLWD_Flaccidity
/home/sivabharathi/Documents/FinalYearProject/CocoCare/ml/data/raw/kaggle/Healthy_Leaves/Healthy_Leaves/Healthy_leaf_79.jpg,Healthy_Leaves
/home/sivabharathi/Documents/FinalYearProject/CocoCare/ml/data/raw/kaggle/WCLWD_DryingofLeaflets/WCLWD_DryingofLeaflets/f_aug_0_8159.jpeg,WCLWD_DryingofLeaflets
/home/sivabharathi/Documents/FinalYearProject/CocoCare/ml/data/raw/kaggle/CCI_Leaflets/CCI_Leaflets/CCI_10__1_440.jpg,CCI_Leaflets
/home/sivabharathi/Documents/FinalYearProject/CocoCare/ml/data/raw/kaggle/CCI_Leaflets/CCI_Leaflets/CCI_15__1_660.jpg,CCI_Leaflets
/home/sivabharathi/Documents/FinalYearProject/CocoCare/ml/data/raw/kaggle/WCLWD_DryingofLeaflets/WCLWD_DryingofLeaflets/f_aug_0_2140.jpeg,WCLWD_DryingofLeaflets
/home/sivabharathi/Documents/FinalYearProject/CocoCare/ml/data/raw/kaggle/WCLWD_Yellowing/WCLWD_Yellowing/f_aug_0_5377.jpeg,WCLWD_Yellowing
/home/sivabharathi/Documents/FinalYearProject/CocoCare/ml/data/raw/kaggle/CCI_Caterpillars/CCI_Caterpillars/CCI_1_524_jpg.rf.a2ce13dba4c28837bbf7c745793f6555.jpg,CCI_Caterpillars
/home/sivabharathi/Documents/FinalYearProject/CocoCare/ml/data/raw/kaggle/CCI_Caterpillars/CCI_Caterpillars/CCI_10_104_jpg.rf.5c3bbbe5bb16823713de92fa3647fc5a.jpg,CCI_Caterpillars
/home/sivabharathi/Documents/FinalYearProject/CocoCare/ml/data/raw/kaggle/WCLWD_Flaccidity/WCLWD_Flaccidity/f_aug_0_3864.jpeg,WCLWD_Flaccidity
/home/sivabharathi/Documents/FinalYearProject/CocoCare/ml/data/raw/kaggle/WCLWD_Flaccidity/WCLWD_Flaccidity/f_aug_0_3580.jpeg,WCLWD_Flaccidity
/home/sivabharathi/Documents/FinalYearProject/CocoCare/ml/data/raw/kaggle/WCLWD_DryingofLeaflets/WCLWD_DryingofLeaflets/f_aug_0_4113.jpeg,WCLWD_DryingofLeaflets
/home/sivabharathi/Documents/FinalYearProject/CocoCare/ml/data/raw/kaggle/WCLWD_Yellowing/WCLWD_Yellowing/f_aug_0_9853.jpeg,WCLWD_Yellowing
/home/sivabharathi/Documents/FinalYearProject/CocoCare/ml/data/raw/kaggle/WCLWD_Yellowing/WCLWD_Yellowing/f_aug_0_9927.jpeg,WCLWD_Yellowing
/home/sivabharathi/Documents/FinalYearProject/CocoCare/ml/data/raw/kaggle/CCI_Leaflets/CCI_Leaflets/CCI_06__1_260.jpg,CCI_Leaflets
/home/sivabharathi/Documents/FinalYearProject/CocoCare/ml/data/raw/kaggle/WCLWD_Flaccidity/WCLWD_Flaccidity/f_aug_0_6368.jpeg,WCLWD_Flaccidity
/home/sivabharathi/Documents/FinalYearProject/CocoCare/ml/data/raw/kaggle/Healthy_Leaves/Healthy_Leaves/Healthy_leaf_19.jpg,Healthy_Leaves
/home/sivabharathi/Documents/FinalYearProject/CocoCare/ml/data/raw/kaggle/WCLWD_Flaccidity/WCLWD_Flaccidity/f_aug_0_3093.jpeg,WCLWD_Flaccidity
/home/sivabharathi/Documents/FinalYearProject/CocoCare/ml/data/raw/kaggle/WCLWD_DryingofLeaflets/WCLWD_DryingofLeaflets/f_aug_0_9949.jpeg,WCLWD_DryingofLeaflets
/home/sivabharathi/Documents/FinalYearProject/CocoCare/ml/data/raw/kaggle/Healthy_Leaves/Healthy_Leaves/Healthy_leaf_13.jpg,Healthy_Leaves
/home/sivabharathi/Documents/FinalYearProject/CocoCare/ml/data/raw/kaggle/WCLWD_Yellowing/WCLWD_Yellowing/DSC_0071.JPG,WCLWD_Yellowing
/home/sivabharathi/Documents/FinalYearProject/CocoCare/ml/data/raw/kaggle/CCI_Leaflets/CCI_Leaflets/IMG_2840.JPG,CCI_Leaflets
/home/sivabharathi/Documents/FinalYearProject/CocoCare/ml/data/raw/kaggle/WCLWD_Yellowing/WCLWD_Yellowing/f_aug_0_1298.jpeg,WCLWD_Yellowing
/home/sivabharathi/Documents/FinalYearProject/CocoCare/ml/data/raw/kaggle/CCI_Leaflets/CCI_Leaflets/CCI_07__1_420.jpg,CCI_Leaflets
/home/sivabharathi/Documents/FinalYearProject/CocoCare/ml/data/raw/kaggle/WCLWD_Flaccidity/WCLWD_Flaccidity/f_aug_0_2262.jpeg,WCLWD_Flaccidity
/home/sivabharathi/Documents/FinalYearProject/CocoCare/ml/data/raw/kaggle/CCI_Caterpillars/CCI_Caterpillars/CCI_10_0_jpg.rf.4213fa6363674e98425c19dbb952da2a.jpg,CCI_Caterpillars
/home/sivabharathi/Documents/FinalYearProject/CocoCare/ml/data/raw/kaggle/CCI_Leaflets/CCI_Leaflets/CCI_15__1_280.jpg,CCI_Leaflets
/home/sivabharathi/Documents/FinalYearProject/CocoCare/ml/data/raw/kaggle/WCLWD_Yellowing/WCLWD_Yellowing/f_aug_0_5538.jpeg,WCLWD_Yellowing
/home/sivabharathi/Documents/FinalYearProject/CocoCare/ml/data/raw/kaggle/WCLWD_Yellowing/WCLWD_Yellowing/f_aug_0_9771.jpeg,WCLWD_Yellowing
/home/sivabharathi/Documents/FinalYearProject/CocoCare/ml/data/raw/kaggle/CCI_Leaflets/CCI_Leaflets/CCI_01__1_440.jpg,CCI_Leaflets
/home/sivabharathi/Documents/FinalYearProject/CocoCare/ml/data/raw/kaggle/WCLWD_Flaccidity/WCLWD_Flaccidity/f_aug_0_823.jpeg,WCLWD_Flaccidity
/home/sivabharathi/Documents/FinalYearProject/CocoCare/ml/data/raw/kaggle/CCI_Caterpillars/CCI_Caterpillars/CCI_8_216_jpg.rf.eba8622b0fe13b895d6931101b6bc955.jpg,CCI_Caterpillars
/home/sivabharathi/Documents/FinalYearProject/CocoCare/ml/data/raw/kaggle/WCLWD_Yellowing/WCLWD_Yellowing/f_aug_0_2239.jpeg,WCLWD_Yellowing
/home/sivabharathi/Documents/FinalYearProject/CocoCare/ml/data/raw/kaggle/WCLWD_DryingofLeaflets/WCLWD_DryingofLeaflets/f_aug_0_4087.jpeg,WCLWD_DryingofLeaflets
/home/sivabharathi/Documents/FinalYearProject/CocoCare/ml/data/raw/kaggle/CCI_Caterpillars/CCI_Caterpillars/CCI_3_15_jpg.rf.6c3b3798ce49084081880c78c93f1b6f.jpg,CCI_Caterpillars
/home/sivabharathi/Documents/FinalYearProject/CocoCare/ml/data/raw/kaggle/WCLWD_DryingofLeaflets/WCLWD_DryingofLeaflets/f_aug_0_3943.jpeg,WCLWD_DryingofLeaflets
/home/sivabharathi/Documents/FinalYearProject/CocoCare/ml/data/raw/kaggle/CCI_Leaflets/CCI_Leaflets/IMG_2673.JPG,CCI_Leaflets
/home/sivabharathi/Documents/FinalYearProject/CocoCare/ml/data/raw/kaggle/CCI_Caterpillars/CCI_Caterpillars/CCI_1_95_jpg.rf.22d1cb20020633d39ea48cfbcd15da15.jpg,CCI_Caterpillars
/home/sivabharathi/Documents/FinalYearProject/CocoCare/ml/data/raw/kaggle/CCI_Caterpillars/CCI_Caterpillars/CCI_8_312_jpg.rf.6fb84e0b78cb1971c0ded27d232ab546.jpg,CCI_Caterpillars
/home/sivabharathi/Documents/FinalYearProject/CocoCare/ml/data/raw/kaggle/CCI_Caterpillars/CCI_Caterpillars/CCI_3_90_jpg.rf.4bc1dcf9278e3b7d77156221b229d19a.jpg,CCI_Caterpillars
/home/sivabharathi/Documents/FinalYearProject/CocoCare/ml/data/raw/kaggle/WCLWD_Flaccidity/WCLWD_Flaccidity/f_aug_0_9925.jpeg,WCLWD_Flaccidity
/home/sivabharathi/Documents/FinalYearProject/CocoCare/ml/data/raw/kaggle/CCI_Caterpillars/CCI_Caterpillars/CCI_6_8_jpg.rf.18e942fb32184f842de9fc0fdee4902e.jpg,CCI_Caterpillars
/home/sivabharathi/Documents/FinalYearProject/CocoCare/ml/data/raw/kaggle/CCI_Leaflets/CCI_Leaflets/CCI_15__1_340.jpg,CCI_Leaflets
/home/sivabharathi/Documents/FinalYearProject/CocoCare/ml/data/raw/kaggle/CCI_Leaflets/CCI_Leaflets/CCI_15__1_1120.jpg,CCI_Leaflets
/home/sivabharathi/Documents/FinalYearProject/CocoCare/ml/data/raw/kaggle/WCLWD_Flaccidity/WCLWD_Flaccidity/f_aug_0_7609.jpeg,WCLWD_Flaccidity
/home/sivabharathi/Documents/FinalYearProject/CocoCare/ml/data/raw/kaggle/WCLWD_Yellowing/WCLWD_Yellowing/f_aug_0_7159.jpeg,WCLWD_Yellowing
/home/sivabharathi/Documents/FinalYearProject/CocoCare/ml/data/raw/kaggle/Healthy_Leaves/Healthy_Leaves/Healthy_leaf_30.jpg,Healthy_Leaves
/home/sivabharathi/Documents/FinalYearProject/CocoCare/ml/data/raw/kaggle/WCLWD_DryingofLeaflets/WCLWD_DryingofLeaflets/f_aug_0_9549.jpeg,WCLWD_DryingofLeaflets
/home/sivabharathi/Documents/FinalYearProject/CocoCare/ml/data/raw/kaggle/CCI_Leaflets/CCI_Leaflets/CCI_02__1_1160.jpg,CCI_Leaflets
/home/sivabharathi/Documents/FinalYearProject/CocoCare/ml/data/raw/kaggle/CCI_Caterpillars/CCI_Caterpillars/CCI_9_112_jpg.rf.33bc0f488e1bc3f7449a6ba33282b8c3.jpg,CCI_Caterpillars
/home/sivabharathi/Documents/FinalYearProject/CocoCare/ml/data/raw/kaggle/WCLWD_Yellowing/WCLWD_Yellowing/f_aug_0_612.jpeg,WCLWD_Yellowing
/home/sivabharathi/Documents/FinalYearProject/CocoCare/ml/data/raw/kaggle/CCI_Caterpillars/CCI_Caterpillars/CCI_12_296_jpg.rf.e8fc9e0195189ae47ab50506ac6a4169.jpg,CCI_Caterpillars
/home/sivabharathi/Documents/FinalYearProject/CocoCare/ml/data/raw/kaggle/CCI_Leaflets/CCI_Leaflets/CCI_13__1_660.jpg,CCI_Leaflets
/home/sivabharathi/Documents/FinalYearProject/CocoCare/ml/data/raw/kaggle/CCI_Caterpillars/CCI_Caterpillars/CCI_2_240_jpg.rf.3652af982f5af74e25d05abb10f886a1.jpg,CCI_Caterpillars
/home/sivabharathi/Documents/FinalYearProject/CocoCare/ml/data/raw/kaggle/WCLWD_Flaccidity/WCLWD_Flaccidity/f_aug_0_3785.jpeg,WCLWD_Flaccidity
/home/sivabharathi/Documents/FinalYearProject/CocoCare/ml/data/raw/kaggle/CCI_Caterpillars/CCI_Caterpillars/CCI_2_30_jpg.rf.1f942054fc6d9eb2e58063e664025d9c.jpg,CCI_Caterpillars
/home/sivabharathi/Documents/FinalYearProject/CocoCare/ml/data/raw/kaggle/CCI_Caterpillars/CCI_Caterpillars/CCI_12_40_jpg.rf.dd27d62d9a71e9dbdea817b81873e7f1.jpg,CCI_Caterpillars
/home/sivabharathi/Documents/FinalYearProject/CocoCare/ml/data/raw/kaggle/WCLWD_DryingofLeaflets/WCLWD_DryingofLeaflets/f_aug_0_1767.jpeg,WCLWD_DryingofLeaflets
/home/sivabharathi/Documents/FinalYearProject/CocoCare/ml/data/raw/kaggle/CCI_Caterpillars/CCI_Caterpillars/CCI_12_240_jpg.rf.9f2a6d86323aa9175219dff8067455de.jpg,CCI_Caterpillars
/home/sivabharathi/Documents/FinalYearProject/CocoCare/ml/data/raw/kaggle/WCLWD_Flaccidity/WCLWD_Flaccidity/f_aug_0_7918.jpeg,WCLWD_Flaccidity
/home/sivabharathi/Documents/FinalYearProject/CocoCare/ml/data/raw/kaggle/WCLWD_Yellowing/WCLWD_Yellowing/f_aug_0_1418.jpeg,WCLWD_Yellowing
/home/sivabharathi/Documents/FinalYearProject/CocoCare/ml/data/raw/kaggle/WCLWD_Flaccidity/WCLWD_Flaccidity/f_aug_0_5264.jpeg,WCLWD_Flaccidity
/home/sivabharathi/Documents/FinalYearProject/CocoCare/ml/data/raw/kaggle/CCI_Leaflets/CCI_Leaflets/CCI_14__1_320.jpg,CCI_Leaflets
/home/sivabharathi/Documents/FinalYearProject/CocoCare/ml/data/raw/kaggle/WCLWD_DryingofLeaflets/WCLWD_DryingofLeaflets/f_aug_0_1637.jpeg,WCLWD_DryingofLeaflets
/home/sivabharathi/Documents/FinalYearProject/CocoCare/ml/data/raw/kaggle/WCLWD_Flaccidity/WCLWD_Flaccidity/f_aug_0_5151.jpeg,WCLWD_Flaccidity
/home/sivabharathi/Documents/FinalYearProject/CocoCare/ml/data/raw/kaggle/CCI_Caterpillars/CCI_Caterpillars/CCI_2_344_jpg.rf.69803d578f7b92747b684ec8117ee046.jpg,CCI_Caterpillars
/home/sivabharathi/Documents/FinalYearProject/CocoCare/ml/data/raw/kaggle/CCI_Caterpillars/CCI_Caterpillars/CCI_10_16_jpg.rf.ada3a5bf2374008611c812de943ed71b.jpg,CCI_Caterpillars
/home/sivabharathi/Documents/FinalYearProject/CocoCare/ml/data/raw/kaggle/WCLWD_DryingofLeaflets/WCLWD_DryingofLeaflets/f_aug_0_1308.jpeg,WCLWD_DryingofLeaflets
/home/sivabharathi/Documents/FinalYearProject/CocoCare/ml/data/raw/kaggle/WCLWD_Yellowing/WCLWD_Yellowing/f_aug_0_9888.jpeg,WCLWD_Yellowing
/home/sivabharathi/Documents/FinalYearProject/CocoCare/ml/data/raw/kaggle/CCI_Caterpillars/CCI_Caterpillars/CCI_6_120_jpg.rf.8496cb2264b6e4a4e4cac7276db8e602.jpg,CCI_Caterpillars
/home/sivabharathi/Documents/FinalYearProject/CocoCare/ml/data/raw/kaggle/CCI_Caterpillars/CCI_Caterpillars/CCI_3_140_jpg.rf.8ea49c0f462a44a61495050cbadf7bed.jpg,CCI_Caterpillars
/home/sivabharathi/Documents/FinalYearProject/CocoCare/ml/data/raw/kaggle/WCLWD_Flaccidity/WCLWD_Flaccidity/f_aug_0_3822.jpeg,WCLWD_Flaccidity
/home/sivabharathi/Documents/FinalYearProject/CocoCare/ml/data/raw/kaggle/WCLWD_Flaccidity/WCLWD_Flaccidity/f_aug_0_7533.jpeg,WCLWD_Flaccidity
/home/sivabharathi/Documents/FinalYearProject/CocoCare/ml/data/raw/kaggle/WCLWD_Flaccidity/WCLWD_Flaccidity/f_aug_0_3738.jpeg,WCLWD_Flaccidity
/home/sivabharathi/Documents/FinalYearProject/CocoCare/ml/data/raw/kaggle/WCLWD_DryingofLeaflets/WCLWD_DryingofLeaflets/f_aug_0_607.jpeg,WCLWD_DryingofLeaflets
/home/sivabharathi/Documents/FinalYearProject/CocoCare/ml/data/raw/kaggle/WCLWD_Flaccidity/WCLWD_Flaccidity/f_aug_0_9084.jpeg,WCLWD_Flaccidity
/home/sivabharathi/Documents/FinalYearProject/CocoCare/ml/data/raw/kaggle/WCLWD_DryingofLeaflets/WCLWD_DryingofLeaflets/f_aug_0_8845.jpeg,WCLWD_DryingofLeaflets
/home/sivabharathi/Documents/FinalYearProject/CocoCare/ml/data/raw/kaggle/WCLWD_Flaccidity/WCLWD_Flaccidity/f_aug_0_2240.jpeg,WCLWD_Flaccidity
/home/sivabharathi/Documents/FinalYearProject/CocoCare/ml/data/raw/kaggle/CCI_Leaflets/CCI_Leaflets/CCI_04__1_560.jpg,CCI_Leaflets
/home/sivabharathi/Documents/FinalYearProject/CocoCare/ml/data/raw/kaggle/CCI_Caterpillars/CCI_Caterpillars/CCI_3_190_jpg.rf.a73210d9c2dd898de32d39c27d58875f.jpg,CCI_Caterpillars
/home/sivabharathi/Documents/FinalYearProject/CocoCare/ml/data/raw/kaggle/WCLWD_DryingofLeaflets/WCLWD_DryingofLeaflets/f_aug_0_8359.jpeg,WCLWD_DryingofLeaflets
/home/sivabharathi/Documents/FinalYearProject/CocoCare/ml/data/raw/kaggle/CCI_Caterpillars/CCI_Caterpillars/CCI_9_24_jpg.rf.3c0768dfb7d39b7f7bd61ed9196c49b9.jpg,CCI_Caterpillars
/home/sivabharathi/Documents/FinalYearProject/CocoCare/ml/data/raw/kaggle/CCI_Caterpillars/CCI_Caterpillars/CCI_4_80_jpg.rf.a97a03abc9108282d7c0ca40bf4c4967.jpg,CCI_Caterpillars
/home/sivabharathi/Documents/FinalYearProject/CocoCare/ml/data/raw/kaggle/Healthy_Leaves/Healthy_Leaves/Healthy_leaf_111.jpg,Healthy_Leaves
/home/sivabharathi/Documents/FinalYearProject/CocoCare/ml/data/raw/kaggle/CCI_Leaflets/CCI_Leaflets/CCI_01__1_100.jpg,CCI_Leaflets
/home/sivabharathi/Documents/FinalYearProject/CocoCare/ml/data/raw/kaggle/WCLWD_DryingofLeaflets/WCLWD_DryingofLeaflets/f_aug_0_2834.jpeg,WCLWD_DryingofLeaflets
/home/sivabharathi/Documents/FinalYearProject/CocoCare/ml/data/raw/kaggle/CCI_Caterpillars/CCI_Caterpillars/CCI_9_160_jpg.rf.5519c9c63f38c2afe5e5dddb92750549.jpg,CCI_Caterpillars
/home/sivabharathi/Documents/FinalYearProject/CocoCare/ml/data/raw/kaggle/WCLWD_Yellowing/WCLWD_Yellowing/f_aug_0_3619.jpeg,WCLWD_Yellowing
/home/sivabharathi/Documents/FinalYearProject/CocoCare/ml/data/raw/kaggle/WCLWD_DryingofLeaflets/WCLWD_DryingofLeaflets/f_aug_0_8605.jpeg,WCLWD_DryingofLeaflets
/home/sivabharathi/Documents/FinalYearProject/CocoCare/ml/data/raw/kaggle/CCI_Caterpillars/CCI_Caterpillars/CCI_1_175_jpg.rf.d23de1c2a1530ef36550429c7f91deec.jpg,CCI_Caterpillars
/home/sivabharathi/Documents/FinalYearProject/CocoCare/ml/data/raw/kaggle/WCLWD_DryingofLeaflets/WCLWD_DryingofLeaflets/f_aug_0_9965.jpeg,WCLWD_DryingofLeaflets
/home/sivabharathi/Documents/FinalYearProject/CocoCare/ml/data/raw/kaggle/WCLWD_DryingofLeaflets/WCLWD_DryingofLeaflets/f_aug_0_5471.jpeg,WCLWD_DryingofLeaflets
/home/sivabharathi/Documents/FinalYearProject/CocoCare/ml/data/raw/kaggle/WCLWD_DryingofLeaflets/WCLWD_DryingofLeaflets/f_aug_0_9987.jpeg,WCLWD_DryingofLeaflets
/home/sivabharathi/Documents/FinalYearProject/CocoCare/ml/data/raw/kaggle/WCLWD_Flaccidity/WCLWD_Flaccidity/f_aug_0_5876.jpeg,WCLWD_Flaccidity
/home/sivabharathi/Documents/FinalYearProject/CocoCare/ml/data/raw/kaggle/WCLWD_Yellowing/WCLWD_Yellowing/f_aug_0_3839.jpeg,WCLWD_Yellowing
/home/sivabharathi/Documents/FinalYearProject/CocoCare/ml/data/raw/kaggle/WCLWD_DryingofLeaflets/WCLWD_DryingofLeaflets/f_aug_0_5198.jpeg,WCLWD_DryingofLeaflets
/home/sivabharathi/Documents/FinalYearProject/CocoCare/ml/data/raw/kaggle/CCI_Caterpillars/CCI_Caterpillars/CCI_2_232_jpg.rf.ae5cb8f5267cc6b0759718c3d13de587.jpg,CCI_Caterpillars
/home/sivabharathi/Documents/FinalYearProject/CocoCare/ml/data/raw/kaggle/WCLWD_DryingofLeaflets/WCLWD_DryingofLeaflets/f_aug_0_1594.jpeg,WCLWD_DryingofLeaflets
/home/sivabharathi/Documents/FinalYearProject/CocoCare/ml/data/raw/kaggle/WCLWD_DryingofLeaflets/WCLWD_DryingofLeaflets/f_aug_0_4059.jpeg,WCLWD_DryingofLeaflets
/home/sivabharathi/Documents/FinalYearProject/CocoCare/ml/data/raw/kaggle/WCLWD_Flaccidity/WCLWD_Flaccidity/f_aug_0_4298.jpeg,WCLWD_Flaccidity
/home/sivabharathi/Documents/FinalYearProject/CocoCare/ml/data/raw/kaggle/CCI_Caterpillars/CCI_Caterpillars/CCI_3_55_jpg.rf.2568281ca292cba01cedecb3058e557b.jpg,CCI_Caterpillars
/home/sivabharathi/Documents/FinalYearProject/CocoCare/ml/data/raw/kaggle/WCLWD_Flaccidity/WCLWD_Flaccidity/f_aug_0_4043.jpeg,WCLWD_Flaccidity
/home/sivabharathi/Documents/FinalYearProject/CocoCare/ml/data/raw/kaggle/WCLWD_Flaccidity/WCLWD_Flaccidity/f_aug_0_9348.jpeg,WCLWD_Flaccidity
/home/sivabharathi/Documents/FinalYearProject/CocoCare/ml/data/raw/kaggle/CCI_Caterpillars/CCI_Caterpillars/CCI_7_88_jpg.rf.39fbf5e3b3d4a3d4ca957f27dd206bea.jpg,CCI_Caterpillars
/home/sivabharathi/Documents/FinalYearProject/CocoCare/ml/data/raw/kaggle/CCI_Leaflets/CCI_Leaflets/IMG_2739.JPG,CCI_Leaflets
/home/sivabharathi/Documents/FinalYearProject/CocoCare/ml/data/raw/kaggle/WCLWD_Flaccidity/WCLWD_Flaccidity/f_aug_0_7856.jpeg,WCLWD_Flaccidity
/home/sivabharathi/Documents/FinalYearProject/CocoCare/ml/data/raw/kaggle/WCLWD_Yellowing/WCLWD_Yellowing/f_aug_0_4596.jpeg,WCLWD_Yellowing
/home/sivabharathi/Documents/FinalYearProject/CocoCare/ml/data/raw/kaggle/CCI_Caterpillars/CCI_Caterpillars/CCI_7_32_jpg.rf.952b8b22b69500608ec5a689d5524e66.jpg,CCI_Caterpillars
/home/sivabharathi/Documents/FinalYearProject/CocoCare/ml/data/raw/kaggle/CCI_Caterpillars/CCI_Caterpillars/CCI_3_250_jpg.rf.8bbabc9d258f0be65da1f672d642fefa.jpg,CCI_Caterpillars
/home/sivabharathi/Documents/FinalYearProject/CocoCare/ml/data/raw/kaggle/Healthy_Leaves/Healthy_Leaves/Healthy_leaf_69.jpg,Healthy_Leaves
/home/sivabharathi/Documents/FinalYearProject/CocoCare/ml/data/raw/kaggle/CCI_Caterpillars/CCI_Caterpillars/CCI_6_104_jpg.rf.8d8fc799158d0b8293abc3c1e7778e7b.jpg,CCI_Caterpillars
/home/sivabharathi/Documents/FinalYearProject/CocoCare/ml/data/raw/kaggle/CCI_Leaflets/CCI_Leaflets/CCI_08__1_320.jpg,CCI_Leaflets
/home/sivabharathi/Documents/FinalYearProject/CocoCare/ml/data/raw/kaggle/CCI_Leaflets/CCI_Leaflets/CCI_16__1_440.jpg,CCI_Leaflets
/home/sivabharathi/Documents/FinalYearProject/CocoCare/ml/data/raw/kaggle/WCLWD_Yellowing/WCLWD_Yellowing/f_aug_0_7340.jpeg,WCLWD_Yellowing
/home/sivabharathi/Documents/FinalYearProject/CocoCare/ml/data/raw/kaggle/CCI_Leaflets/CCI_Leaflets/CCI_14__1_460.jpg,CCI_Leaflets
/home/sivabharathi/Documents/FinalYearProject/CocoCare/ml/data/raw/kaggle/WCLWD_DryingofLeaflets/WCLWD_DryingofLeaflets/f_aug_0_9742.jpeg,WCLWD_DryingofLeaflets
/home/sivabharathi/Documents/FinalYearProject/CocoCare/ml/data/raw/kaggle/WCLWD_Yellowing/WCLWD_Yellowing/f_aug_0_7454.jpeg,WCLWD_Yellowing
/home/sivabharathi/Documents/FinalYearProject/CocoCare/ml/data/raw/kaggle/WCLWD_Yellowing/WCLWD_Yellowing/f_aug_0_2451.jpeg,WCLWD_Yellowing
/home/sivabharathi/Documents/FinalYearProject/CocoCare/ml/data/raw/kaggle/CCI_Leaflets/CCI_Leaflets/CCI_11__1_900.jpg,CCI_Leaflets
/home/sivabharathi/Documents/FinalYearProject/CocoCare/ml/data/raw/kaggle/CCI_Caterpillars/CCI_Caterpillars/CCI_11_376_jpg.rf.b83668d8ee9d9240227a5639d0d22d8d.jpg,CCI_Caterpillars
/home/sivabharathi/Documents/FinalYearProject/CocoCare/ml/data/raw/kaggle/CCI_Leaflets/CCI_Leaflets/CCI_04__1_740.jpg,CCI_Leaflets
/home/sivabharathi/Documents/FinalYearProject/CocoCare/ml/data/raw/kaggle/WCLWD_Flaccidity/WCLWD_Flaccidity/f_aug_0_7922.jpeg,WCLWD_Flaccidity
/home/sivabharathi/Documents/FinalYearProject/CocoCare/ml/data/raw/kaggle/WCLWD_Yellowing/WCLWD_Yellowing/f_aug_0_9028.jpeg,WCLWD_Yellowing
/home/sivabharathi/Documents/FinalYearProject/CocoCare/ml/data/raw/kaggle/CCI_Caterpillars/CCI_Caterpillars/CCI_1_100_jpg.rf.f131afb71d913afbee43dec29878934c.jpg,CCI_Caterpillars
/home/sivabharathi/Documents/FinalYearProject/CocoCare/ml/data/raw/kaggle/CCI_Caterpillars/CCI_Caterpillars/CCI_9_112_jpg.rf.14224da3054f8882ff60fc426feeb589.jpg,CCI_Caterpillars
/home/sivabharathi/Documents/FinalYearProject/CocoCare/ml/data/raw/kaggle/WCLWD_DryingofLeaflets/WCLWD_DryingofLeaflets/f_aug_0_7862.jpeg,WCLWD_DryingofLeaflets
/home/sivabharathi/Documents/FinalYearProject/CocoCare/ml/data/raw/kaggle/CCI_Leaflets/CCI_Leaflets/CCI_06__1_480.jpg,CCI_Leaflets
/home/sivabharathi/Documents/FinalYearProject/CocoCare/ml/data/raw/kaggle/WCLWD_Flaccidity/WCLWD_Flaccidity/f_aug_0_1293.jpeg,WCLWD_Flaccidity
/home/sivabharathi/Documents/FinalYearProject/CocoCare/ml/data/raw/kaggle/CCI_Caterpillars/CCI_Caterpillars/CCI_8_200_jpg.rf.d2c3623db9aac2439f6e8461211d5792.jpg,CCI_Caterpillars
/home/sivabharathi/Documents/FinalYearProject/CocoCare/ml/data/raw/kaggle/WCLWD_Yellowing/WCLWD_Yellowing/f_aug_0_1653.jpeg,WCLWD_Yellowing
/home/sivabharathi/Documents/FinalYearProject/CocoCare/ml/data/raw/kaggle/CCI_Leaflets/CCI_Leaflets/CCI_06__1_640.jpg,CCI_Leaflets
/home/sivabharathi/Documents/FinalYearProject/CocoCare/ml/data/raw/kaggle/WCLWD_Yellowing/WCLWD_Yellowing/f_aug_0_6569.jpeg,WCLWD_Yellowing
/home/sivabharathi/Documents/FinalYearProject/CocoCare/ml/data/raw/kaggle/WCLWD_DryingofLeaflets/WCLWD_DryingofLeaflets/f_aug_0_4152.jpeg,WCLWD_DryingofLeaflets
/home/sivabharathi/Documents/FinalYearProject/CocoCare/ml/data/raw/kaggle/WCLWD_Yellowing/WCLWD_Yellowing/f_aug_0_3215.jpeg,WCLWD_Yellowing
/home/sivabharathi/Documents/FinalYearProject/CocoCare/ml/data/raw/kaggle/WCLWD_Flaccidity/WCLWD_Flaccidity/f_aug_0_1129.jpeg,WCLWD_Flaccidity
/home/sivabharathi/Documents/FinalYearProject/CocoCare/ml/data/raw/kaggle/WCLWD_DryingofLeaflets/WCLWD_DryingofLeaflets/f_aug_0_5930.jpeg,WCLWD_DryingofLeaflets
/home/sivabharathi/Documents/FinalYearProject/CocoCare/ml/data/raw/kaggle/WCLWD_Flaccidity/WCLWD_Flaccidity/f_aug_0_3214.jpeg,WCLWD_Flaccidity
/home/sivabharathi/Documents/FinalYearProject/CocoCare/ml/data/raw/kaggle/CCI_Caterpillars/CCI_Caterpillars/CCI_10_64_jpg.rf.7e52e4cf7350fe213dafcaadc709681a.jpg,CCI_Caterpillars
/home/sivabharathi/Documents/FinalYearProject/CocoCare/ml/data/raw/kaggle/CCI_Caterpillars/CCI_Caterpillars/CCI_5_0_jpg.rf.ee813b6822ef8ccadee93ffefa3f9c98.jpg,CCI_Caterpillars
/home/sivabharathi/Documents/FinalYearProject/CocoCare/ml/data/raw/kaggle/WCLWD_Flaccidity/WCLWD_Flaccidity/f_aug_0_6843.jpeg,WCLWD_Flaccidity
/home/sivabharathi/Documents/FinalYearProject/CocoCare/ml/data/raw/kaggle/CCI_Leaflets/CCI_Leaflets/CCI_04__1_1060.jpg,CCI_Leaflets
/home/sivabharathi/Documents/FinalYearProject/CocoCare/ml/data/raw/kaggle/WCLWD_Flaccidity/WCLWD_Flaccidity/f_aug_0_4636.jpeg,WCLWD_Flaccidity
/home/sivabharathi/Documents/FinalYearProject/CocoCare/ml/data/raw/kaggle/WCLWD_Yellowing/WCLWD_Yellowing/f_aug_0_5724.jpeg,WCLWD_Yellowing
/home/sivabharathi/Documents/FinalYearProject/CocoCare/ml/data/raw/kaggle/WCLWD_DryingofLeaflets/WCLWD_DryingofLeaflets/f_aug_0_9231.jpeg,WCLWD_DryingofLeaflets
/home/sivabharathi/Documents/FinalYearProject/CocoCare/ml/data/raw/kaggle/CCI_Leaflets/CCI_Leaflets/IMG_2549.JPG,CCI_Leaflets
/home/sivabharathi/Documents/FinalYearProject/CocoCare/ml/data/raw/kaggle/CCI_Caterpillars/CCI_Caterpillars/CCI_7_0_jpg.rf.fc620ab1d82875e9f9fd0c88bba3ce6c.jpg,CCI_Caterpillars
/home/sivabharathi/Documents/FinalYearProject/CocoCare/ml/data/raw/kaggle/WCLWD_Yellowing/WCLWD_Yellowing/f_aug_0_4463.jpeg,WCLWD_Yellowing
/home/sivabharathi/Documents/FinalYearProject/CocoCare/ml/data/raw/kaggle/CCI_Caterpillars/CCI_Caterpillars/CCI_10_152_jpg.rf.71289839e3513f2e6be72ad845a31f95.jpg,CCI_Caterpillars
/home/sivabharathi/Documents/FinalYearProject/CocoCare/ml/data/raw/kaggle/WCLWD_Flaccidity/WCLWD_Flaccidity/f_aug_0_2913.jpeg,WCLWD_Flaccidity
/home/sivabharathi/Documents/FinalYearProject/CocoCare/ml/data/raw/kaggle/CCI_Leaflets/CCI_Leaflets/CCI_05__1_720.jpg,CCI_Leaflets
/home/sivabharathi/Documents/FinalYearProject/CocoCare/ml/data/raw/kaggle/WCLWD_Yellowing/WCLWD_Yellowing/f_aug_0_9717.jpeg,WCLWD_Yellowing
/home/sivabharathi/Documents/FinalYearProject/CocoCare/ml/data/raw/kaggle/CCI_Caterpillars/CCI_Caterpillars/CCI_9_104_jpg.rf.e725973ea7d87bc1cc13de784f9543c7.jpg,CCI_Caterpillars
/home/sivabharathi/Documents/FinalYearProject/CocoCare/ml/data/raw/kaggle/CCI_Leaflets/CCI_Leaflets/CCI_03__1_300.jpg,CCI_Leaflets
/home/sivabharathi/Documents/FinalYearProject/CocoCare/ml/data/raw/kaggle/CCI_Caterpillars/CCI_Caterpillars/CCI_9_152_jpg.rf.38437cf83dbe6a70af2f595b91337c73.jpg,CCI_Caterpillars
/home/sivabharathi/Documents/FinalYearProject/CocoCare/ml/data/raw/kaggle/WCLWD_Yellowing/WCLWD_Yellowing/f_aug_0_9258.jpeg,WCLWD_Yellowing
/home/sivabharathi/Documents/FinalYearProject/CocoCare/ml/data/raw/kaggle/WCLWD_DryingofLeaflets/WCLWD_DryingofLeaflets/f_aug_0_4928.jpeg,WCLWD_DryingofLeaflets
/home/sivabharathi/Documents/FinalYearProject/CocoCare/ml/data/raw/kaggle/WCLWD_Yellowing/WCLWD_Yellowing/f_aug_0_8049.jpeg,WCLWD_Yellowing
/home/sivabharathi/Documents/FinalYearProject/CocoCare/ml/data/raw/kaggle/WCLWD_Flaccidity/WCLWD_Flaccidity/f_aug_0_6755.jpeg,WCLWD_Flaccidity
/home/sivabharathi/Documents/FinalYearProject/CocoCare/ml/data/raw/kaggle/WCLWD_Yellowing/WCLWD_Yellowing/f_aug_0_4856.jpeg,WCLWD_Yellowing
/home/sivabharathi/Documents/FinalYearProject/CocoCare/ml/data/raw/kaggle/WCLWD_Flaccidity/WCLWD_Flaccidity/f_aug_0_8089.jpeg,WCLWD_Flaccidity
/home/sivabharathi/Documents/FinalYearProject/CocoCare/ml/data/raw/kaggle/WCLWD_Yellowing/WCLWD_Yellowing/f_aug_0_4870.jpeg,WCLWD_Yellowing
/home/sivabharathi/Documents/FinalYearProject/CocoCare/ml/data/raw/kaggle/CCI_Leaflets/CCI_Leaflets/CCI_16__1_340.jpg,CCI_Leaflets
/home/sivabharathi/Documents/FinalYearProject/CocoCare/ml/data/raw/kaggle/WCLWD_Flaccidity/WCLWD_Flaccidity/f_aug_0_1685.jpeg,WCLWD_Flaccidity
/home/sivabharathi/Documents/FinalYearProject/CocoCare/ml/data/raw/kaggle/CCI_Caterpillars/CCI_Caterpillars/CCI_7_160_jpg.rf.3cd16e2bbb4ac9c2700cf1ee9879e401.jpg,CCI_Caterpillars
/home/sivabharathi/Documents/FinalYearProject/CocoCare/ml/data/raw/kaggle/WCLWD_Yellowing/WCLWD_Yellowing/f_aug_0_4221.jpeg,WCLWD_Yellowing
/home/sivabharathi/Documents/FinalYearProject/CocoCare/ml/data/raw/kaggle/WCLWD_Flaccidity/WCLWD_Flaccidity/f_aug_0_9748.jpeg,WCLWD_Flaccidity
/home/sivabharathi/Documents/FinalYearProject/CocoCare/ml/data/raw/kaggle/WCLWD_DryingofLeaflets/WCLWD_DryingofLeaflets/f_aug_0_9036.jpeg,WCLWD_DryingofLeaflets
/home/sivabharathi/Documents/FinalYearProject/CocoCare/ml/data/raw/kaggle/Healthy_Leaves/Healthy_Leaves/Healthy_leaf_54.jpg,Healthy_Leaves
/home/sivabharathi/Documents/FinalYearProject/CocoCare/ml/data/raw/kaggle/CCI_Caterpillars/CCI_Caterpillars/i1_jpg.rf.4afff768a85f93e3025430a2b74f964e.jpg,CCI_Caterpillars
/home/sivabharathi/Documents/FinalYearProject/CocoCare/ml/data/raw/kaggle/CCI_Caterpillars/CCI_Caterpillars/CCI_3_50_jpg.rf.67b2b3b18dad17ef963ae134f587a0a7.jpg,CCI_Caterpillars
/home/sivabharathi/Documents/FinalYearProject/CocoCare/ml/data/raw/kaggle/WCLWD_Flaccidity/WCLWD_Flaccidity/f_aug_0_3240.jpeg,WCLWD_Flaccidity
/home/sivabharathi/Documents/FinalYearProject/CocoCare/ml/data/raw/kaggle/WCLWD_DryingofLeaflets/WCLWD_DryingofLeaflets/f_aug_0_2844.jpeg,WCLWD_DryingofLeaflets
/home/sivabharathi/Documents/FinalYearProject/CocoCare/ml/data/raw/kaggle/WCLWD_Yellowing/WCLWD_Yellowing/f_aug_0_5468.jpeg,WCLWD_Yellowing
/home/sivabharathi/Documents/FinalYearProject/CocoCare/ml/data/raw/kaggle/WCLWD_DryingofLeaflets/WCLWD_DryingofLeaflets/f_aug_0_5142.jpeg,WCLWD_DryingofLeaflets
/home/sivabharathi/Documents/FinalYearProject/CocoCare/ml/data/raw/kaggle/CCI_Caterpillars/CCI_Caterpillars/CCI_5_120_jpg.rf.83b0f9b82d3ea65329a57f7c7a5ed554.jpg,CCI_Caterpillars
/home/sivabharathi/Documents/FinalYearProject/CocoCare/ml/data/raw/kaggle/CCI_Caterpillars/CCI_Caterpillars/CCI_9_192_jpg.rf.b4478d6e7f71a5da213e0ed9fd8a0e93.jpg,CCI_Caterpillars
/home/sivabharathi/Documents/FinalYearProject/CocoCare/ml/data/raw/kaggle/CCI_Leaflets/CCI_Leaflets/CCI_11__1_560.jpg,CCI_Leaflets
/home/sivabharathi/Documents/FinalYearProject/CocoCare/ml/data/raw/kaggle/WCLWD_Flaccidity/WCLWD_Flaccidity/f_aug_0_3086.jpeg,WCLWD_Flaccidity
/home/sivabharathi/Documents/FinalYearProject/CocoCare/ml/data/raw/kaggle/WCLWD_DryingofLeaflets/WCLWD_DryingofLeaflets/f_aug_0_3746.jpeg,WCLWD_DryingofLeaflets
/home/sivabharathi/Documents/FinalYearProject/CocoCare/ml/data/raw/kaggle/WCLWD_Flaccidity/WCLWD_Flaccidity/f_aug_0_6911.jpeg,WCLWD_Flaccidity
/home/sivabharathi/Documents/FinalYearProject/CocoCare/ml/data/raw/kaggle/Healthy_Leaves/Healthy_Leaves/Healthy_leaf_86.jpg,Healthy_Leaves
/home/sivabharathi/Documents/FinalYearProject/CocoCare/ml/data/raw/kaggle/WCLWD_Yellowing/WCLWD_Yellowing/f_aug_0_4060.jpeg,WCLWD_Yellowing
/home/sivabharathi/Documents/FinalYearProject/CocoCare/ml/data/raw/kaggle/CCI_Leaflets/CCI_Leaflets/IMG_2809.JPG,CCI_Leaflets
/home/sivabharathi/Documents/FinalYearProject/CocoCare/ml/data/raw/kaggle/WCLWD_Yellowing/WCLWD_Yellowing/f_aug_0_7110.jpeg,WCLWD_Yellowing
/home/sivabharathi/Documents/FinalYearProject/CocoCare/ml/data/raw/kaggle/WCLWD_Flaccidity/WCLWD_Flaccidity/f_aug_0_1540.jpeg,WCLWD_Flaccidity
/home/sivabharathi/Documents/FinalYearProject/CocoCare/ml/data/raw/kaggle/WCLWD_Yellowing/WCLWD_Yellowing/f_aug_0_2004.jpeg,WCLWD_Yellowing
/home/sivabharathi/Documents/FinalYearProject/CocoCare/ml/data/raw/kaggle/WCLWD_Yellowing/WCLWD_Yellowing/f_aug_0_6644.jpeg,WCLWD_Yellowing
/home/sivabharathi/Documents/FinalYearProject/CocoCare/ml/data/raw/kaggle/CCI_Caterpillars/CCI_Caterpillars/CCI_8_24_jpg.rf.83099ba3947a753411682319f09115cc.jpg,CCI_Caterpillars
/home/sivabharathi/Documents/FinalYearProject/CocoCare/ml/data/raw/kaggle/WCLWD_Yellowing/WCLWD_Yellowing/f_aug_0_2272.jpeg,WCLWD_Yellowing
/home/sivabharathi/Documents/FinalYearProject/CocoCare/ml/data/raw/kaggle/WCLWD_DryingofLeaflets/WCLWD_DryingofLeaflets/f_aug_0_140.jpeg,WCLWD_DryingofLeaflets
/home/sivabharathi/Documents/FinalYearProject/CocoCare/ml/data/raw/kaggle/WCLWD_Yellowing/WCLWD_Yellowing/f_aug_0_433.jpeg,WCLWD_Yellowing
/home/sivabharathi/Documents/FinalYearProject/CocoCare/ml/data/raw/kaggle/Healthy_Leaves/Healthy_Leaves/Healthy_leaf_83.jpg,Healthy_Leaves
/home/sivabharathi/Documents/FinalYearProject/CocoCare/ml/data/raw/kaggle/WCLWD_Yellowing/WCLWD_Yellowing/f_aug_0_4009.jpeg,WCLWD_Yellowing
/home/sivabharathi/Documents/FinalYearProject/CocoCare/ml/data/raw/kaggle/CCI_Caterpillars/CCI_Caterpillars/CCI_6_136_jpg.rf.ecb297c80a83f8b75265c3ad03a67f5a.jpg,CCI_Caterpillars
/home/sivabharathi/Documents/FinalYearProject/CocoCare/ml/data/raw/kaggle/CCI_Caterpillars/CCI_Caterpillars/CCI_7_152_jpg.rf.7ea1c1b849bd0270af01ee10c38182f8.jpg,CCI_Caterpillars
/home/sivabharathi/Documents/FinalYearProject/CocoCare/ml/data/raw/kaggle/WCLWD_Flaccidity/WCLWD_Flaccidity/f_aug_0_7978.jpeg,WCLWD_Flaccidity
/home/sivabharathi/Documents/FinalYearProject/CocoCare/ml/data/raw/kaggle/WCLWD_Yellowing/WCLWD_Yellowing/f_aug_0_6599.jpeg,WCLWD_Yellowing
/home/sivabharathi/Documents/FinalYearProject/CocoCare/ml/data/raw/kaggle/WCLWD_Flaccidity/WCLWD_Flaccidity/f_aug_0_1728.jpeg,WCLWD_Flaccidity
/home/sivabharathi/Documents/FinalYearProject/CocoCare/ml/data/raw/kaggle/CCI_Caterpillars/CCI_Caterpillars/CCI_2_90_jpg.rf.45d23d8726c81b1dcf11d367bcfab141.jpg,CCI_Caterpillars
/home/sivabharathi/Documents/FinalYearProject/CocoCare/ml/data/raw/kaggle/WCLWD_DryingofLeaflets/WCLWD_DryingofLeaflets/f_aug_0_8133.jpeg,WCLWD_DryingofLeaflets
/home/sivabharathi/Documents/FinalYearProject/CocoCare/ml/data/raw/kaggle/WCLWD_Yellowing/WCLWD_Yellowing/f_aug_0_1633.jpeg,WCLWD_Yellowing
/home/sivabharathi/Documents/FinalYearProject/CocoCare/ml/data/raw/kaggle/CCI_Caterpillars/CCI_Caterpillars/CCI_1_484_jpg.rf.255f5019a25e7d18487572b716bcf920.jpg,CCI_Caterpillars
/home/sivabharathi/Documents/FinalYearProject/CocoCare/ml/data/raw/kaggle/CCI_Leaflets/CCI_Leaflets/CCI_03__1_420.jpg,CCI_Leaflets
/home/sivabharathi/Documents/FinalYearProject/CocoCare/ml/data/raw/kaggle/CCI_Caterpillars/CCI_Caterpillars/CCI_12_32_jpg.rf.e12ad546dcd1df3bbd287b164493e4f7.jpg,CCI_Caterpillars
/home/sivabharathi/Documents/FinalYearProject/CocoCare/ml/data/raw/kaggle/CCI_Caterpillars/CCI_Caterpillars/CCI_6_80_jpg.rf.cddbd8c35bbb69cfd6ca31fa7070d718.jpg,CCI_Caterpillars
/home/sivabharathi/Documents/FinalYearProject/CocoCare/ml/data/raw/kaggle/CCI_Caterpillars/CCI_Caterpillars/i6_png.rf.269196d4fb03ca04bdb5acc0e7431a82.jpg,CCI_Caterpillars
/home/sivabharathi/Documents/FinalYearProject/CocoCare/ml/data/raw/kaggle/WCLWD_Flaccidity/WCLWD_Flaccidity/f_aug_0_9043.jpeg,WCLWD_Flaccidity
/home/sivabharathi/Documents/FinalYearProject/CocoCare/ml/data/raw/kaggle/CCI_Caterpillars/CCI_Caterpillars/CCI_7_56_jpg.rf.2a4ea256c13930da49035e7bfba76468.jpg,CCI_Caterpillars
/home/sivabharathi/Documents/FinalYearProject/CocoCare/ml/data/raw/kaggle/CCI_Leaflets/CCI_Leaflets/CCI_06__1_1080.jpg,CCI_Leaflets
/home/sivabharathi/Documents/FinalYearProject/CocoCare/ml/data/raw/kaggle/WCLWD_Yellowing/WCLWD_Yellowing/f_aug_0_526.jpeg,WCLWD_Yellowing
/home/sivabharathi/Documents/FinalYearProject/CocoCare/ml/data/raw/kaggle/WCLWD_Flaccidity/WCLWD_Flaccidity/f_aug_0_3336.jpeg,WCLWD_Flaccidity
/home/sivabharathi/Documents/FinalYearProject/CocoCare/ml/data/raw/kaggle/WCLWD_DryingofLeaflets/WCLWD_DryingofLeaflets/f_aug_0_5668.jpeg,WCLWD_DryingofLeaflets
/home/sivabharathi/Documents/FinalYearProject/CocoCare/ml/data/raw/kaggle/CCI_Leaflets/CCI_Leaflets/IMG_2550.JPG,CCI_Leaflets
/home/sivabharathi/Documents/FinalYearProject/CocoCare/ml/data/raw/kaggle/WCLWD_DryingofLeaflets/WCLWD_DryingofLeaflets/f_aug_0_5597.jpeg,WCLWD_DryingofLeaflets
/home/sivabharathi/Documents/FinalYearProject/CocoCare/ml/data/raw/kaggle/WCLWD_Flaccidity/WCLWD_Flaccidity/f_aug_0_2912.jpeg,WCLWD_Flaccidity
/home/sivabharathi/Documents/FinalYearProject/CocoCare/ml/data/raw/kaggle/WCLWD_Yellowing/WCLWD_Yellowing/f_aug_0_2427.jpeg,WCLWD_Yellowing
/home/sivabharathi/Documents/FinalYearProject/CocoCare/ml/data/raw/kaggle/CCI_Caterpillars/CCI_Caterpillars/CCI_9_384_jpg.rf.8aa7d49f5c5941ded95822fa46018a6f.jpg,CCI_Caterpillars
/home/sivabharathi/Documents/FinalYearProject/CocoCare/ml/data/raw/kaggle/CCI_Caterpillars/CCI_Caterpillars/CCI_9_152_jpg.rf.6b64c8520592f2cfa64501b459e56027.jpg,CCI_Caterpillars
/home/sivabharathi/Documents/FinalYearProject/CocoCare/ml/data/raw/kaggle/WCLWD_Flaccidity/WCLWD_Flaccidity/f_aug_0_6443.jpeg,WCLWD_Flaccidity
/home/sivabharathi/Documents/FinalYearProject/CocoCare/ml/data/raw/kaggle/WCLWD_Yellowing/WCLWD_Yellowing/f_aug_0_5645.jpeg,WCLWD_Yellowing
/home/sivabharathi/Documents/FinalYearProject/CocoCare/ml/data/raw/kaggle/WCLWD_Yellowing/WCLWD_Yellowing/f_aug_0_2291.jpeg,WCLWD_Yellowing
/home/sivabharathi/Documents/FinalYearProject/CocoCare/ml/data/raw/kaggle/WCLWD_Flaccidity/WCLWD_Flaccidity/f_aug_0_7588.jpeg,WCLWD_Flaccidity
/home/sivabharathi/Documents/FinalYearProject/CocoCare/ml/data/raw/kaggle/WCLWD_Flaccidity/WCLWD_Flaccidity/f_aug_0_856.jpeg,WCLWD_Flaccidity
/home/sivabharathi/Documents/FinalYearProject/CocoCare/ml/data/raw/kaggle/CCI_Caterpillars/CCI_Caterpillars/CCI_3_135_jpg.rf.c8b0e3ab0c239e9e95ff14862a5ef1fa.jpg,CCI_Caterpillars
/home/sivabharathi/Documents/FinalYearProject/CocoCare/ml/data/raw/kaggle/WCLWD_DryingofLeaflets/WCLWD_DryingofLeaflets/f_aug_0_6278.jpeg,WCLWD_DryingofLeaflets
/home/sivabharathi/Documents/FinalYearProject/CocoCare/ml/data/raw/kaggle/WCLWD_Yellowing/WCLWD_Yellowing/f_aug_0_6181.jpeg,WCLWD_Yellowing
/home/sivabharathi/Documents/FinalYearProject/CocoCare/ml/data/raw/kaggle/WCLWD_Yellowing/WCLWD_Yellowing/f_aug_0_4428.jpeg,WCLWD_Yellowing
/home/sivabharathi/Documents/FinalYearProject/CocoCare/ml/data/raw/kaggle/WCLWD_Flaccidity/WCLWD_Flaccidity/f_aug_0_4075.jpeg,WCLWD_Flaccidity
/home/sivabharathi/Documents/FinalYearProject/CocoCare/ml/data/raw/kaggle/WCLWD_Yellowing/WCLWD_Yellowing/f_aug_0_2181.jpeg,WCLWD_Yellowing
/home/sivabharathi/Documents/FinalYearProject/CocoCare/ml/data/raw/kaggle/CCI_Caterpillars/CCI_Caterpillars/CCI_5_144_jpg.rf.53e42df7d1944de96d8c02d3a5ebbd37.jpg,CCI_Caterpillars
/home/sivabharathi/Documents/FinalYearProject/CocoCare/ml/data/raw/kaggle/WCLWD_Yellowing/WCLWD_Yellowing/f_aug_0_5143.jpeg,WCLWD_Yellowing
/home/sivabharathi/Documents/FinalYearProject/CocoCare/ml/data/raw/kaggle/WCLWD_DryingofLeaflets/WCLWD_DryingofLeaflets/f_aug_0_7107.jpeg,WCLWD_DryingofLeaflets
/home/sivabharathi/Documents/FinalYearProject/CocoCare/ml/data/raw/kaggle/WCLWD_DryingofLeaflets/WCLWD_DryingofLeaflets/f_aug_0_3688.jpeg,WCLWD_DryingofLeaflets
/home/sivabharathi/Documents/FinalYearProject/CocoCare/ml/data/raw/kaggle/WCLWD_Yellowing/WCLWD_Yellowing/f_aug_0_9992.jpeg,WCLWD_Yellowing
/home/sivabharathi/Documents/FinalYearProject/CocoCare/ml/data/raw/kaggle/CCI_Leaflets/CCI_Leaflets/CCI_01__1_840.jpg,CCI_Leaflets
/home/sivabharathi/Documents/FinalYearProject/CocoCare/ml/data/raw/kaggle/WCLWD_Flaccidity/WCLWD_Flaccidity/DSC_0057.JPG,WCLWD_Flaccidity
/home/sivabharathi/Documents/FinalYearProject/CocoCare/ml/data/raw/kaggle/CCI_Caterpillars/CCI_Caterpillars/CCI_12_32_jpg.rf.71b44ce294868ae024190ca1c3be1e16.jpg,CCI_Caterpillars
/home/sivabharathi/Documents/FinalYearProject/CocoCare/ml/data/raw/kaggle/Healthy_Leaves/Healthy_Leaves/Healthy_leaf_117.jpg,Healthy_Leaves
/home/sivabharathi/Documents/FinalYearProject/CocoCare/ml/data/raw/kaggle/CCI_Caterpillars/CCI_Caterpillars/CCI_10_104_jpg.rf.bab262669ad7fe31d63d9e4ef0f06be6.jpg,CCI_Caterpillars
/home/sivabharathi/Documents/FinalYearProject/CocoCare/ml/data/raw/kaggle/WCLWD_DryingofLeaflets/WCLWD_DryingofLeaflets/f_aug_0_5455.jpeg,WCLWD_DryingofLeaflets
/home/sivabharathi/Documents/FinalYearProject/CocoCare/ml/data/raw/kaggle/WCLWD_DryingofLeaflets/WCLWD_DryingofLeaflets/f_aug_0_3541.jpeg,WCLWD_DryingofLeaflets
/home/sivabharathi/Documents/FinalYearProject/CocoCare/ml/data/raw/kaggle/WCLWD_Yellowing/WCLWD_Yellowing/f_aug_0_258.jpeg,WCLWD_Yellowing
/home/sivabharathi/Documents/FinalYearProject/CocoCare/ml/data/raw/kaggle/Healthy_Leaves/Healthy_Leaves/Healthy_leaf_43.jpg,Healthy_Leaves
/home/sivabharathi/Documents/FinalYearProject/CocoCare/ml/data/raw/kaggle/WCLWD_Flaccidity/WCLWD_Flaccidity/f_aug_0_6107.jpeg,WCLWD_Flaccidity
/home/sivabharathi/Documents/FinalYearProject/CocoCare/ml/data/raw/kaggle/WCLWD_Flaccidity/WCLWD_Flaccidity/f_aug_0_368.jpeg,WCLWD_Flaccidity
/home/sivabharathi/Documents/FinalYearProject/CocoCare/ml/data/raw/kaggle/WCLWD_DryingofLeaflets/WCLWD_DryingofLeaflets/f_aug_0_2688.jpeg,WCLWD_DryingofLeaflets
/home/sivabharathi/Documents/FinalYearProject/CocoCare/ml/data/raw/kaggle/WCLWD_DryingofLeaflets/WCLWD_DryingofLeaflets/f_aug_0_5193.jpeg,WCLWD_DryingofLeaflets
/home/sivabharathi/Documents/FinalYearProject/CocoCare/ml/data/raw/kaggle/WCLWD_Yellowing/WCLWD_Yellowing/f_aug_0_7314.jpeg,WCLWD_Yellowing
/home/sivabharathi/Documents/FinalYearProject/CocoCare/ml/data/raw/kaggle/WCLWD_DryingofLeaflets/WCLWD_DryingofLeaflets/f_aug_0_6409.jpeg,WCLWD_DryingofLeaflets
/home/sivabharathi/Documents/FinalYearProject/CocoCare/ml/data/raw/kaggle/CCI_Leaflets/CCI_Leaflets/CCI_02__1_2280.jpg,CCI_Leaflets
/home/sivabharathi/Documents/FinalYearProject/CocoCare/ml/data/raw/kaggle/WCLWD_Yellowing/WCLWD_Yellowing/f_aug_0_3866.jpeg,WCLWD_Yellowing
/home/sivabharathi/Documents/FinalYearProject/CocoCare/ml/data/raw/kaggle/CCI_Leaflets/CCI_Leaflets/CCI_15__1_720.jpg,CCI_Leaflets
/home/sivabharathi/Documents/FinalYearProject/CocoCare/ml/data/raw/kaggle/WCLWD_Flaccidity/WCLWD_Flaccidity/f_aug_0_8779.jpeg,WCLWD_Flaccidity
/home/sivabharathi/Documents/FinalYearProject/CocoCare/ml/data/raw/kaggle/WCLWD_DryingofLeaflets/WCLWD_DryingofLeaflets/f_aug_0_9953.jpeg,WCLWD_DryingofLeaflets
/home/sivabharathi/Documents/FinalYearProject/CocoCare/ml/data/raw/kaggle/CCI_Caterpillars/CCI_Caterpillars/CCI_8_240_jpg.rf.876fec3d0ffb7cb0eef910339784ef42.jpg,CCI_Caterpillars
/home/sivabharathi/Documents/FinalYearProject/CocoCare/ml/data/raw/kaggle/CCI_Leaflets/CCI_Leaflets/IMG_2760.JPG,CCI_Leaflets
/home/sivabharathi/Documents/FinalYearProject/CocoCare/ml/data/raw/kaggle/WCLWD_Flaccidity/WCLWD_Flaccidity/f_aug_0_1342.jpeg,WCLWD_Flaccidity
/home/sivabharathi/Documents/FinalYearProject/CocoCare/ml/data/raw/kaggle/WCLWD_Flaccidity/WCLWD_Flaccidity/f_aug_0_3418.jpeg,WCLWD_Flaccidity
/home/sivabharathi/Documents/FinalYearProject/CocoCare/ml/data/raw/kaggle/WCLWD_DryingofLeaflets/WCLWD_DryingofLeaflets/f_aug_0_5026.jpeg,WCLWD_DryingofLeaflets
/home/sivabharathi/Documents/FinalYearProject/CocoCare/ml/data/raw/kaggle/CCI_Leaflets/CCI_Leaflets/IMG_2623.JPG,CCI_Leaflets
/home/sivabharathi/Documents/FinalYearProject/CocoCare/ml/data/raw/kaggle/WCLWD_Yellowing/WCLWD_Yellowing/f_aug_0_6118.jpeg,WCLWD_Yellowing
/home/sivabharathi/Documents/FinalYearProject/CocoCare/ml/data/raw/kaggle/WCLWD_Flaccidity/WCLWD_Flaccidity/f_aug_0_2956.jpeg,WCLWD_Flaccidity
/home/sivabharathi/Documents/FinalYearProject/CocoCare/ml/data/raw/kaggle/CCI_Leaflets/CCI_Leaflets/CCI_12__1_280.jpg,CCI_Leaflets
/home/sivabharathi/Documents/FinalYearProject/CocoCare/ml/data/raw/kaggle/WCLWD_DryingofLeaflets/WCLWD_DryingofLeaflets/f_aug_0_7893.jpeg,WCLWD_DryingofLeaflets
/home/sivabharathi/Documents/FinalYearProject/CocoCare/ml/data/raw/kaggle/Healthy_Leaves/Healthy_Leaves/Healthy_leaf_92.jpg,Healthy_Leaves
/home/sivabharathi/Documents/FinalYearProject/CocoCare/ml/data/raw/kaggle/CCI_Caterpillars/CCI_Caterpillars/CCI_12_184_jpg.rf.3cdccde923b7e5530f9ae93242725b86.jpg,CCI_Caterpillars
/home/sivabharathi/Documents/FinalYearProject/CocoCare/ml/data/raw/kaggle/WCLWD_DryingofLeaflets/WCLWD_DryingofLeaflets/f_aug_0_5700.jpeg,WCLWD_DryingofLeaflets
/home/sivabharathi/Documents/FinalYearProject/CocoCare/ml/data/raw/kaggle/WCLWD_Yellowing/WCLWD_Yellowing/f_aug_0_3823.jpeg,WCLWD_Yellowing
/home/sivabharathi/Documents/FinalYearProject/CocoCare/ml/data/raw/kaggle/WCLWD_DryingofLeaflets/WCLWD_DryingofLeaflets/f_aug_0_2165.jpeg,WCLWD_DryingofLeaflets
/home/sivabharathi/Documents/FinalYearProject/CocoCare/ml/data/raw/kaggle/CCI_Caterpillars/CCI_Caterpillars/CCI_9_128_jpg.rf.94f990a3e3d7714a05ef956a16bbe5b6.jpg,CCI_Caterpillars
/home/sivabharathi/Documents/FinalYearProject/CocoCare/ml/data/raw/kaggle/WCLWD_Yellowing/WCLWD_Yellowing/f_aug_0_9237.jpeg,WCLWD_Yellowing
/home/sivabharathi/Documents/FinalYearProject/CocoCare/ml/data/raw/kaggle/CCI_Leaflets/CCI_Leaflets/CCI_01__1_580.jpg,CCI_Leaflets
/home/sivabharathi/Documents/FinalYearProject/CocoCare/ml/data/raw/kaggle/WCLWD_DryingofLeaflets/WCLWD_DryingofLeaflets/f_aug_0_7222.jpeg,WCLWD_DryingofLeaflets
/home/sivabharathi/Documents/FinalYearProject/CocoCare/ml/data/raw/kaggle/CCI_Leaflets/CCI_Leaflets/CCI_03__1_100.jpg,CCI_Leaflets
/home/sivabharathi/Documents/FinalYearProject/CocoCare/ml/data/raw/kaggle/CCI_Caterpillars/CCI_Caterpillars/CCI_9_408_jpg.rf.d8b07f47515f4efedd5ff48fdf75ca0f.jpg,CCI_Caterpillars
/home/sivabharathi/Documents/FinalYearProject/CocoCare/ml/data/raw/kaggle/CCI_Leaflets/CCI_Leaflets/CCI_15__1_400.jpg,CCI_Leaflets
/home/sivabharathi/Documents/FinalYearProject/CocoCare/ml/data/raw/kaggle/WCLWD_Flaccidity/WCLWD_Flaccidity/f_aug_0_9246.jpeg,WCLWD_Flaccidity
/home/sivabharathi/Documents/FinalYearProject/CocoCare/ml/data/raw/kaggle/WCLWD_Yellowing/WCLWD_Yellowing/f_aug_0_4274.jpeg,WCLWD_Yellowing
/home/sivabharathi/Documents/FinalYearProject/CocoCare/ml/data/raw/kaggle/WCLWD_Flaccidity/WCLWD_Flaccidity/f_aug_0_802.jpeg,WCLWD_Flaccidity
/home/sivabharathi/Documents/FinalYearProject/CocoCare/ml/data/raw/kaggle/WCLWD_DryingofLeaflets/WCLWD_DryingofLeaflets/f_aug_0_3235.jpeg,WCLWD_DryingofLeaflets
/home/sivabharathi/Documents/FinalYearProject/CocoCare/ml/data/raw/kaggle/WCLWD_Yellowing/WCLWD_Yellowing/f_aug_0_5108.jpeg,WCLWD_Yellowing
/home/sivabharathi/Documents/FinalYearProject/CocoCare/ml/data/raw/kaggle/WCLWD_DryingofLeaflets/WCLWD_DryingofLeaflets/f_aug_0_1873.jpeg,WCLWD_DryingofLeaflets
/home/sivabharathi/Documents/FinalYearProject/CocoCare/ml/data/raw/kaggle/WCLWD_Yellowing/WCLWD_Yellowing/f_aug_0_2159.jpeg,WCLWD_Yellowing
/home/sivabharathi/Documents/FinalYearProject/CocoCare/ml/data/raw/kaggle/WCLWD_Flaccidity/WCLWD_Flaccidity/f_aug_0_659.jpeg,WCLWD_Flaccidity
/home/sivabharathi/Documents/FinalYearProject/CocoCare/ml/data/raw/kaggle/WCLWD_Yellowing/WCLWD_Yellowing/f_aug_0_7722.jpeg,WCLWD_Yellowing
/home/sivabharathi/Documents/FinalYearProject/CocoCare/ml/data/raw/kaggle/WCLWD_Yellowing/WCLWD_Yellowing/f_aug_0_8650.jpeg,WCLWD_Yellowing
/home/sivabharathi/Documents/FinalYearProject/CocoCare/ml/data/raw/kaggle/WCLWD_DryingofLeaflets/WCLWD_DryingofLeaflets/f_aug_0_3101.jpeg,WCLWD_DryingofLeaflets
/home/sivabharathi/Documents/FinalYearProject/CocoCare/ml/data/raw/kaggle/WCLWD_Yellowing/WCLWD_Yellowing/f_aug_0_2858.jpeg,WCLWD_Yellowing
/home/sivabharathi/Documents/FinalYearProject/CocoCare/ml/data/raw/kaggle/CCI_Leaflets/CCI_Leaflets/CCI_06__1_880.jpg,CCI_Leaflets
/home/sivabharathi/Documents/FinalYearProject/CocoCare/ml/data/raw/kaggle/CCI_Leaflets/CCI_Leaflets/CCI_14__1_620.jpg,CCI_Leaflets
/home/sivabharathi/Documents/FinalYearProject/CocoCare/ml/data/raw/kaggle/CCI_Caterpillars/CCI_Caterpillars/CCI_7_160_jpg.rf.01b7422cfafd82629c7aea7a3ab6c0f1.jpg,CCI_Caterpillars
/home/sivabharathi/Documents/FinalYearProject/CocoCare/ml/data/raw/kaggle/CCI_Leaflets/CCI_Leaflets/CCI_12__1_800.jpg,CCI_Leaflets
/home/sivabharathi/Documents/FinalYearProject/CocoCare/ml/data/raw/kaggle/WCLWD_Flaccidity/WCLWD_Flaccidity/f_aug_0_8313.jpeg,WCLWD_Flaccidity
/home/sivabharathi/Documents/FinalYearProject/CocoCare/ml/data/raw/kaggle/WCLWD_Flaccidity/WCLWD_Flaccidity/DS_0046.JPG,WCLWD_Flaccidity
/home/sivabharathi/Documents/FinalYearProject/CocoCare/ml/data/raw/kaggle/WCLWD_Flaccidity/WCLWD_Flaccidity/f_aug_0_5343.jpeg,WCLWD_Flaccidity
/home/sivabharathi/Documents/FinalYearProject/CocoCare/ml/data/raw/kaggle/WCLWD_Flaccidity/WCLWD_Flaccidity/f_aug_0_72.jpeg,WCLWD_Flaccidity
/home/sivabharathi/Documents/FinalYearProject/CocoCare/ml/data/raw/kaggle/WCLWD_Flaccidity/WCLWD_Flaccidity/f_aug_0_4668.jpeg,WCLWD_Flaccidity
/home/sivabharathi/Documents/FinalYearProject/CocoCare/ml/data/raw/kaggle/Healthy_Leaves/Healthy_Leaves/Healthy_leaf_103.jpg,Healthy_Leaves
/home/sivabharathi/Documents/FinalYearProject/CocoCare/ml/data/raw/kaggle/WCLWD_Flaccidity/WCLWD_Flaccidity/f_aug_0_6730.jpeg,WCLWD_Flaccidity
/home/sivabharathi/Documents/FinalYearProject/CocoCare/ml/data/raw/kaggle/CCI_Caterpillars/CCI_Caterpillars/CCI_3_15_jpg.rf.08e41f9202432771f05bfe1fec85fbf0.jpg,CCI_Caterpillars
/home/sivabharathi/Documents/FinalYearProject/CocoCare/ml/data/raw/kaggle/CCI_Leaflets/CCI_Leaflets/CCI_04__1_680.jpg,CCI_Leaflets
/home/sivabharathi/Documents/FinalYearProject/CocoCare/ml/data/raw/kaggle/WCLWD_Yellowing/WCLWD_Yellowing/f_aug_0_7114.jpeg,WCLWD_Yellowing
/home/sivabharathi/Documents/FinalYearProject/CocoCare/ml/data/raw/kaggle/WCLWD_Flaccidity/WCLWD_Flaccidity/f_aug_0_9963.jpeg,WCLWD_Flaccidity
/home/sivabharathi/Documents/FinalYearProject/CocoCare/ml/data/raw/kaggle/CCI_Caterpillars/CCI_Caterpillars/CCI_6_40_jpg.rf.66d9b6e5949ef4de8164bc1ab4c3caf4.jpg,CCI_Caterpillars
/home/sivabharathi/Documents/FinalYearProject/CocoCare/ml/data/raw/kaggle/WCLWD_Yellowing/WCLWD_Yellowing/f_aug_0_5998.jpeg,WCLWD_Yellowing
/home/sivabharathi/Documents/FinalYearProject/CocoCare/ml/data/raw/kaggle/WCLWD_Flaccidity/WCLWD_Flaccidity/f_aug_0_3082.jpeg,WCLWD_Flaccidity
/home/sivabharathi/Documents/FinalYearProject/CocoCare/ml/data/raw/kaggle/CCI_Caterpillars/CCI_Caterpillars/CCI_2_312_jpg.rf.fac32cd1ded48264c7023afd5d27449c.jpg,CCI_Caterpillars
/home/sivabharathi/Documents/FinalYearProject/CocoCare/ml/data/raw/kaggle/CCI_Leaflets/CCI_Leaflets/CCI_14__1_1000.jpg,CCI_Leaflets
/home/sivabharathi/Documents/FinalYearProject/CocoCare/ml/data/raw/kaggle/WCLWD_DryingofLeaflets/WCLWD_DryingofLeaflets/f_aug_0_4884.jpeg,WCLWD_DryingofLeaflets
/home/sivabharathi/Documents/FinalYearProject/CocoCare/ml/data/raw/kaggle/CCI_Leaflets/CCI_Leaflets/CCI_02__1_1800.jpg,CCI_Leaflets
/home/sivabharathi/Documents/FinalYearProject/CocoCare/ml/data/raw/kaggle/Healthy_Leaves/Healthy_Leaves/Healthy_leaf_27.jpg,Healthy_Leaves
/home/sivabharathi/Documents/FinalYearProject/CocoCare/ml/data/raw/kaggle/WCLWD_Flaccidity/WCLWD_Flaccidity/f_aug_0_6470.jpeg,WCLWD_Flaccidity
/home/sivabharathi/Documents/FinalYearProject/CocoCare/ml/data/raw/kaggle/WCLWD_Flaccidity/WCLWD_Flaccidity/f_aug_0_192.jpeg,WCLWD_Flaccidity
/home/sivabharathi/Documents/FinalYearProject/CocoCare/ml/data/raw/kaggle/CCI_Caterpillars/CCI_Caterpillars/CCI_10_0_jpg.rf.3dd177f566df40db63c0b8715d30c033.jpg,CCI_Caterpillars
/home/sivabharathi/Documents/FinalYearProject/CocoCare/ml/data/raw/kaggle/WCLWD_DryingofLeaflets/WCLWD_DryingofLeaflets/f_aug_0_7443.jpeg,WCLWD_DryingofLeaflets
/home/sivabharathi/Documents/FinalYearProject/CocoCare/ml/data/raw/kaggle/CCI_Leaflets/CCI_Leaflets/CCI_13__1_180.jpg,CCI_Leaflets
/home/sivabharathi/Documents/FinalYearProject/CocoCare/ml/data/raw/kaggle/CCI_Caterpillars/CCI_Caterpillars/CCI_6_128_jpg.rf.5d8077bda54a0faa649a4beb92d22357.jpg,CCI_Caterpillars
/home/sivabharathi/Documents/FinalYearProject/CocoCare/ml/data/raw/kaggle/WCLWD_Yellowing/WCLWD_Yellowing/f_aug_0_8233.jpeg,WCLWD_Yellowing
/home/sivabharathi/Documents/FinalYearProject/CocoCare/ml/data/raw/kaggle/WCLWD_Yellowing/WCLWD_Yellowing/f_aug_0_4161.jpeg,WCLWD_Yellowing
/home/sivabharathi/Documents/FinalYearProject/CocoCare/ml/data/raw/kaggle/CCI_Caterpillars/CCI_Caterpillars/CCI_2_245_jpg.rf.7c047e3a4eb39fd37929aba74f1e7c76.jpg,CCI_Caterpillars
/home/sivabharathi/Documents/FinalYearProject/CocoCare/ml/data/raw/kaggle/WCLWD_Flaccidity/WCLWD_Flaccidity/f_aug_0_1695.jpeg,WCLWD_Flaccidity
/home/sivabharathi/Documents/FinalYearProject/CocoCare/ml/data/raw/kaggle/WCLWD_Flaccidity/WCLWD_Flaccidity/f_aug_0_7461.jpeg,WCLWD_Flaccidity
/home/sivabharathi/Documents/FinalYearProject/CocoCare/ml/data/raw/kaggle/CCI_Leaflets/CCI_Leaflets/IMG_2640.JPG,CCI_Leaflets
/home/sivabharathi/Documents/FinalYearProject/CocoCare/ml/data/raw/kaggle/WCLWD_Yellowing/WCLWD_Yellowing/f_aug_0_2893.jpeg,WCLWD_Yellowing
/home/sivabharathi/Documents/FinalYearProject/CocoCare/ml/data/raw/kaggle/CCI_Caterpillars/CCI_Caterpillars/CCI_1_514_jpg.rf.fb11cd567f04ab5991756842b298bdf3.jpg,CCI_Caterpillars
/home/sivabharathi/Documents/FinalYearProject/CocoCare/ml/data/raw/kaggle/CCI_Leaflets/CCI_Leaflets/IMG_2668.JPG,CCI_Leaflets
/home/sivabharathi/Documents/FinalYearProject/CocoCare/ml/data/raw/kaggle/WCLWD_Yellowing/WCLWD_Yellowing/f_aug_0_5082.jpeg,WCLWD_Yellowing
/home/sivabharathi/Documents/FinalYearProject/CocoCare/ml/data/raw/kaggle/WCLWD_Flaccidity/WCLWD_Flaccidity/f_aug_0_4632.jpeg,WCLWD_Flaccidity
/home/sivabharathi/Documents/FinalYearProject/CocoCare/ml/data/raw/kaggle/CCI_Caterpillars/CCI_Caterpillars/CCI_8_224_jpg.rf.30676b1ff64651b2a7fcd83dd9e879e8.jpg,CCI_Caterpillars
/home/sivabharathi/Documents/FinalYearProject/CocoCare/ml/data/raw/kaggle/WCLWD_DryingofLeaflets/WCLWD_DryingofLeaflets/f_aug_0_7977.jpeg,WCLWD_DryingofLeaflets
/home/sivabharathi/Documents/FinalYearProject/CocoCare/ml/data/raw/kaggle/CCI_Caterpillars/CCI_Caterpillars/CCI_10_80_jpg.rf.fbae1ea7da56a84667cc9f92ef2044d5.jpg,CCI_Caterpillars
/home/sivabharathi/Documents/FinalYearProject/CocoCare/ml/data/raw/kaggle/WCLWD_DryingofLeaflets/WCLWD_DryingofLeaflets/f_aug_0_8545.jpeg,WCLWD_DryingofLeaflets
/home/sivabharathi/Documents/FinalYearProject/CocoCare/ml/data/raw/kaggle/CCI_Caterpillars/CCI_Caterpillars/CCI_2_304_jpg.rf.6f0ec0d6468541ba703876a78de87285.jpg,CCI_Caterpillars
/home/sivabharathi/Documents/FinalYearProject/CocoCare/ml/data/raw/kaggle/WCLWD_DryingofLeaflets/WCLWD_DryingofLeaflets/f_aug_0_3484.jpeg,WCLWD_DryingofLeaflets
/home/sivabharathi/Documents/FinalYearProject/CocoCare/ml/data/raw/kaggle/CCI_Leaflets/CCI_Leaflets/CCI_15__1_860.jpg,CCI_Leaflets
/home/sivabharathi/Documents/FinalYearProject/CocoCare/ml/data/raw/kaggle/WCLWD_Yellowing/WCLWD_Yellowing/f_aug_0_1058.jpeg,WCLWD_Yellowing
/home/sivabharathi/Documents/FinalYearProject/CocoCare/ml/data/raw/kaggle/WCLWD_Flaccidity/WCLWD_Flaccidity/f_aug_0_1439.jpeg,WCLWD_Flaccidity
/home/sivabharathi/Documents/FinalYearProject/CocoCare/ml/data/raw/kaggle/CCI_Caterpillars/CCI_Caterpillars/CCI_9_240_jpg.rf.396116cbd5194646e12ed700744b327e.jpg,CCI_Caterpillars
/home/sivabharathi/Documents/FinalYearProject/CocoCare/ml/data/raw/kaggle/CCI_Caterpillars/CCI_Caterpillars/CCI_8_24_jpg.rf.bb54d66825c4f42019e72b90338250c8.jpg,CCI_Caterpillars
/home/sivabharathi/Documents/FinalYearProject/CocoCare/ml/data/raw/kaggle/CCI_Leaflets/CCI_Leaflets/CCI_13__1_120.jpg,CCI_Leaflets
/home/sivabharathi/Documents/FinalYearProject/CocoCare/ml/data/raw/kaggle/WCLWD_DryingofLeaflets/WCLWD_DryingofLeaflets/f_aug_0_783.jpeg,WCLWD_DryingofLeaflets
/home/sivabharathi/Documents/FinalYearProject/CocoCare/ml/data/raw/kaggle/WCLWD_Yellowing/WCLWD_Yellowing/f_aug_0_9417.jpeg,WCLWD_Yellowing
/home/sivabharathi/Documents/FinalYearProject/CocoCare/ml/data/raw/kaggle/WCLWD_Flaccidity/WCLWD_Flaccidity/f_aug_0_5218.jpeg,WCLWD_Flaccidity
/home/sivabharathi/Documents/FinalYearProject/CocoCare/ml/data/raw/kaggle/WCLWD_Flaccidity/WCLWD_Flaccidity/f_aug_0_3351.jpeg,WCLWD_Flaccidity
/home/sivabharathi/Documents/FinalYearProject/CocoCare/ml/data/raw/kaggle/CCI_Leaflets/CCI_Leaflets/CCI_05__1_200.jpg,CCI_Leaflets
/home/sivabharathi/Documents/FinalYearProject/CocoCare/ml/data/raw/kaggle/WCLWD_Flaccidity/WCLWD_Flaccidity/f_aug_0_9633.jpeg,WCLWD_Flaccidity
/home/sivabharathi/Documents/FinalYearProject/CocoCare/ml/data/raw/kaggle/WCLWD_DryingofLeaflets/WCLWD_DryingofLeaflets/f_aug_0_8709.jpeg,WCLWD_DryingofLeaflets
/home/sivabharathi/Documents/FinalYearProject/CocoCare/ml/data/raw/kaggle/CCI_Caterpillars/CCI_Caterpillars/CCI_1_140_jpg.rf.49d1fe760a0c27f84bcfc4265c75b07b.jpg,CCI_Caterpillars
/home/sivabharathi/Documents/FinalYearProject/CocoCare/ml/data/raw/kaggle/WCLWD_Flaccidity/WCLWD_Flaccidity/f_aug_0_1125.jpeg,WCLWD_Flaccidity
/home/sivabharathi/Documents/FinalYearProject/CocoCare/ml/data/raw/kaggle/WCLWD_DryingofLeaflets/WCLWD_DryingofLeaflets/f_aug_0_80.jpeg,WCLWD_DryingofLeaflets
/home/sivabharathi/Documents/FinalYearProject/CocoCare/ml/data/raw/kaggle/WCLWD_DryingofLeaflets/WCLWD_DryingofLeaflets/f_aug_0_4659.jpeg,WCLWD_DryingofLeaflets
/home/sivabharathi/Documents/FinalYearProject/CocoCare/ml/data/raw/kaggle/CCI_Leaflets/CCI_Leaflets/CCI_10__1_780.jpg,CCI_Leaflets
/home/sivabharathi/Documents/FinalYearProject/CocoCare/ml/data/raw/kaggle/WCLWD_DryingofLeaflets/WCLWD_DryingofLeaflets/f_aug_0_9887.jpeg,WCLWD_DryingofLeaflets
/home/sivabharathi/Documents/FinalYearProject/CocoCare/ml/data/raw/kaggle/CCI_Caterpillars/CCI_Caterpillars/CCI_3_105_jpg.rf.ddb60713ca754367cb3849f252b47752.jpg,CCI_Caterpillars
/home/sivabharathi/Documents/FinalYearProject/CocoCare/ml/data/raw/kaggle/WCLWD_Flaccidity/WCLWD_Flaccidity/f_aug_0_634.jpeg,WCLWD_Flaccidity
/home/sivabharathi/Documents/FinalYearProject/CocoCare/ml/data/raw/kaggle/WCLWD_Flaccidity/WCLWD_Flaccidity/f_aug_0_2307.jpeg,WCLWD_Flaccidity
/home/sivabharathi/Documents/FinalYearProject/CocoCare/ml/data/raw/kaggle/WCLWD_Yellowing/WCLWD_Yellowing/f_aug_0_9521.jpeg,WCLWD_Yellowing
/home/sivabharathi/Documents/FinalYearProject/CocoCare/ml/data/raw/kaggle/WCLWD_Flaccidity/WCLWD_Flaccidity/f_aug_0_7086.jpeg,WCLWD_Flaccidity
/home/sivabharathi/Documents/FinalYearProject/CocoCare/ml/data/raw/kaggle/WCLWD_Flaccidity/WCLWD_Flaccidity/f_aug_0_2483.jpeg,WCLWD_Flaccidity
/home/sivabharathi/Documents/FinalYearProject/CocoCare/ml/data/raw/kaggle/WCLWD_Yellowing/WCLWD_Yellowing/f_aug_0_1452.jpeg,WCLWD_Yellowing
/home/sivabharathi/Documents/FinalYearProject/CocoCare/ml/data/raw/kaggle/WCLWD_Flaccidity/WCLWD_Flaccidity/f_aug_0_9883.jpeg,WCLWD_Flaccidity
/home/sivabharathi/Documents/FinalYearProject/CocoCare/ml/data/raw/kaggle/WCLWD_Flaccidity/WCLWD_Flaccidity/f_aug_0_5213.jpeg,WCLWD_Flaccidity
/home/sivabharathi/Documents/FinalYearProject/CocoCare/ml/data/raw/kaggle/WCLWD_DryingofLeaflets/WCLWD_DryingofLeaflets/f_aug_0_5795.jpeg,WCLWD_DryingofLeaflets
/home/sivabharathi/Documents/FinalYearProject/CocoCare/ml/data/raw/kaggle/WCLWD_DryingofLeaflets/WCLWD_DryingofLeaflets/f_aug_0_6085.jpeg,WCLWD_DryingofLeaflets
/home/sivabharathi/Documents/FinalYearProject/CocoCare/ml/data/raw/kaggle/WCLWD_Yellowing/WCLWD_Yellowing/f_aug_0_3615.jpeg,WCLWD_Yellowing
/home/sivabharathi/Documents/FinalYearProject/CocoCare/ml/data/raw/kaggle/WCLWD_Flaccidity/WCLWD_Flaccidity/f_aug_0_9325.jpeg,WCLWD_Flaccidity
/home/sivabharathi/Documents/FinalYearProject/CocoCare/ml/data/raw/kaggle/WCLWD_Flaccidity/WCLWD_Flaccidity/f_aug_0_9935.jpeg,WCLWD_Flaccidity
/home/sivabharathi/Documents/FinalYearProject/CocoCare/ml/data/raw/kaggle/WCLWD_Flaccidity/WCLWD_Flaccidity/f_aug_0_5756.jpeg,WCLWD_Flaccidity
/home/sivabharathi/Documents/FinalYearProject/CocoCare/ml/data/raw/kaggle/WCLWD_Yellowing/WCLWD_Yellowing/f_aug_0_5418.jpeg,WCLWD_Yellowing
/home/sivabharathi/Documents/FinalYearProject/CocoCare/ml/data/raw/kaggle/WCLWD_Yellowing/WCLWD_Yellowing/f_aug_0_7622.jpeg,WCLWD_Yellowing
/home/sivabharathi/Documents/FinalYearProject/CocoCare/ml/data/raw/kaggle/WCLWD_Flaccidity/WCLWD_Flaccidity/f_aug_0_5807.jpeg,WCLWD_Flaccidity
/home/sivabharathi/Documents/FinalYearProject/CocoCare/ml/data/raw/kaggle/CCI_Leaflets/CCI_Leaflets/CCI_04__1_160.jpg,CCI_Leaflets
/home/sivabharathi/Documents/FinalYearProject/CocoCare/ml/data/raw/kaggle/WCLWD_Yellowing/WCLWD_Yellowing/f_aug_0_8528.jpeg,WCLWD_Yellowing
/home/sivabharathi/Documents/FinalYearProject/CocoCare/ml/data/raw/kaggle/WCLWD_DryingofLeaflets/WCLWD_DryingofLeaflets/f_aug_0_660.jpeg,WCLWD_DryingofLeaflets
/home/sivabharathi/Documents/FinalYearProject/CocoCare/ml/data/raw/kaggle/WCLWD_DryingofLeaflets/WCLWD_DryingofLeaflets/f_aug_0_62.jpeg,WCLWD_DryingofLeaflets
/home/sivabharathi/Documents/FinalYearProject/CocoCare/ml/data/raw/kaggle/WCLWD_Flaccidity/WCLWD_Flaccidity/f_aug_0_9266.jpeg,WCLWD_Flaccidity
/home/sivabharathi/Documents/FinalYearProject/CocoCare/ml/data/raw/kaggle/CCI_Caterpillars/CCI_Caterpillars/CCI_2_165_jpg.rf.0bcabb5e79527f678b96fa5a9748bf16.jpg,CCI_Caterpillars
/home/sivabharathi/Documents/FinalYearProject/CocoCare/ml/data/raw/kaggle/CCI_Leaflets/CCI_Leaflets/CCI_14__1_240.jpg,CCI_Leaflets
/home/sivabharathi/Documents/FinalYearProject/CocoCare/ml/data/raw/kaggle/CCI_Caterpillars/CCI_Caterpillars/CCI_12_152_jpg.rf.f7d41ca125c2909ff3b06edb9bea9c9b.jpg,CCI_Caterpillars
/home/sivabharathi/Documents/FinalYearProject/CocoCare/ml/data/raw/kaggle/WCLWD_Yellowing/WCLWD_Yellowing/f_aug_0_6425.jpeg,WCLWD_Yellowing
/home/sivabharathi/Documents/FinalYearProject/CocoCare/ml/data/raw/kaggle/CCI_Caterpillars/CCI_Caterpillars/CCI_2_272_jpg.rf.f315c9d8ac55de3cf81a642fbf0ffbb2.jpg,CCI_Caterpillars
/home/sivabharathi/Documents/FinalYearProject/CocoCare/ml/data/raw/kaggle/WCLWD_DryingofLeaflets/WCLWD_DryingofLeaflets/f_aug_0_3383.jpeg,WCLWD_DryingofLeaflets
/home/sivabharathi/Documents/FinalYearProject/CocoCare/ml/data/raw/kaggle/WCLWD_Yellowing/WCLWD_Yellowing/f_aug_0_4635.jpeg,WCLWD_Yellowing
/home/sivabharathi/Documents/FinalYearProject/CocoCare/ml/data/raw/kaggle/CCI_Leaflets/CCI_Leaflets/CCI_03__1_900.jpg,CCI_Leaflets
/home/sivabharathi/Documents/FinalYearProject/CocoCare/ml/data/raw/kaggle/WCLWD_DryingofLeaflets/WCLWD_DryingofLeaflets/f_aug_0_6895.jpeg,WCLWD_DryingofLeaflets
/home/sivabharathi/Documents/FinalYearProject/CocoCare/ml/data/raw/kaggle/WCLWD_Flaccidity/WCLWD_Flaccidity/f_aug_0_9524.jpeg,WCLWD_Flaccidity
/home/sivabharathi/Documents/FinalYearProject/CocoCare/ml/data/raw/kaggle/WCLWD_DryingofLeaflets/WCLWD_DryingofLeaflets/f_aug_0_3625.jpeg,WCLWD_DryingofLeaflets
/home/sivabharathi/Documents/FinalYearProject/CocoCare/ml/data/raw/kaggle/WCLWD_Flaccidity/WCLWD_Flaccidity/f_aug_0_3039.jpeg,WCLWD_Flaccidity
/home/sivabharathi/Documents/FinalYearProject/CocoCare/ml/data/raw/kaggle/WCLWD_Yellowing/WCLWD_Yellowing/f_aug_0_9353.jpeg,WCLWD_Yellowing
/home/sivabharathi/Documents/FinalYearProject/CocoCare/ml/data/raw/kaggle/WCLWD_DryingofLeaflets/WCLWD_DryingofLeaflets/f_aug_0_1437.jpeg,WCLWD_DryingofLeaflets
/home/sivabharathi/Documents/FinalYearProject/CocoCare/ml/data/raw/kaggle/CCI_Leaflets/CCI_Leaflets/CCI_02__1_1100.jpg,CCI_Leaflets
/home/sivabharathi/Documents/FinalYearProject/CocoCare/ml/data/raw/kaggle/WCLWD_Flaccidity/WCLWD_Flaccidity/f_aug_0_1908.jpeg,WCLWD_Flaccidity
/home/sivabharathi/Documents/FinalYearProject/CocoCare/ml/data/raw/kaggle/CCI_Leaflets/CCI_Leaflets/CCI_10__1_80.jpg,CCI_Leaflets
/home/sivabharathi/Documents/FinalYearProject/CocoCare/ml/data/raw/kaggle/WCLWD_Yellowing/WCLWD_Yellowing/f_aug_0_6922.jpeg,WCLWD_Yellowing
/home/sivabharathi/Documents/FinalYearProject/CocoCare/ml/data/raw/kaggle/CCI_Caterpillars/CCI_Caterpillars/CCI_7_112_jpg.rf.951c81ced1cabf41a1bdbfeb6fee6e03.jpg,CCI_Caterpillars
/home/sivabharathi/Documents/FinalYearProject/CocoCare/ml/data/raw/kaggle/CCI_Leaflets/CCI_Leaflets/IMG_2683.JPG,CCI_Leaflets
/home/sivabharathi/Documents/FinalYearProject/CocoCare/ml/data/raw/kaggle/WCLWD_Flaccidity/WCLWD_Flaccidity/f_aug_0_8530.jpeg,WCLWD_Flaccidity
/home/sivabharathi/Documents/FinalYearProject/CocoCare/ml/data/raw/kaggle/WCLWD_Yellowing/WCLWD_Yellowing/f_aug_0_4821.jpeg,WCLWD_Yellowing
/home/sivabharathi/Documents/FinalYearProject/CocoCare/ml/data/raw/kaggle/CCI_Caterpillars/CCI_Caterpillars/CCI_2_150_jpg.rf.0b4a81234c435f20ad22032cdf86da8d.jpg,CCI_Caterpillars
/home/sivabharathi/Documents/FinalYearProject/CocoCare/ml/data/raw/kaggle/WCLWD_Flaccidity/WCLWD_Flaccidity/f_aug_0_4419.jpeg,WCLWD_Flaccidity
/home/sivabharathi/Documents/FinalYearProject/CocoCare/ml/data/raw/kaggle/CCI_Caterpillars/CCI_Caterpillars/CCI_2_320_jpg.rf.2636c02f04fca288ab66b413c92b580d.jpg,CCI_Caterpillars
/home/sivabharathi/Documents/FinalYearProject/CocoCare/ml/data/raw/kaggle/WCLWD_Flaccidity/WCLWD_Flaccidity/f_aug_0_5534.jpeg,WCLWD_Flaccidity
/home/sivabharathi/Documents/FinalYearProject/CocoCare/ml/data/raw/kaggle/WCLWD_Flaccidity/WCLWD_Flaccidity/f_aug_0_890.jpeg,WCLWD_Flaccidity
/home/sivabharathi/Documents/FinalYearProject/CocoCare/ml/data/raw/kaggle/WCLWD_Flaccidity/WCLWD_Flaccidity/f_aug_0_495.jpeg,WCLWD_Flaccidity
/home/sivabharathi/Documents/FinalYearProject/CocoCare/ml/data/raw/kaggle/CCI_Caterpillars/CCI_Caterpillars/CCI_3_170_jpg.rf.949be7d6feb40b31572ae6344039a1cf.jpg,CCI_Caterpillars
/home/sivabharathi/Documents/FinalYearProject/CocoCare/ml/data/raw/kaggle/CCI_Caterpillars/CCI_Caterpillars/CCI_5_112_jpg.rf.206c3066630cdfccfc4aba132d2f58d0.jpg,CCI_Caterpillars
/home/sivabharathi/Documents/FinalYearProject/CocoCare/ml/data/raw/kaggle/WCLWD_Yellowing/WCLWD_Yellowing/f_aug_0_9847.jpeg,WCLWD_Yellowing
/home/sivabharathi/Documents/FinalYearProject/CocoCare/ml/data/raw/kaggle/WCLWD_Yellowing/WCLWD_Yellowing/f_aug_0_5310.jpeg,WCLWD_Yellowing
/home/sivabharathi/Documents/FinalYearProject/CocoCare/ml/data/raw/kaggle/CCI_Leaflets/CCI_Leaflets/IMG_2834.JPG,CCI_Leaflets
/home/sivabharathi/Documents/FinalYearProject/CocoCare/ml/data/raw/kaggle/CCI_Leaflets/CCI_Leaflets/CCI_14__1_680.jpg,CCI_Leaflets
/home/sivabharathi/Documents/FinalYearProject/CocoCare/ml/data/raw/kaggle/WCLWD_Yellowing/WCLWD_Yellowing/f_aug_0_1345.jpeg,WCLWD_Yellowing
/home/sivabharathi/Documents/FinalYearProject/CocoCare/ml/data/raw/kaggle/WCLWD_Flaccidity/WCLWD_Flaccidity/f_aug_0_3117.jpeg,WCLWD_Flaccidity
/home/sivabharathi/Documents/FinalYearProject/CocoCare/ml/data/raw/kaggle/WCLWD_DryingofLeaflets/WCLWD_DryingofLeaflets/f_aug_0_7357.jpeg,WCLWD_DryingofLeaflets
/home/sivabharathi/Documents/FinalYearProject/CocoCare/ml/data/raw/kaggle/WCLWD_Yellowing/WCLWD_Yellowing/f_aug_0_5792.jpeg,WCLWD_Yellowing
/home/sivabharathi/Documents/FinalYearProject/CocoCare/ml/data/raw/kaggle/WCLWD_Yellowing/WCLWD_Yellowing/f_aug_0_3057.jpeg,WCLWD_Yellowing
/home/sivabharathi/Documents/FinalYearProject/CocoCare/ml/data/raw/kaggle/CCI_Leaflets/CCI_Leaflets/CCI_03__1_140.jpg,CCI_Leaflets
/home/sivabharathi/Documents/FinalYearProject/CocoCare/ml/data/raw/kaggle/WCLWD_DryingofLeaflets/WCLWD_DryingofLeaflets/f_aug_0_7751.jpeg,WCLWD_DryingofLeaflets
/home/sivabharathi/Documents/FinalYearProject/CocoCare/ml/data/raw/kaggle/Healthy_Leaves/Healthy_Leaves/Healthy_leaf_114.jpg,Healthy_Leaves
/home/sivabharathi/Documents/FinalYearProject/CocoCare/ml/data/raw/kaggle/CCI_Caterpillars/CCI_Caterpillars/CCI_7_24_jpg.rf.baa99c69770167ae222e3050412ae67b.jpg,CCI_Caterpillars
/home/sivabharathi/Documents/FinalYearProject/CocoCare/ml/data/raw/kaggle/CCI_Leaflets/CCI_Leaflets/IMG_2839.JPG,CCI_Leaflets
/home/sivabharathi/Documents/FinalYearProject/CocoCare/ml/data/raw/kaggle/CCI_Caterpillars/CCI_Caterpillars/CCI_1_260_jpg.rf.9bd29e621ac7358615a17f299b0581c0.jpg,CCI_Caterpillars
/home/sivabharathi/Documents/FinalYearProject/CocoCare/ml/data/raw/kaggle/Healthy_Leaves/Healthy_Leaves/Healthy_leaf_9.jpg,Healthy_Leaves
/home/sivabharathi/Documents/FinalYearProject/CocoCare/ml/data/raw/kaggle/CCI_Caterpillars/CCI_Caterpillars/CCI_2_165_jpg.rf.5a3bf610ebb096ec7eb5c428e0e5ce4b.jpg,CCI_Caterpillars
/home/sivabharathi/Documents/FinalYearProject/CocoCare/ml/data/raw/kaggle/WCLWD_Flaccidity/WCLWD_Flaccidity/f_aug_0_1093.jpeg,WCLWD_Flaccidity
/home/sivabharathi/Documents/FinalYearProject/CocoCare/ml/data/raw/kaggle/WCLWD_DryingofLeaflets/WCLWD_DryingofLeaflets/f_aug_0_2145.jpeg,WCLWD_DryingofLeaflets
/home/sivabharathi/Documents/FinalYearProject/CocoCare/ml/data/raw/kaggle/CCI_Caterpillars/CCI_Caterpillars/CCI_5_192_jpg.rf.6e8b754a549fc673a938f0cab23723fa.jpg,CCI_Caterpillars
/home/sivabharathi/Documents/FinalYearProject/CocoCare/ml/data/raw/kaggle/WCLWD_Yellowing/WCLWD_Yellowing/f_aug_0_586.jpeg,WCLWD_Yellowing
/home/sivabharathi/Documents/FinalYearProject/CocoCare/ml/data/raw/kaggle/WCLWD_Flaccidity/WCLWD_Flaccidity/f_aug_0_672.jpeg,WCLWD_Flaccidity
/home/sivabharathi/Documents/FinalYearProject/CocoCare/ml/data/raw/kaggle/WCLWD_Flaccidity/WCLWD_Flaccidity/f_aug_0_7009.jpeg,WCLWD_Flaccidity
/home/sivabharathi/Documents/FinalYearProject/CocoCare/ml/data/raw/kaggle/WCLWD_DryingofLeaflets/WCLWD_DryingofLeaflets/f_aug_0_4646.jpeg,WCLWD_DryingofLeaflets
/home/sivabharathi/Documents/FinalYearProject/CocoCare/ml/data/raw/kaggle/CCI_Caterpillars/CCI_Caterpillars/CCI_1_50_jpg.rf.1bb690495c45b9789e4b5c3e6e8012d6.jpg,CCI_Caterpillars
/home/sivabharathi/Documents/FinalYearProject/CocoCare/ml/data/raw/kaggle/CCI_Caterpillars/CCI_Caterpillars/CCI_9_32_jpg.rf.7f9f0fae8c1a33ef7fa5d4c37918e125.jpg,CCI_Caterpillars
/home/sivabharathi/Documents/FinalYearProject/CocoCare/ml/data/raw/kaggle/WCLWD_DryingofLeaflets/WCLWD_DryingofLeaflets/f_aug_0_9515.jpeg,WCLWD_DryingofLeaflets
/home/sivabharathi/Documents/FinalYearProject/CocoCare/ml/data/raw/kaggle/WCLWD_DryingofLeaflets/WCLWD_DryingofLeaflets/f_aug_0_411.jpeg,WCLWD_DryingofLeaflets
/home/sivabharathi/Documents/FinalYearProject/CocoCare/ml/data/raw/kaggle/WCLWD_Flaccidity/WCLWD_Flaccidity/f_aug_0_8190.jpeg,WCLWD_Flaccidity
/home/sivabharathi/Documents/FinalYearProject/CocoCare/ml/data/raw/kaggle/CCI_Caterpillars/CCI_Caterpillars/CCI_4_48_jpg.rf.e0951d5a9c652321789c963fcce7f2c2.jpg,CCI_Caterpillars
/home/sivabharathi/Documents/FinalYearProject/CocoCare/ml/data/raw/kaggle/WCLWD_Flaccidity/WCLWD_Flaccidity/f_aug_0_1004.jpeg,WCLWD_Flaccidity
/home/sivabharathi/Documents/FinalYearProject/CocoCare/ml/data/raw/kaggle/CCI_Caterpillars/CCI_Caterpillars/CCI_2_30_jpg.rf.ccaf719a22690c16662fbd66be3a125e.jpg,CCI_Caterpillars
/home/sivabharathi/Documents/FinalYearProject/CocoCare/ml/data/raw/kaggle/WCLWD_DryingofLeaflets/WCLWD_DryingofLeaflets/f_aug_0_8299.jpeg,WCLWD_DryingofLeaflets
/home/sivabharathi/Documents/FinalYearProject/CocoCare/ml/data/raw/kaggle/WCLWD_DryingofLeaflets/WCLWD_DryingofLeaflets/f_aug_0_272.jpeg,WCLWD_DryingofLeaflets
/home/sivabharathi/Documents/FinalYearProject/CocoCare/ml/data/raw/kaggle/WCLWD_DryingofLeaflets/WCLWD_DryingofLeaflets/f_aug_0_7910.jpeg,WCLWD_DryingofLeaflets
/home/sivabharathi/Documents/FinalYearProject/CocoCare/ml/data/raw/kaggle/CCI_Leaflets/CCI_Leaflets/CCI_10__1_100.jpg,CCI_Leaflets
/home/sivabharathi/Documents/FinalYearProject/CocoCare/ml/data/raw/kaggle/WCLWD_DryingofLeaflets/WCLWD_DryingofLeaflets/f_aug_0_3083.jpeg,WCLWD_DryingofLeaflets
/home/sivabharathi/Documents/FinalYearProject/CocoCare/ml/data/raw/kaggle/CCI_Caterpillars/CCI_Caterpillars/CCI_10_328_jpg.rf.e7e7235068d541cf1d398dd83686192f.jpg,CCI_Caterpillars
/home/sivabharathi/Documents/FinalYearProject/CocoCare/ml/data/raw/kaggle/WCLWD_Yellowing/WCLWD_Yellowing/f_aug_0_3088.jpeg,WCLWD_Yellowing
/home/sivabharathi/Documents/FinalYearProject/CocoCare/ml/data/raw/kaggle/WCLWD_Yellowing/WCLWD_Yellowing/f_aug_0_8852.jpeg,WCLWD_Yellowing
/home/sivabharathi/Documents/FinalYearProject/CocoCare/ml/data/raw/kaggle/WCLWD_Flaccidity/WCLWD_Flaccidity/f_aug_0_5644.jpeg,WCLWD_Flaccidity
/home/sivabharathi/Documents/FinalYearProject/CocoCare/ml/data/raw/kaggle/CCI_Caterpillars/CCI_Caterpillars/CCI_3_195_jpg.rf.40eac2a2e971f2945014f894ca2bd143.jpg,CCI_Caterpillars
/home/sivabharathi/Documents/FinalYearProject/CocoCare/ml/data/raw/kaggle/CCI_Leaflets/CCI_Leaflets/CCI_12__1_420.jpg,CCI_Leaflets
/home/sivabharathi/Documents/FinalYearProject/CocoCare/ml/data/raw/kaggle/WCLWD_DryingofLeaflets/WCLWD_DryingofLeaflets/f_aug_0_2428.jpeg,WCLWD_DryingofLeaflets
/home/sivabharathi/Documents/FinalYearProject/CocoCare/ml/data/raw/kaggle/WCLWD_Yellowing/WCLWD_Yellowing/f_aug_0_5.jpeg,WCLWD_Yellowing
/home/sivabharathi/Documents/FinalYearProject/CocoCare/ml/data/raw/kaggle/WCLWD_Flaccidity/WCLWD_Flaccidity/f_aug_0_6433.jpeg,WCLWD_Flaccidity
/home/sivabharathi/Documents/FinalYearProject/CocoCare/ml/data/raw/kaggle/WCLWD_Flaccidity/WCLWD_Flaccidity/f_aug_0_7042.jpeg,WCLWD_Flaccidity
/home/sivabharathi/Documents/FinalYearProject/CocoCare/ml/data/raw/kaggle/WCLWD_Yellowing/WCLWD_Yellowing/f_aug_0_1572.jpeg,WCLWD_Yellowing
/home/sivabharathi/Documents/FinalYearProject/CocoCare/ml/data/raw/kaggle/WCLWD_DryingofLeaflets/WCLWD_DryingofLeaflets/DSC_0156.JPG,WCLWD_DryingofLeaflets
/home/sivabharathi/Documents/FinalYearProject/CocoCare/ml/data/raw/kaggle/CCI_Leaflets/CCI_Leaflets/CCI_13__1_200.jpg,CCI_Leaflets
/home/sivabharathi/Documents/FinalYearProject/CocoCare/ml/data/raw/kaggle/WCLWD_Flaccidity/WCLWD_Flaccidity/f_aug_0_5906.jpeg,WCLWD_Flaccidity
/home/sivabharathi/Documents/FinalYearProject/CocoCare/ml/data/raw/kaggle/WCLWD_DryingofLeaflets/WCLWD_DryingofLeaflets/f_aug_0_8878.jpeg,WCLWD_DryingofLeaflets
/home/sivabharathi/Documents/FinalYearProject/CocoCare/ml/data/raw/kaggle/CCI_Leaflets/CCI_Leaflets/IMG_2675.JPG,CCI_Leaflets
/home/sivabharathi/Documents/FinalYearProject/CocoCare/ml/data/raw/kaggle/CCI_Caterpillars/CCI_Caterpillars/CCI_1_534_jpg.rf.827ac38cc6b51e4495ff03407eb7b5ab.jpg,CCI_Caterpillars
/home/sivabharathi/Documents/FinalYearProject/CocoCare/ml/data/raw/kaggle/WCLWD_DryingofLeaflets/WCLWD_DryingofLeaflets/f_aug_0_2452.jpeg,WCLWD_DryingofLeaflets
/home/sivabharathi/Documents/FinalYearProject/CocoCare/ml/data/raw/kaggle/WCLWD_Flaccidity/WCLWD_Flaccidity/f_aug_0_7924.jpeg,WCLWD_Flaccidity
/home/sivabharathi/Documents/FinalYearProject/CocoCare/ml/data/raw/kaggle/WCLWD_Flaccidity/WCLWD_Flaccidity/f_aug_0_1836.jpeg,WCLWD_Flaccidity
/home/sivabharathi/Documents/FinalYearProject/CocoCare/ml/data/raw/kaggle/WCLWD_DryingofLeaflets/WCLWD_DryingofLeaflets/f_aug_0_3564.jpeg,WCLWD_DryingofLeaflets
/home/sivabharathi/Documents/FinalYearProject/CocoCare/ml/data/raw/kaggle/WCLWD_Yellowing/WCLWD_Yellowing/f_aug_0_882.jpeg,WCLWD_Yellowing
/home/sivabharathi/Documents/FinalYearProject/CocoCare/ml/data/raw/kaggle/WCLWD_Flaccidity/WCLWD_Flaccidity/f_aug_0_7443.jpeg,WCLWD_Flaccidity
/home/sivabharathi/Documents/FinalYearProject/CocoCare/ml/data/raw/kaggle/CCI_Caterpillars/CCI_Caterpillars/CCI_7_48_jpg.rf.15cc682eac7d10f73d4db360d5ad4852.jpg,CCI_Caterpillars
/home/sivabharathi/Documents/FinalYearProject/CocoCare/ml/data/raw/kaggle/CCI_Caterpillars/CCI_Caterpillars/CCI_12_48_jpg.rf.ea0f6384a43917b726cf36a110a3f6cd.jpg,CCI_Caterpillars
/home/sivabharathi/Documents/FinalYearProject/CocoCare/ml/data/raw/kaggle/WCLWD_Yellowing/WCLWD_Yellowing/f_aug_0_1968.jpeg,WCLWD_Yellowing
/home/sivabharathi/Documents/FinalYearProject/CocoCare/ml/data/raw/kaggle/CCI_Caterpillars/CCI_Caterpillars/CCI_2_104_jpg.rf.0925031079f5506308db48343a466e6f.jpg,CCI_Caterpillars
/home/sivabharathi/Documents/FinalYearProject/CocoCare/ml/data/raw/kaggle/CCI_Caterpillars/CCI_Caterpillars/CCI_8_112_jpg.rf.811d2b905a07c312533d551196fe4a64.jpg,CCI_Caterpillars
/home/sivabharathi/Documents/FinalYearProject/CocoCare/ml/data/raw/kaggle/WCLWD_Yellowing/WCLWD_Yellowing/f_aug_0_2731.jpeg,WCLWD_Yellowing
/home/sivabharathi/Documents/FinalYearProject/CocoCare/ml/data/raw/kaggle/WCLWD_Flaccidity/WCLWD_Flaccidity/f_aug_0_9559.jpeg,WCLWD_Flaccidity
/home/sivabharathi/Documents/FinalYearProject/CocoCare/ml/data/raw/kaggle/CCI_Caterpillars/CCI_Caterpillars/CCI_7_104_jpg.rf.253897222b5eb547db90d8f8e83a4b56.jpg,CCI_Caterpillars
/home/sivabharathi/Documents/FinalYearProject/CocoCare/ml/data/raw/kaggle/WCLWD_DryingofLeaflets/WCLWD_DryingofLeaflets/f_aug_0_6693.jpeg,WCLWD_DryingofLeaflets
/home/sivabharathi/Documents/FinalYearProject/CocoCare/ml/data/raw/kaggle/WCLWD_Yellowing/WCLWD_Yellowing/f_aug_0_4192.jpeg,WCLWD_Yellowing
/home/sivabharathi/Documents/FinalYearProject/CocoCare/ml/data/raw/kaggle/CCI_Caterpillars/CCI_Caterpillars/CCI_3_155_jpg.rf.ff0fa032c1fdc0bddb87ed8252c46fa1.jpg,CCI_Caterpillars
/home/sivabharathi/Documents/FinalYearProject/CocoCare/ml/data/raw/kaggle/WCLWD_Flaccidity/WCLWD_Flaccidity/f_aug_0_7077.jpeg,WCLWD_Flaccidity
/home/sivabharathi/Documents/FinalYearProject/CocoCare/ml/data/raw/kaggle/CCI_Caterpillars/CCI_Caterpillars/CCI_2_64_jpg.rf.1734197161bd4ce3e5c10b30bdafc4bb.jpg,CCI_Caterpillars
/home/sivabharathi/Documents/FinalYearProject/CocoCare/ml/data/raw/kaggle/WCLWD_Flaccidity/WCLWD_Flaccidity/DSC_0036.JPG,WCLWD_Flaccidity
/home/sivabharathi/Documents/FinalYearProject/CocoCare/ml/data/raw/kaggle/WCLWD_DryingofLeaflets/WCLWD_DryingofLeaflets/f_aug_0_9971.jpeg,WCLWD_DryingofLeaflets
/home/sivabharathi/Documents/FinalYearProject/CocoCare/ml/data/raw/kaggle/CCI_Leaflets/CCI_Leaflets/IMG_2581.JPG,CCI_Leaflets
/home/sivabharathi/Documents/FinalYearProject/CocoCare/ml/data/raw/kaggle/WCLWD_DryingofLeaflets/WCLWD_DryingofLeaflets/f_aug_0_1157.jpeg,WCLWD_DryingofLeaflets
/home/sivabharathi/Documents/FinalYearProject/CocoCare/ml/data/raw/kaggle/WCLWD_Yellowing/WCLWD_Yellowing/f_aug_0_576.jpeg,WCLWD_Yellowing
/home/sivabharathi/Documents/FinalYearProject/CocoCare/ml/data/raw/kaggle/WCLWD_Yellowing/WCLWD_Yellowing/f_aug_0_8598.jpeg,WCLWD_Yellowing
/home/sivabharathi/Documents/FinalYearProject/CocoCare/ml/data/raw/kaggle/WCLWD_Flaccidity/WCLWD_Flaccidity/f_aug_0_1419.jpeg,WCLWD_Flaccidity
/home/sivabharathi/Documents/FinalYearProject/CocoCare/ml/data/raw/kaggle/CCI_Leaflets/CCI_Leaflets/CCI_10__1_660.jpg,CCI_Leaflets
/home/sivabharathi/Documents/FinalYearProject/CocoCare/ml/data/raw/kaggle/WCLWD_Yellowing/WCLWD_Yellowing/f_aug_0_4312.jpeg,WCLWD_Yellowing
/home/sivabharathi/Documents/FinalYearProject/CocoCare/ml/data/raw/kaggle/WCLWD_DryingofLeaflets/WCLWD_DryingofLeaflets/f_aug_0_1129.jpeg,WCLWD_DryingofLeaflets
/home/sivabharathi/Documents/FinalYearProject/CocoCare/ml/data/raw/kaggle/WCLWD_Flaccidity/WCLWD_Flaccidity/f_aug_0_7084.jpeg,WCLWD_Flaccidity
/home/sivabharathi/Documents/FinalYearProject/CocoCare/ml/data/raw/kaggle/WCLWD_Yellowing/WCLWD_Yellowing/f_aug_0_2753.jpeg,WCLWD_Yellowing
/home/sivabharathi/Documents/FinalYearProject/CocoCare/ml/data/raw/kaggle/WCLWD_Flaccidity/WCLWD_Flaccidity/f_aug_0_5150.jpeg,WCLWD_Flaccidity
/home/sivabharathi/Documents/FinalYearProject/CocoCare/ml/data/raw/kaggle/CCI_Leaflets/CCI_Leaflets/CCI_10__1_180.jpg,CCI_Leaflets
/home/sivabharathi/Documents/FinalYearProject/CocoCare/ml/data/raw/kaggle/WCLWD_DryingofLeaflets/WCLWD_DryingofLeaflets/f_aug_0_4743.jpeg,WCLWD_DryingofLeaflets
/home/sivabharathi/Documents/FinalYearProject/CocoCare/ml/data/raw/kaggle/WCLWD_Flaccidity/WCLWD_Flaccidity/f_aug_0_5856.jpeg,WCLWD_Flaccidity
/home/sivabharathi/Documents/FinalYearProject/CocoCare/ml/data/raw/kaggle/WCLWD_Yellowing/WCLWD_Yellowing/f_aug_0_250.jpeg,WCLWD_Yellowing
/home/sivabharathi/Documents/FinalYearProject/CocoCare/ml/data/raw/kaggle/CCI_Leaflets/CCI_Leaflets/CCI_05__1_40.jpg,CCI_Leaflets
/home/sivabharathi/Documents/FinalYearProject/CocoCare/ml/data/raw/kaggle/CCI_Leaflets/CCI_Leaflets/IMG_2732.JPG,CCI_Leaflets
/home/sivabharathi/Documents/FinalYearProject/CocoCare/ml/data/raw/kaggle/CCI_Caterpillars/CCI_Caterpillars/CCI_2_195_jpg.rf.2b335e430022850d585295f734d58b92.jpg,CCI_Caterpillars
/home/sivabharathi/Documents/FinalYearProject/CocoCare/ml/data/raw/kaggle/CCI_Caterpillars/CCI_Caterpillars/CCI_2_288_jpg.rf.7115fbd9012f4559ed54f2a5205bd650.jpg,CCI_Caterpillars
/home/sivabharathi/Documents/FinalYearProject/CocoCare/ml/data/raw/kaggle/CCI_Caterpillars/CCI_Caterpillars/CCI_5_168_jpg.rf.35673ba3e87e7d54e988fd5177bde94d.jpg,CCI_Caterpillars
/home/sivabharathi/Documents/FinalYearProject/CocoCare/ml/data/raw/kaggle/WCLWD_Yellowing/WCLWD_Yellowing/f_aug_0_553.jpeg,WCLWD_Yellowing
/home/sivabharathi/Documents/FinalYearProject/CocoCare/ml/data/raw/kaggle/WCLWD_Flaccidity/WCLWD_Flaccidity/f_aug_0_3369.jpeg,WCLWD_Flaccidity
/home/sivabharathi/Documents/FinalYearProject/CocoCare/ml/data/raw/kaggle/CCI_Leaflets/CCI_Leaflets/CCI_17__1_0.jpg,CCI_Leaflets
/home/sivabharathi/Documents/FinalYearProject/CocoCare/ml/data/raw/kaggle/CCI_Caterpillars/CCI_Caterpillars/CCI_8_320_jpg.rf.707fc0e10462fe3503b0010bb7d22236.jpg,CCI_Caterpillars
/home/sivabharathi/Documents/FinalYearProject/CocoCare/ml/data/raw/kaggle/WCLWD_Yellowing/WCLWD_Yellowing/f_aug_0_5217.jpeg,WCLWD_Yellowing
/home/sivabharathi/Documents/FinalYearProject/CocoCare/ml/data/raw/kaggle/WCLWD_DryingofLeaflets/WCLWD_DryingofLeaflets/f_aug_0_959.jpeg,WCLWD_DryingofLeaflets
/home/sivabharathi/Documents/FinalYearProject/CocoCare/ml/data/raw/kaggle/WCLWD_Flaccidity/WCLWD_Flaccidity/f_aug_0_1247.jpeg,WCLWD_Flaccidity
/home/sivabharathi/Documents/FinalYearProject/CocoCare/ml/data/raw/kaggle/WCLWD_Yellowing/WCLWD_Yellowing/f_aug_0_2119.jpeg,WCLWD_Yellowing
/home/sivabharathi/Documents/FinalYearProject/CocoCare/ml/data/raw/kaggle/WCLWD_Yellowing/WCLWD_Yellowing/f_aug_0_8631.jpeg,WCLWD_Yellowing
/home/sivabharathi/Documents/FinalYearProject/CocoCare/ml/data/raw/kaggle/WCLWD_Flaccidity/WCLWD_Flaccidity/f_aug_0_128.jpeg,WCLWD_Flaccidity
/home/sivabharathi/Documents/FinalYearProject/CocoCare/ml/data/raw/kaggle/Healthy_Leaves/Healthy_Leaves/Healthy_leaf_71.jpg,Healthy_Leaves
/home/sivabharathi/Documents/FinalYearProject/CocoCare/ml/data/raw/kaggle/CCI_Leaflets/CCI_Leaflets/CCI_02__1_520.jpg,CCI_Leaflets
/home/sivabharathi/Documents/FinalYearProject/CocoCare/ml/data/raw/kaggle/WCLWD_Flaccidity/WCLWD_Flaccidity/f_aug_0_1244.jpeg,WCLWD_Flaccidity
/home/sivabharathi/Documents/FinalYearProject/CocoCare/ml/data/raw/kaggle/WCLWD_Yellowing/WCLWD_Yellowing/f_aug_0_6865.jpeg,WCLWD_Yellowing
/home/sivabharathi/Documents/FinalYearProject/CocoCare/ml/data/raw/kaggle/WCLWD_DryingofLeaflets/WCLWD_DryingofLeaflets/f_aug_0_3090.jpeg,WCLWD_DryingofLeaflets
/home/sivabharathi/Documents/FinalYearProject/CocoCare/ml/data/raw/kaggle/WCLWD_Yellowing/WCLWD_Yellowing/f_aug_0_225.jpeg,WCLWD_Yellowing
/home/sivabharathi/Documents/FinalYearProject/CocoCare/ml/data/raw/kaggle/CCI_Leaflets/CCI_Leaflets/CCI_07__1_920.jpg,CCI_Leaflets
/home/sivabharathi/Documents/FinalYearProject/CocoCare/ml/data/raw/kaggle/CCI_Leaflets/CCI_Leaflets/IMG_2664.JPG,CCI_Leaflets
/home/sivabharathi/Documents/FinalYearProject/CocoCare/ml/data/raw/kaggle/CCI_Caterpillars/CCI_Caterpillars/CCI_1_145_jpg.rf.0993ef95b00dc6d134826fb799a86253.jpg,CCI_Caterpillars
/home/sivabharathi/Documents/FinalYearProject/CocoCare/ml/data/raw/kaggle/CCI_Leaflets/CCI_Leaflets/CCI_03__1_440.jpg,CCI_Leaflets
/home/sivabharathi/Documents/FinalYearProject/CocoCare/ml/data/raw/kaggle/CCI_Caterpillars/CCI_Caterpillars/CCI_1_388_jpg.rf.c53dbf4b03b6088b2d0f005fcbd54f7e.jpg,CCI_Caterpillars
/home/sivabharathi/Documents/FinalYearProject/CocoCare/ml/data/raw/kaggle/WCLWD_Yellowing/WCLWD_Yellowing/f_aug_0_5607.jpeg,WCLWD_Yellowing
/home/sivabharathi/Documents/FinalYearProject/CocoCare/ml/data/raw/kaggle/WCLWD_DryingofLeaflets/WCLWD_DryingofLeaflets/f_aug_0_3013.jpeg,WCLWD_DryingofLeaflets
/home/sivabharathi/Documents/FinalYearProject/CocoCare/ml/data/raw/kaggle/CCI_Leaflets/CCI_Leaflets/IMG_2652.JPG,CCI_Leaflets
/home/sivabharathi/Documents/FinalYearProject/CocoCare/ml/data/raw/kaggle/WCLWD_Flaccidity/WCLWD_Flaccidity/f_aug_0_6244.jpeg,WCLWD_Flaccidity
/home/sivabharathi/Documents/FinalYearProject/CocoCare/ml/data/raw/kaggle/WCLWD_Yellowing/WCLWD_Yellowing/f_aug_0_603.jpeg,WCLWD_Yellowing
/home/sivabharathi/Documents/FinalYearProject/CocoCare/ml/data/raw/kaggle/WCLWD_DryingofLeaflets/WCLWD_DryingofLeaflets/f_aug_0_435.jpeg,WCLWD_DryingofLeaflets
/home/sivabharathi/Documents/FinalYearProject/CocoCare/ml/data/raw/kaggle/CCI_Caterpillars/CCI_Caterpillars/CCI_8_160_jpg.rf.efedaeefbe21943599c147223e2952f3.jpg,CCI_Caterpillars
/home/sivabharathi/Documents/FinalYearProject/CocoCare/ml/data/raw/kaggle/CCI_Caterpillars/CCI_Caterpillars/CCI_3_130_jpg.rf.0e8f503d722fc481126ee0252e8b68a8.jpg,CCI_Caterpillars
/home/sivabharathi/Documents/FinalYearProject/CocoCare/ml/data/raw/kaggle/CCI_Leaflets/CCI_Leaflets/CCI_16__1_520.jpg,CCI_Leaflets
/home/sivabharathi/Documents/FinalYearProject/CocoCare/ml/data/raw/kaggle/WCLWD_Yellowing/WCLWD_Yellowing/f_aug_0_9434.jpeg,WCLWD_Yellowing
/home/sivabharathi/Documents/FinalYearProject/CocoCare/ml/data/raw/kaggle/WCLWD_Yellowing/WCLWD_Yellowing/f_aug_0_9203.jpeg,WCLWD_Yellowing
/home/sivabharathi/Documents/FinalYearProject/CocoCare/ml/data/raw/kaggle/WCLWD_Yellowing/WCLWD_Yellowing/f_aug_0_2822.jpeg,WCLWD_Yellowing
/home/sivabharathi/Documents/FinalYearProject/CocoCare/ml/data/raw/kaggle/CCI_Caterpillars/CCI_Caterpillars/CCI_3_205_jpg.rf.2d99f0c4f1025ac7255718e85b3232f2.jpg,CCI_Caterpillars
/home/sivabharathi/Documents/FinalYearProject/CocoCare/ml/data/raw/kaggle/CCI_Caterpillars/CCI_Caterpillars/CCI_1_544_jpg.rf.060e13e0a496fa8b71855bc45a6d5e45.jpg,CCI_Caterpillars
/home/sivabharathi/Documents/FinalYearProject/CocoCare/ml/data/raw/kaggle/WCLWD_Yellowing/WCLWD_Yellowing/f_aug_0_6518.jpeg,WCLWD_Yellowing
/home/sivabharathi/Documents/FinalYearProject/CocoCare/ml/data/raw/kaggle/CCI_Caterpillars/CCI_Caterpillars/CCI_1_85_jpg.rf.114001246d96a77b542e5b379e74074e.jpg,CCI_Caterpillars
/home/sivabharathi/Documents/FinalYearProject/CocoCare/ml/data/raw/kaggle/CCI_Leaflets/CCI_Leaflets/CCI_12__1_520.jpg,CCI_Leaflets
/home/sivabharathi/Documents/FinalYearProject/CocoCare/ml/data/raw/kaggle/WCLWD_Yellowing/WCLWD_Yellowing/f_aug_0_3579.jpeg,WCLWD_Yellowing
/home/sivabharathi/Documents/FinalYearProject/CocoCare/ml/data/raw/kaggle/CCI_Leaflets/CCI_Leaflets/IMG_2802.JPG,CCI_Leaflets
/home/sivabharathi/Documents/FinalYearProject/CocoCare/ml/data/raw/kaggle/CCI_Caterpillars/CCI_Caterpillars/CCI_10_80_jpg.rf.a1878fdb6816706ae2f187e09046c4d1.jpg,CCI_Caterpillars
/home/sivabharathi/Documents/FinalYearProject/CocoCare/ml/data/raw/kaggle/CCI_Leaflets/CCI_Leaflets/CCI_06__1_460.jpg,CCI_Leaflets
/home/sivabharathi/Documents/FinalYearProject/CocoCare/ml/data/raw/kaggle/WCLWD_Yellowing/WCLWD_Yellowing/f_aug_0_6917.jpeg,WCLWD_Yellowing
/home/sivabharathi/Documents/FinalYearProject/CocoCare/ml/data/raw/kaggle/CCI_Leaflets/CCI_Leaflets/CCI_13__1_300.jpg,CCI_Leaflets
/home/sivabharathi/Documents/FinalYearProject/CocoCare/ml/data/raw/kaggle/WCLWD_DryingofLeaflets/WCLWD_DryingofLeaflets/f_aug_0_802.jpeg,WCLWD_DryingofLeaflets
/home/sivabharathi/Documents/FinalYearProject/CocoCare/ml/data/raw/kaggle/CCI_Caterpillars/CCI_Caterpillars/CCI_10_72_jpg.rf.15a5717d79f7334105aac3e965943dfe.jpg,CCI_Caterpillars
/home/sivabharathi/Documents/FinalYearProject/CocoCare/ml/data/raw/kaggle/WCLWD_Flaccidity/WCLWD_Flaccidity/f_aug_0_5155.jpeg,WCLWD_Flaccidity
/home/sivabharathi/Documents/FinalYearProject/CocoCare/ml/data/raw/kaggle/WCLWD_Flaccidity/WCLWD_Flaccidity/f_aug_0_3083.jpeg,WCLWD_Flaccidity
/home/sivabharathi/Documents/FinalYearProject/CocoCare/ml/data/raw/kaggle/WCLWD_DryingofLeaflets/WCLWD_DryingofLeaflets/f_aug_0_4276.jpeg,WCLWD_DryingofLeaflets
/home/sivabharathi/Documents/FinalYearProject/CocoCare/ml/data/raw/kaggle/WCLWD_DryingofLeaflets/WCLWD_DryingofLeaflets/f_aug_0_5362.jpeg,WCLWD_DryingofLeaflets
/home/sivabharathi/Documents/FinalYearProject/CocoCare/ml/data/raw/kaggle/CCI_Caterpillars/CCI_Caterpillars/CCI_9_80_jpg.rf.3485fc849f5fd5cb986a325e14d5be41.jpg,CCI_Caterpillars
/home/sivabharathi/Documents/FinalYearProject/CocoCare/ml/data/raw/kaggle/WCLWD_Flaccidity/WCLWD_Flaccidity/f_aug_0_25.jpeg,WCLWD_Flaccidity
/home/sivabharathi/Documents/FinalYearProject/CocoCare/ml/data/raw/kaggle/WCLWD_Flaccidity/WCLWD_Flaccidity/D_0034.JPG,WCLWD_Flaccidity
/home/sivabharathi/Documents/FinalYearProject/CocoCare/ml/data/raw/kaggle/WCLWD_Flaccidity/WCLWD_Flaccidity/f_aug_0_3943.jpeg,WCLWD_Flaccidity
/home/sivabharathi/Documents/FinalYearProject/CocoCare/ml/data/raw/kaggle/WCLWD_Flaccidity/WCLWD_Flaccidity/f_aug_0_4853.jpeg,WCLWD_Flaccidity
/home/sivabharathi/Documents/FinalYearProject/CocoCare/ml/data/raw/kaggle/WCLWD_DryingofLeaflets/WCLWD_DryingofLeaflets/f_aug_0_1502.jpeg,WCLWD_DryingofLeaflets
/home/sivabharathi/Documents/FinalYearProject/CocoCare/ml/data/raw/kaggle/CCI_Caterpillars/CCI_Caterpillars/CCI_5_160_jpg.rf.fb918a72fd315067bc88d894050a4743.jpg,CCI_Caterpillars
/home/sivabharathi/Documents/FinalYearProject/CocoCare/ml/data/raw/kaggle/WCLWD_Flaccidity/WCLWD_Flaccidity/f_aug_0_5025.jpeg,WCLWD_Flaccidity
/home/sivabharathi/Documents/FinalYearProject/CocoCare/ml/data/raw/kaggle/CCI_Caterpillars/CCI_Caterpillars/CCI_3_170_jpg.rf.8124575dc796f0ee243d7e2f1c3aea16.jpg,CCI_Caterpillars
/home/sivabharathi/Documents/FinalYearProject/CocoCare/ml/data/raw/kaggle/CCI_Leaflets/CCI_Leaflets/CCI_10__1_940.jpg,CCI_Leaflets
/home/sivabharathi/Documents/FinalYearProject/CocoCare/ml/data/raw/kaggle/WCLWD_Yellowing/WCLWD_Yellowing/f_aug_0_4351.jpeg,WCLWD_Yellowing
/home/sivabharathi/Documents/FinalYearProject/CocoCare/ml/data/raw/kaggle/WCLWD_Yellowing/WCLWD_Yellowing/f_aug_0_458.jpeg,WCLWD_Yellowing
/home/sivabharathi/Documents/FinalYearProject/CocoCare/ml/data/raw/kaggle/WCLWD_DryingofLeaflets/WCLWD_DryingofLeaflets/f_aug_0_9387.jpeg,WCLWD_DryingofLeaflets
/home/sivabharathi/Documents/FinalYearProject/CocoCare/ml/data/raw/kaggle/WCLWD_Flaccidity/WCLWD_Flaccidity/f_aug_0_1841.jpeg,WCLWD_Flaccidity
/home/sivabharathi/Documents/FinalYearProject/CocoCare/ml/data/raw/kaggle/CCI_Caterpillars/CCI_Caterpillars/CCI_8_104_jpg.rf.dfa66cc828fc4291c543a8e9eded510b.jpg,CCI_Caterpillars
/home/sivabharathi/Documents/FinalYearProject/CocoCare/ml/data/raw/kaggle/WCLWD_Flaccidity/WCLWD_Flaccidity/f_aug_0_8443.jpeg,WCLWD_Flaccidity
/home/sivabharathi/Documents/FinalYearProject/CocoCare/ml/data/raw/kaggle/CCI_Caterpillars/CCI_Caterpillars/CCI_9_72_jpg.rf.9c05b7fc7004ab5f1442d67ce120ecb8.jpg,CCI_Caterpillars
/home/sivabharathi/Documents/FinalYearProject/CocoCare/ml/data/raw/kaggle/WCLWD_Flaccidity/WCLWD_Flaccidity/f_aug_0_3303.jpeg,WCLWD_Flaccidity
/home/sivabharathi/Documents/FinalYearProject/CocoCare/ml/data/raw/kaggle/WCLWD_Flaccidity/WCLWD_Flaccidity/f_aug_0_2783.jpeg,WCLWD_Flaccidity
/home/sivabharathi/Documents/FinalYearProject/CocoCare/ml/data/raw/kaggle/CCI_Leaflets/CCI_Leaflets/IMG_2685.JPG,CCI_Leaflets
/home/sivabharathi/Documents/FinalYearProject/CocoCare/ml/data/raw/kaggle/CCI_Caterpillars/CCI_Caterpillars/CCI_3_245_jpg.rf.56eae9787e0191572ea557e567c3d6b9.jpg,CCI_Caterpillars
/home/sivabharathi/Documents/FinalYearProject/CocoCare/ml/data/raw/kaggle/WCLWD_Yellowing/WCLWD_Yellowing/f_aug_0_9081.jpeg,WCLWD_Yellowing
/home/sivabharathi/Documents/FinalYearProject/CocoCare/ml/data/raw/kaggle/WCLWD_Flaccidity/WCLWD_Flaccidity/f_aug_0_223.jpeg,WCLWD_Flaccidity
/home/sivabharathi/Documents/FinalYearProject/CocoCare/ml/data/raw/kaggle/WCLWD_Yellowing/WCLWD_Yellowing/f_aug_0_2984.jpeg,WCLWD_Yellowing
/home/sivabharathi/Documents/FinalYearProject/CocoCare/ml/data/raw/kaggle/WCLWD_Yellowing/WCLWD_Yellowing/f_aug_0_5388.jpeg,WCLWD_Yellowing
/home/sivabharathi/Documents/FinalYearProject/CocoCare/ml/data/raw/kaggle/WCLWD_Yellowing/WCLWD_Yellowing/f_aug_0_6873.jpeg,WCLWD_Yellowing
/home/sivabharathi/Documents/FinalYearProject/CocoCare/ml/data/raw/kaggle/WCLWD_DryingofLeaflets/WCLWD_DryingofLeaflets/f_aug_0_2978.jpeg,WCLWD_DryingofLeaflets
/home/sivabharathi/Documents/FinalYearProject/CocoCare/ml/data/raw/kaggle/WCLWD_Flaccidity/WCLWD_Flaccidity/f_aug_0_8316.jpeg,WCLWD_Flaccidity
/home/sivabharathi/Documents/FinalYearProject/CocoCare/ml/data/raw/kaggle/WCLWD_Yellowing/WCLWD_Yellowing/f_aug_0_4733.jpeg,WCLWD_Yellowing
/home/sivabharathi/Documents/FinalYearProject/CocoCare/ml/data/raw/kaggle/WCLWD_Flaccidity/WCLWD_Flaccidity/f_aug_0_5412.jpeg,WCLWD_Flaccidity
/home/sivabharathi/Documents/FinalYearProject/CocoCare/ml/data/raw/kaggle/WCLWD_Flaccidity/WCLWD_Flaccidity/f_aug_0_9722.jpeg,WCLWD_Flaccidity
/home/sivabharathi/Documents/FinalYearProject/CocoCare/ml/data/raw/kaggle/WCLWD_Flaccidity/WCLWD_Flaccidity/f_aug_0_3904.jpeg,WCLWD_Flaccidity
/home/sivabharathi/Documents/FinalYearProject/CocoCare/ml/data/raw/kaggle/WCLWD_Yellowing/WCLWD_Yellowing/f_aug_0_7993.jpeg,WCLWD_Yellowing
/home/sivabharathi/Documents/FinalYearProject/CocoCare/ml/data/raw/kaggle/CCI_Caterpillars/CCI_Caterpillars/CCI_5_16_jpg.rf.0f18f4ee1dac1440707678d734f7dcfe.jpg,CCI_Caterpillars
/home/sivabharathi/Documents/FinalYearProject/CocoCare/ml/data/raw/kaggle/Healthy_Leaves/Healthy_Leaves/Healthy_leaf_93.jpg,Healthy_Leaves
/home/sivabharathi/Documents/FinalYearProject/CocoCare/ml/data/raw/kaggle/WCLWD_Flaccidity/WCLWD_Flaccidity/f_aug_0_6466.jpeg,WCLWD_Flaccidity
/home/sivabharathi/Documents/FinalYearProject/CocoCare/ml/data/raw/kaggle/CCI_Caterpillars/CCI_Caterpillars/CCI_3_40_jpg.rf.4fe38a3b78cdb168fd3abc6f479090d5.jpg,CCI_Caterpillars
/home/sivabharathi/Documents/FinalYearProject/CocoCare/ml/data/raw/kaggle/WCLWD_DryingofLeaflets/WCLWD_DryingofLeaflets/f_aug_0_7385.jpeg,WCLWD_DryingofLeaflets
/home/sivabharathi/Documents/FinalYearProject/CocoCare/ml/data/raw/kaggle/WCLWD_DryingofLeaflets/WCLWD_DryingofLeaflets/f_aug_0_1838.jpeg,WCLWD_DryingofLeaflets
/home/sivabharathi/Documents/FinalYearProject/CocoCare/ml/data/raw/kaggle/WCLWD_Flaccidity/WCLWD_Flaccidity/f_aug_0_6985.jpeg,WCLWD_Flaccidity
/home/sivabharathi/Documents/FinalYearProject/CocoCare/ml/data/raw/kaggle/CCI_Caterpillars/CCI_Caterpillars/CCI_2_104_jpg.rf.1b067370da1dab0d3277a2ebae1c6638.jpg,CCI_Caterpillars
/home/sivabharathi/Documents/FinalYearProject/CocoCare/ml/data/raw/kaggle/CCI_Leaflets/CCI_Leaflets/CCI_08__1_240.jpg,CCI_Leaflets
/home/sivabharathi/Documents/FinalYearProject/CocoCare/ml/data/raw/kaggle/CCI_Caterpillars/CCI_Caterpillars/CCI_2_64_jpg.rf.2997cc601c4039de31da69784dae0012.jpg,CCI_Caterpillars
/home/sivabharathi/Documents/FinalYearProject/CocoCare/ml/data/raw/kaggle/WCLWD_Flaccidity/WCLWD_Flaccidity/f_aug_0_8086.jpeg,WCLWD_Flaccidity
/home/sivabharathi/Documents/FinalYearProject/CocoCare/ml/data/raw/kaggle/CCI_Leaflets/CCI_Leaflets/CCI_15__1_360.jpg,CCI_Leaflets
/home/sivabharathi/Documents/FinalYearProject/CocoCare/ml/data/raw/kaggle/WCLWD_Yellowing/WCLWD_Yellowing/f_aug_0_9233.jpeg,WCLWD_Yellowing
/home/sivabharathi/Documents/FinalYearProject/CocoCare/ml/data/raw/kaggle/WCLWD_Flaccidity/WCLWD_Flaccidity/f_aug_0_679.jpeg,WCLWD_Flaccidity
/home/sivabharathi/Documents/FinalYearProject/CocoCare/ml/data/raw/kaggle/WCLWD_DryingofLeaflets/WCLWD_DryingofLeaflets/f_aug_0_7462.jpeg,WCLWD_DryingofLeaflets
/home/sivabharathi/Documents/FinalYearProject/CocoCare/ml/data/raw/kaggle/CCI_Caterpillars/CCI_Caterpillars/CCI_6_96_jpg.rf.ca6e64585b3a74980cec65c52e42842d.jpg,CCI_Caterpillars
/home/sivabharathi/Documents/FinalYearProject/CocoCare/ml/data/raw/kaggle/WCLWD_Yellowing/WCLWD_Yellowing/f_aug_0_3857.jpeg,WCLWD_Yellowing
/home/sivabharathi/Documents/FinalYearProject/CocoCare/ml/data/raw/kaggle/CCI_Leaflets/CCI_Leaflets/CCI_08__1_340.jpg,CCI_Leaflets
/home/sivabharathi/Documents/FinalYearProject/CocoCare/ml/data/raw/kaggle/WCLWD_DryingofLeaflets/WCLWD_DryingofLeaflets/f_aug_0_1063.jpeg,WCLWD_DryingofLeaflets
/home/sivabharathi/Documents/FinalYearProject/CocoCare/ml/data/raw/kaggle/WCLWD_Flaccidity/WCLWD_Flaccidity/f_aug_0_2035.jpeg,WCLWD_Flaccidity
/home/sivabharathi/Documents/FinalYearProject/CocoCare/ml/data/raw/kaggle/WCLWD_DryingofLeaflets/WCLWD_DryingofLeaflets/f_aug_0_8104.jpeg,WCLWD_DryingofLeaflets
/home/sivabharathi/Documents/FinalYearProject/CocoCare/ml/data/raw/kaggle/WCLWD_DryingofLeaflets/WCLWD_DryingofLeaflets/f_aug_0_3543.jpeg,WCLWD_DryingofLeaflets
/home/sivabharathi/Documents/FinalYearProject/CocoCare/ml/data/raw/kaggle/WCLWD_Yellowing/WCLWD_Yellowing/f_aug_0_5174.jpeg,WCLWD_Yellowing
/home/sivabharathi/Documents/FinalYearProject/CocoCare/ml/data/raw/kaggle/WCLWD_Flaccidity/WCLWD_Flaccidity/f_aug_0_3570.jpeg,WCLWD_Flaccidity
/home/sivabharathi/Documents/FinalYearProject/CocoCare/ml/data/raw/kaggle/WCLWD_DryingofLeaflets/WCLWD_DryingofLeaflets/f_aug_0_1049.jpeg,WCLWD_DryingofLeaflets
/home/sivabharathi/Documents/FinalYearProject/CocoCare/ml/data/raw/kaggle/CCI_Caterpillars/CCI_Caterpillars/CCI_3_235_jpg.rf.7a837f5d08e0213be29d230be7782d8c.jpg,CCI_Caterpillars
/home/sivabharathi/Documents/FinalYearProject/CocoCare/ml/data/raw/kaggle/CCI_Leaflets/CCI_Leaflets/CCI_01__1_700.jpg,CCI_Leaflets
/home/sivabharathi/Documents/FinalYearProject/CocoCare/ml/data/raw/kaggle/CCI_Caterpillars/CCI_Caterpillars/CCI_2_135_jpg.rf.05f51dddeab111f97acf96509283f91e.jpg,CCI_Caterpillars
/home/sivabharathi/Documents/FinalYearProject/CocoCare/ml/data/raw/kaggle/CCI_Caterpillars/CCI_Caterpillars/CCI_2_70_jpg.rf.99a5c7fa699ca5dadfc3ed743496f1bf.jpg,CCI_Caterpillars
/home/sivabharathi/Documents/FinalYearProject/CocoCare/ml/data/raw/kaggle/Healthy_Leaves/Healthy_Leaves/Healthy_leaf_22.jpg,Healthy_Leaves
/home/sivabharathi/Documents/FinalYearProject/CocoCare/ml/data/raw/kaggle/WCLWD_Yellowing/WCLWD_Yellowing/f_aug_0_5340.jpeg,WCLWD_Yellowing
/home/sivabharathi/Documents/FinalYearProject/CocoCare/ml/data/raw/kaggle/WCLWD_Flaccidity/WCLWD_Flaccidity/f_aug_0_2195.jpeg,WCLWD_Flaccidity
/home/sivabharathi/Documents/FinalYearProject/CocoCare/ml/data/raw/kaggle/WCLWD_DryingofLeaflets/WCLWD_DryingofLeaflets/f_aug_0_8795.jpeg,WCLWD_DryingofLeaflets
/home/sivabharathi/Documents/FinalYearProject/CocoCare/ml/data/raw/kaggle/CCI_Leaflets/CCI_Leaflets/CCI_04__1_400.jpg,CCI_Leaflets
/home/sivabharathi/Documents/FinalYearProject/CocoCare/ml/data/raw/kaggle/CCI_Leaflets/CCI_Leaflets/CCI_13__1_400.jpg,CCI_Leaflets
/home/sivabharathi/Documents/FinalYearProject/CocoCare/ml/data/raw/kaggle/WCLWD_DryingofLeaflets/WCLWD_DryingofLeaflets/f_aug_0_4120.jpeg,WCLWD_DryingofLeaflets
/home/sivabharathi/Documents/FinalYearProject/CocoCare/ml/data/raw/kaggle/WCLWD_Yellowing/WCLWD_Yellowing/f_aug_0_1973.jpeg,WCLWD_Yellowing
/home/sivabharathi/Documents/FinalYearProject/CocoCare/ml/data/raw/kaggle/WCLWD_Flaccidity/WCLWD_Flaccidity/f_aug_0_2491.jpeg,WCLWD_Flaccidity
/home/sivabharathi/Documents/FinalYearProject/CocoCare/ml/data/raw/kaggle/CCI_Leaflets/CCI_Leaflets/CCI_01__1_480.jpg,CCI_Leaflets
/home/sivabharathi/Documents/FinalYearProject/CocoCare/ml/data/raw/kaggle/WCLWD_Yellowing/WCLWD_Yellowing/f_aug_0_6289.jpeg,WCLWD_Yellowing
/home/sivabharathi/Documents/FinalYearProject/CocoCare/ml/data/raw/kaggle/CCI_Caterpillars/CCI_Caterpillars/CCI_1_135_jpg.rf.de8a9723b0660bbc3edd2743aef436d5.jpg,CCI_Caterpillars
/home/sivabharathi/Documents/FinalYearProject/CocoCare/ml/data/raw/kaggle/CCI_Caterpillars/CCI_Caterpillars/CCI_5_320_jpg.rf.a846ced9a5c54fabff15a31e6f318922.jpg,CCI_Caterpillars
/home/sivabharathi/Documents/FinalYearProject/CocoCare/ml/data/raw/kaggle/CCI_Caterpillars/CCI_Caterpillars/CCI_8_240_jpg.rf.6cfb0d2142c6f377690be47a82f7e556.jpg,CCI_Caterpillars
/home/sivabharathi/Documents/FinalYearProject/CocoCare/ml/data/raw/kaggle/WCLWD_Flaccidity/WCLWD_Flaccidity/f_aug_0_7242.jpeg,WCLWD_Flaccidity
/home/sivabharathi/Documents/FinalYearProject/CocoCare/ml/data/raw/kaggle/CCI_Caterpillars/CCI_Caterpillars/CCI_3_5_jpg.rf.86ee6854619b7e5476dd4b7310b55424.jpg,CCI_Caterpillars
/home/sivabharathi/Documents/FinalYearProject/CocoCare/ml/data/raw/kaggle/CCI_Leaflets/CCI_Leaflets/CCI_10__1_200.jpg,CCI_Leaflets
/home/sivabharathi/Documents/FinalYearProject/CocoCare/ml/data/raw/kaggle/WCLWD_Yellowing/WCLWD_Yellowing/f_aug_0_6609.jpeg,WCLWD_Yellowing
/home/sivabharathi/Documents/FinalYearProject/CocoCare/ml/data/raw/kaggle/WCLWD_Flaccidity/WCLWD_Flaccidity/f_aug_0_9076.jpeg,WCLWD_Flaccidity
/home/sivabharathi/Documents/FinalYearProject/CocoCare/ml/data/raw/kaggle/WCLWD_Yellowing/WCLWD_Yellowing/f_aug_0_8785.jpeg,WCLWD_Yellowing
/home/sivabharathi/Documents/FinalYearProject/CocoCare/ml/data/raw/kaggle/WCLWD_DryingofLeaflets/WCLWD_DryingofLeaflets/f_aug_0_972.jpeg,WCLWD_DryingofLeaflets
/home/sivabharathi/Documents/FinalYearProject/CocoCare/ml/data/raw/kaggle/WCLWD_DryingofLeaflets/WCLWD_DryingofLeaflets/f_aug_0_7361.jpeg,WCLWD_DryingofLeaflets
/home/sivabharathi/Documents/FinalYearProject/CocoCare/ml/data/raw/kaggle/CCI_Leaflets/CCI_Leaflets/IMG_2655.JPG,CCI_Leaflets
/home/sivabharathi/Documents/FinalYearProject/CocoCare/ml/data/raw/kaggle/WCLWD_DryingofLeaflets/WCLWD_DryingofLeaflets/f_aug_0_3589.jpeg,WCLWD_DryingofLeaflets
/home/sivabharathi/Documents/FinalYearProject/CocoCare/ml/data/raw/kaggle/WCLWD_Yellowing/WCLWD_Yellowing/f_aug_0_2366.jpeg,WCLWD_Yellowing
/home/sivabharathi/Documents/FinalYearProject/CocoCare/ml/data/raw/kaggle/CCI_Leaflets/CCI_Leaflets/CCI_12__1_1040.jpg,CCI_Leaflets
/home/sivabharathi/Documents/FinalYearProject/CocoCare/ml/data/raw/kaggle/WCLWD_Yellowing/WCLWD_Yellowing/f_aug_0_2979.jpeg,WCLWD_Yellowing
/home/sivabharathi/Documents/FinalYearProject/CocoCare/ml/data/raw/kaggle/WCLWD_Flaccidity/WCLWD_Flaccidity/f_aug_0_1713.jpeg,WCLWD_Flaccidity
/home/sivabharathi/Documents/FinalYearProject/CocoCare/ml/data/raw/kaggle/WCLWD_Flaccidity/WCLWD_Flaccidity/f_aug_0_2699.jpeg,WCLWD_Flaccidity
/home/sivabharathi/Documents/FinalYearProject/CocoCare/ml/data/raw/kaggle/CCI_Caterpillars/CCI_Caterpillars/CCI_5_0_jpg.rf.4799341dc95711cc4697eb564a83b0e4.jpg,CCI_Caterpillars
/home/sivabharathi/Documents/FinalYearProject/CocoCare/ml/data/raw/kaggle/CCI_Caterpillars/CCI_Caterpillars/CCI_11_232_jpg.rf.613e543f58ff4f7f4d02c7eacf3ea136.jpg,CCI_Caterpillars
/home/sivabharathi/Documents/FinalYearProject/CocoCare/ml/data/raw/kaggle/CCI_Leaflets/CCI_Leaflets/CCI_03__1_840.jpg,CCI_Leaflets
/home/sivabharathi/Documents/FinalYearProject/CocoCare/ml/data/raw/kaggle/WCLWD_DryingofLeaflets/WCLWD_DryingofLeaflets/f_aug_0_6427.jpeg,WCLWD_DryingofLeaflets
/home/sivabharathi/Documents/FinalYearProject/CocoCare/ml/data/raw/kaggle/WCLWD_DryingofLeaflets/WCLWD_DryingofLeaflets/f_aug_0_1786.jpeg,WCLWD_DryingofLeaflets
/home/sivabharathi/Documents/FinalYearProject/CocoCare/ml/data/raw/kaggle/CCI_Caterpillars/CCI_Caterpillars/CCI_3_115_jpg.rf.ad1decdc4316f2df12b7ebb6d7c6b68f.jpg,CCI_Caterpillars
/home/sivabharathi/Documents/FinalYearProject/CocoCare/ml/data/raw/kaggle/WCLWD_Flaccidity/WCLWD_Flaccidity/f_aug_0_9871.jpeg,WCLWD_Flaccidity
/home/sivabharathi/Documents/FinalYearProject/CocoCare/ml/data/raw/kaggle/WCLWD_Yellowing/WCLWD_Yellowing/f_aug_0_2640.jpeg,WCLWD_Yellowing
/home/sivabharathi/Documents/FinalYearProject/CocoCare/ml/data/raw/kaggle/WCLWD_Yellowing/WCLWD_Yellowing/f_aug_0_2821.jpeg,WCLWD_Yellowing
/home/sivabharathi/Documents/FinalYearProject/CocoCare/ml/data/raw/kaggle/WCLWD_Yellowing/WCLWD_Yellowing/f_aug_0_8601.jpeg,WCLWD_Yellowing
/home/sivabharathi/Documents/FinalYearProject/CocoCare/ml/data/raw/kaggle/WCLWD_DryingofLeaflets/WCLWD_DryingofLeaflets/f_aug_0_457.jpeg,WCLWD_DryingofLeaflets
/home/sivabharathi/Documents/FinalYearProject/CocoCare/ml/data/raw/kaggle/WCLWD_Flaccidity/WCLWD_Flaccidity/f_aug_0_4357.jpeg,WCLWD_Flaccidity
/home/sivabharathi/Documents/FinalYearProject/CocoCare/ml/data/raw/kaggle/WCLWD_DryingofLeaflets/WCLWD_DryingofLeaflets/f_aug_0_9794.jpeg,WCLWD_DryingofLeaflets
/home/sivabharathi/Documents/FinalYearProject/CocoCare/ml/data/raw/kaggle/WCLWD_DryingofLeaflets/WCLWD_DryingofLeaflets/f_aug_0_7478.jpeg,WCLWD_DryingofLeaflets
/home/sivabharathi/Documents/FinalYearProject/CocoCare/ml/data/raw/kaggle/WCLWD_Yellowing/WCLWD_Yellowing/f_aug_0_9092.jpeg,WCLWD_Yellowing
/home/sivabharathi/Documents/FinalYearProject/CocoCare/ml/data/raw/kaggle/WCLWD_Flaccidity/WCLWD_Flaccidity/f_aug_0_7193.jpeg,WCLWD_Flaccidity
/home/sivabharathi/Documents/FinalYearProject/CocoCare/ml/data/raw/kaggle/WCLWD_DryingofLeaflets/WCLWD_DryingofLeaflets/f_aug_0_824.jpeg,WCLWD_DryingofLeaflets
/home/sivabharathi/Documents/FinalYearProject/CocoCare/ml/data/raw/kaggle/WCLWD_Flaccidity/WCLWD_Flaccidity/f_aug_0_2092.jpeg,WCLWD_Flaccidity
/home/sivabharathi/Documents/FinalYearProject/CocoCare/ml/data/raw/kaggle/WCLWD_Flaccidity/WCLWD_Flaccidity/f_aug_0_4337.jpeg,WCLWD_Flaccidity
/home/sivabharathi/Documents/FinalYearProject/CocoCare/ml/data/raw/kaggle/WCLWD_Yellowing/WCLWD_Yellowing/f_aug_0_8400.jpeg,WCLWD_Yellowing
/home/sivabharathi/Documents/FinalYearProject/CocoCare/ml/data/raw/kaggle/WCLWD_Flaccidity/WCLWD_Flaccidity/f_aug_0_3909.jpeg,WCLWD_Flaccidity
/home/sivabharathi/Documents/FinalYearProject/CocoCare/ml/data/raw/kaggle/CCI_Leaflets/CCI_Leaflets/CCI_13__1_360.jpg,CCI_Leaflets
/home/sivabharathi/Documents/FinalYearProject/CocoCare/ml/data/raw/kaggle/CCI_Leaflets/CCI_Leaflets/CCI_04__1_1000.jpg,CCI_Leaflets
/home/sivabharathi/Documents/FinalYearProject/CocoCare/ml/data/raw/kaggle/CCI_Leaflets/CCI_Leaflets/CCI_05__1_500.jpg,CCI_Leaflets
/home/sivabharathi/Documents/FinalYearProject/CocoCare/ml/data/raw/kaggle/CCI_Leaflets/CCI_Leaflets/CCI_10__1_420.jpg,CCI_Leaflets
/home/sivabharathi/Documents/FinalYearProject/CocoCare/ml/data/raw/kaggle/WCLWD_Flaccidity/WCLWD_Flaccidity/f_aug_0_5362.jpeg,WCLWD_Flaccidity
/home/sivabharathi/Documents/FinalYearProject/CocoCare/ml/data/raw/kaggle/CCI_Leaflets/CCI_Leaflets/CCI_02__1_1240.jpg,CCI_Leaflets
/home/sivabharathi/Documents/FinalYearProject/CocoCare/ml/data/raw/kaggle/WCLWD_Flaccidity/WCLWD_Flaccidity/f_aug_0_702.jpeg,WCLWD_Flaccidity
/home/sivabharathi/Documents/FinalYearProject/CocoCare/ml/data/raw/kaggle/CCI_Caterpillars/CCI_Caterpillars/CCI_8_168_jpg.rf.5ff6ea466230f30a5b018d518d9f4a76.jpg,CCI_Caterpillars
/home/sivabharathi/Documents/FinalYearProject/CocoCare/ml/data/raw/kaggle/WCLWD_DryingofLeaflets/WCLWD_DryingofLeaflets/f_aug_0_7840.jpeg,WCLWD_DryingofLeaflets
/home/sivabharathi/Documents/FinalYearProject/CocoCare/ml/data/raw/kaggle/CCI_Caterpillars/CCI_Caterpillars/CCI_9_312_jpg.rf.b0271e447d857344bb386e586f18f4e8.jpg,CCI_Caterpillars
/home/sivabharathi/Documents/FinalYearProject/CocoCare/ml/data/raw/kaggle/WCLWD_Flaccidity/WCLWD_Flaccidity/f_aug_0_2987.jpeg,WCLWD_Flaccidity
/home/sivabharathi/Documents/FinalYearProject/CocoCare/ml/data/raw/kaggle/WCLWD_DryingofLeaflets/WCLWD_DryingofLeaflets/f_aug_0_7492.jpeg,WCLWD_DryingofLeaflets
/home/sivabharathi/Documents/FinalYearProject/CocoCare/ml/data/raw/kaggle/WCLWD_DryingofLeaflets/WCLWD_DryingofLeaflets/f_aug_0_8647.jpeg,WCLWD_DryingofLeaflets
/home/sivabharathi/Documents/FinalYearProject/CocoCare/ml/data/raw/kaggle/CCI_Leaflets/CCI_Leaflets/CCI_03__1_380.jpg,CCI_Leaflets
/home/sivabharathi/Documents/FinalYearProject/CocoCare/ml/data/raw/kaggle/WCLWD_Yellowing/WCLWD_Yellowing/f_aug_0_4378.jpeg,WCLWD_Yellowing
/home/sivabharathi/Documents/FinalYearProject/CocoCare/ml/data/raw/kaggle/Healthy_Leaves/Healthy_Leaves/Healthy_leaf_38.jpg,Healthy_Leaves
/home/sivabharathi/Documents/FinalYearProject/CocoCare/ml/data/raw/kaggle/CCI_Caterpillars/CCI_Caterpillars/CCI_4_40_jpg.rf.8ff848eb2e5f20f070496242d21107ae.jpg,CCI_Caterpillars
/home/sivabharathi/Documents/FinalYearProject/CocoCare/ml/data/raw/kaggle/WCLWD_Yellowing/WCLWD_Yellowing/f_aug_0_4570.jpeg,WCLWD_Yellowing
/home/sivabharathi/Documents/FinalYearProject/CocoCare/ml/data/raw/kaggle/CCI_Caterpillars/CCI_Caterpillars/CCI_9_296_jpg.rf.b7a49979216c731921513016cfdd5598.jpg,CCI_Caterpillars
/home/sivabharathi/Documents/FinalYearProject/CocoCare/ml/data/raw/kaggle/CCI_Leaflets/CCI_Leaflets/IMG_2729.JPG,CCI_Leaflets
/home/sivabharathi/Documents/FinalYearProject/CocoCare/ml/data/raw/kaggle/CCI_Leaflets/CCI_Leaflets/IMG_2711.JPG,CCI_Leaflets
/home/sivabharathi/Documents/FinalYearProject/CocoCare/ml/data/raw/kaggle/WCLWD_Yellowing/WCLWD_Yellowing/f_aug_0_4372.jpeg,WCLWD_Yellowing
/home/sivabharathi/Documents/FinalYearProject/CocoCare/ml/data/raw/kaggle/WCLWD_Yellowing/WCLWD_Yellowing/f_aug_0_3734.jpeg,WCLWD_Yellowing
/home/sivabharathi/Documents/FinalYearProject/CocoCare/ml/data/raw/kaggle/WCLWD_DryingofLeaflets/WCLWD_DryingofLeaflets/f_aug_0_7765.jpeg,WCLWD_DryingofLeaflets
/home/sivabharathi/Documents/FinalYearProject/CocoCare/ml/data/raw/kaggle/WCLWD_DryingofLeaflets/WCLWD_DryingofLeaflets/f_aug_0_3050.jpeg,WCLWD_DryingofLeaflets
/home/sivabharathi/Documents/FinalYearProject/CocoCare/ml/data/raw/kaggle/CCI_Caterpillars/CCI_Caterpillars/CCI_2_88_jpg.rf.c8aea24032dd6b9e38d575f33e286b4c.jpg,CCI_Caterpillars
/home/sivabharathi/Documents/FinalYearProject/CocoCare/ml/data/raw/kaggle/WCLWD_DryingofLeaflets/WCLWD_DryingofLeaflets/f_aug_0_2806.jpeg,WCLWD_DryingofLeaflets
/home/sivabharathi/Documents/FinalYearProject/CocoCare/ml/data/raw/kaggle/WCLWD_Yellowing/WCLWD_Yellowing/f_aug_0_8402.jpeg,WCLWD_Yellowing
/home/sivabharathi/Documents/FinalYearProject/CocoCare/ml/data/raw/kaggle/WCLWD_Yellowing/WCLWD_Yellowing/f_aug_0_8241.jpeg,WCLWD_Yellowing
/home/sivabharathi/Documents/FinalYearProject/CocoCare/ml/data/raw/kaggle/WCLWD_Flaccidity/WCLWD_Flaccidity/f_aug_0_433.jpeg,WCLWD_Flaccidity
/home/sivabharathi/Documents/FinalYearProject/CocoCare/ml/data/raw/kaggle/CCI_Leaflets/CCI_Leaflets/IMG_2696.JPG,CCI_Leaflets
/home/sivabharathi/Documents/FinalYearProject/CocoCare/ml/data/raw/kaggle/WCLWD_Flaccidity/WCLWD_Flaccidity/f_aug_0_305.jpeg,WCLWD_Flaccidity
/home/sivabharathi/Documents/FinalYearProject/CocoCare/ml/data/raw/kaggle/CCI_Caterpillars/CCI_Caterpillars/CCI_2_32_jpg.rf.3dbe2e871e007d0f202511bd7a868d82.jpg,CCI_Caterpillars
/home/sivabharathi/Documents/FinalYearProject/CocoCare/ml/data/raw/kaggle/WCLWD_Flaccidity/WCLWD_Flaccidity/f_aug_0_1702.jpeg,WCLWD_Flaccidity
/home/sivabharathi/Documents/FinalYearProject/CocoCare/ml/data/raw/kaggle/WCLWD_Yellowing/WCLWD_Yellowing/f_aug_0_7765.jpeg,WCLWD_Yellowing
/home/sivabharathi/Documents/FinalYearProject/CocoCare/ml/data/raw/kaggle/WCLWD_Yellowing/WCLWD_Yellowing/f_aug_0_601.jpeg,WCLWD_Yellowing
/home/sivabharathi/Documents/FinalYearProject/CocoCare/ml/data/raw/kaggle/WCLWD_Flaccidity/WCLWD_Flaccidity/f_aug_0_9630.jpeg,WCLWD_Flaccidity
/home/sivabharathi/Documents/FinalYearProject/CocoCare/ml/data/raw/kaggle/WCLWD_Flaccidity/WCLWD_Flaccidity/f_aug_0_2309.jpeg,WCLWD_Flaccidity
/home/sivabharathi/Documents/FinalYearProject/CocoCare/ml/data/raw/kaggle/CCI_Leaflets/CCI_Leaflets/CCI_09__1_620.jpg,CCI_Leaflets
/home/sivabharathi/Documents/FinalYearProject/CocoCare/ml/data/raw/kaggle/WCLWD_Yellowing/WCLWD_Yellowing/f_aug_0_3374.jpeg,WCLWD_Yellowing
/home/sivabharathi/Documents/FinalYearProject/CocoCare/ml/data/raw/kaggle/CCI_Caterpillars/CCI_Caterpillars/CCI_9_304_jpg.rf.b5c129383da3df2897ccf1d8d62f8007.jpg,CCI_Caterpillars
/home/sivabharathi/Documents/FinalYearProject/CocoCare/ml/data/raw/kaggle/WCLWD_Yellowing/WCLWD_Yellowing/DSC_0173.JPG,WCLWD_Yellowing
/home/sivabharathi/Documents/FinalYearProject/CocoCare/ml/data/raw/kaggle/WCLWD_Flaccidity/WCLWD_Flaccidity/f_aug_0_1397.jpeg,WCLWD_Flaccidity
/home/sivabharathi/Documents/FinalYearProject/CocoCare/ml/data/raw/kaggle/WCLWD_Yellowing/WCLWD_Yellowing/f_aug_0_6099.jpeg,WCLWD_Yellowing
/home/sivabharathi/Documents/FinalYearProject/CocoCare/ml/data/raw/kaggle/WCLWD_Yellowing/WCLWD_Yellowing/f_aug_0_8416.jpeg,WCLWD_Yellowing
/home/sivabharathi/Documents/FinalYearProject/CocoCare/ml/data/raw/kaggle/CCI_Caterpillars/CCI_Caterpillars/CCI_5_288_jpg.rf.557a99ae4e0ebeac8febfad093ec7a1e.jpg,CCI_Caterpillars
/home/sivabharathi/Documents/FinalYearProject/CocoCare/ml/data/raw/kaggle/WCLWD_DryingofLeaflets/WCLWD_DryingofLeaflets/f_aug_0_9389.jpeg,WCLWD_DryingofLeaflets
/home/sivabharathi/Documents/FinalYearProject/CocoCare/ml/data/raw/kaggle/WCLWD_Yellowing/WCLWD_Yellowing/f_aug_0_1689.jpeg,WCLWD_Yellowing
/home/sivabharathi/Documents/FinalYearProject/CocoCare/ml/data/raw/kaggle/WCLWD_Flaccidity/WCLWD_Flaccidity/f_aug_0_1384.jpeg,WCLWD_Flaccidity
/home/sivabharathi/Documents/FinalYearProject/CocoCare/ml/data/raw/kaggle/WCLWD_DryingofLeaflets/WCLWD_DryingofLeaflets/f_aug_0_8162.jpeg,WCLWD_DryingofLeaflets
/home/sivabharathi/Documents/FinalYearProject/CocoCare/ml/data/raw/kaggle/WCLWD_DryingofLeaflets/WCLWD_DryingofLeaflets/f_aug_0_4311.jpeg,WCLWD_DryingofLeaflets
/home/sivabharathi/Documents/FinalYearProject/CocoCare/ml/data/raw/kaggle/WCLWD_DryingofLeaflets/WCLWD_DryingofLeaflets/f_aug_0_2281.jpeg,WCLWD_DryingofLeaflets
/home/sivabharathi/Documents/FinalYearProject/CocoCare/ml/data/raw/kaggle/WCLWD_Flaccidity/WCLWD_Flaccidity/f_aug_0_1338.jpeg,WCLWD_Flaccidity
/home/sivabharathi/Documents/FinalYearProject/CocoCare/ml/data/raw/kaggle/WCLWD_DryingofLeaflets/WCLWD_DryingofLeaflets/f_aug_0_7063.jpeg,WCLWD_DryingofLeaflets
/home/sivabharathi/Documents/FinalYearProject/CocoCare/ml/data/raw/kaggle/WCLWD_Flaccidity/WCLWD_Flaccidity/f_aug_0_8124.jpeg,WCLWD_Flaccidity
/home/sivabharathi/Documents/FinalYearProject/CocoCare/ml/data/raw/kaggle/WCLWD_DryingofLeaflets/WCLWD_DryingofLeaflets/f_aug_0_2156.jpeg,WCLWD_DryingofLeaflets
/home/sivabharathi/Documents/FinalYearProject/CocoCare/ml/data/raw/kaggle/CCI_Caterpillars/CCI_Caterpillars/CCI_2_135_jpg.rf.8382b313fa9c2e6b5f661f29aa8682af.jpg,CCI_Caterpillars
/home/sivabharathi/Documents/FinalYearProject/CocoCare/ml/data/raw/kaggle/WCLWD_DryingofLeaflets/WCLWD_DryingofLeaflets/f_aug_0_9019.jpeg,WCLWD_DryingofLeaflets
/home/sivabharathi/Documents/FinalYearProject/CocoCare/ml/data/raw/kaggle/Healthy_Leaves/Healthy_Leaves/Healthy_leaf_24.jpg,Healthy_Leaves
/home/sivabharathi/Documents/FinalYearProject/CocoCare/ml/data/raw/kaggle/CCI_Leaflets/CCI_Leaflets/CCI_11__1_800.jpg,CCI_Leaflets
/home/sivabharathi/Documents/FinalYearProject/CocoCare/ml/data/raw/kaggle/CCI_Leaflets/CCI_Leaflets/IMG_2820.JPG,CCI_Leaflets
/home/sivabharathi/Documents/FinalYearProject/CocoCare/ml/data/raw/kaggle/WCLWD_Flaccidity/WCLWD_Flaccidity/f_aug_0_89.jpeg,WCLWD_Flaccidity
/home/sivabharathi/Documents/FinalYearProject/CocoCare/ml/data/raw/kaggle/CCI_Leaflets/CCI_Leaflets/CCI_09__1_80.jpg,CCI_Leaflets
/home/sivabharathi/Documents/FinalYearProject/CocoCare/ml/data/raw/kaggle/CCI_Caterpillars/CCI_Caterpillars/CCI_9_224_jpg.rf.1ba9e657ad17e6de96827fa15513b602.jpg,CCI_Caterpillars
/home/sivabharathi/Documents/FinalYearProject/CocoCare/ml/data/raw/kaggle/WCLWD_DryingofLeaflets/WCLWD_DryingofLeaflets/f_aug_0_5552.jpeg,WCLWD_DryingofLeaflets
/home/sivabharathi/Documents/FinalYearProject/CocoCare/ml/data/raw/kaggle/WCLWD_Flaccidity/WCLWD_Flaccidity/f_aug_0_2632.jpeg,WCLWD_Flaccidity
/home/sivabharathi/Documents/FinalYearProject/CocoCare/ml/data/raw/kaggle/WCLWD_DryingofLeaflets/WCLWD_DryingofLeaflets/f_aug_0_3814.jpeg,WCLWD_DryingofLeaflets
/home/sivabharathi/Documents/FinalYearProject/CocoCare/ml/data/raw/kaggle/WCLWD_Flaccidity/WCLWD_Flaccidity/f_aug_0_1790.jpeg,WCLWD_Flaccidity
/home/sivabharathi/Documents/FinalYearProject/CocoCare/ml/data/raw/kaggle/CCI_Caterpillars/CCI_Caterpillars/CCI_3_25_jpg.rf.34516006b2d986058f3ebf3301842a14.jpg,CCI_Caterpillars
/home/sivabharathi/Documents/FinalYearProject/CocoCare/ml/data/raw/kaggle/CCI_Caterpillars/CCI_Caterpillars/CCI_2_64_jpg.rf.857ace4411f366dd1635913890fd51c9.jpg,CCI_Caterpillars
/home/sivabharathi/Documents/FinalYearProject/CocoCare/ml/data/raw/kaggle/CCI_Leaflets/CCI_Leaflets/CCI_15__1_420.jpg,CCI_Leaflets
/home/sivabharathi/Documents/FinalYearProject/CocoCare/ml/data/raw/kaggle/WCLWD_DryingofLeaflets/WCLWD_DryingofLeaflets/f_aug_0_295.jpeg,WCLWD_DryingofLeaflets
/home/sivabharathi/Documents/FinalYearProject/CocoCare/ml/data/raw/kaggle/CCI_Leaflets/CCI_Leaflets/CCI_01__1_820.jpg,CCI_Leaflets
/home/sivabharathi/Documents/FinalYearProject/CocoCare/ml/data/raw/kaggle/WCLWD_Flaccidity/WCLWD_Flaccidity/f_aug_0_9453.jpeg,WCLWD_Flaccidity
/home/sivabharathi/Documents/FinalYearProject/CocoCare/ml/data/raw/kaggle/WCLWD_Yellowing/WCLWD_Yellowing/f_aug_0_8048.jpeg,WCLWD_Yellowing
/home/sivabharathi/Documents/FinalYearProject/CocoCare/ml/data/raw/kaggle/WCLWD_DryingofLeaflets/WCLWD_DryingofLeaflets/f_aug_0_3933.jpeg,WCLWD_DryingofLeaflets
/home/sivabharathi/Documents/FinalYearProject/CocoCare/ml/data/raw/kaggle/CCI_Leaflets/CCI_Leaflets/CCI_16__1_60.jpg,CCI_Leaflets
/home/sivabharathi/Documents/FinalYearProject/CocoCare/ml/data/raw/kaggle/WCLWD_DryingofLeaflets/WCLWD_DryingofLeaflets/f_aug_0_1229.jpeg,WCLWD_DryingofLeaflets
/home/sivabharathi/Documents/FinalYearProject/CocoCare/ml/data/raw/kaggle/WCLWD_DryingofLeaflets/WCLWD_DryingofLeaflets/f_aug_0_6461.jpeg,WCLWD_DryingofLeaflets
/home/sivabharathi/Documents/FinalYearProject/CocoCare/ml/data/raw/kaggle/WCLWD_Yellowing/WCLWD_Yellowing/f_aug_0_6564.jpeg,WCLWD_Yellowing
/home/sivabharathi/Documents/FinalYearProject/CocoCare/ml/data/raw/kaggle/WCLWD_DryingofLeaflets/WCLWD_DryingofLeaflets/f_aug_0_8466.jpeg,WCLWD_DryingofLeaflets
/home/sivabharathi/Documents/FinalYearProject/CocoCare/ml/data/raw/kaggle/CCI_Leaflets/CCI_Leaflets/CCI_10__1_500.jpg,CCI_Leaflets
/home/sivabharathi/Documents/FinalYearProject/CocoCare/ml/data/raw/kaggle/WCLWD_Yellowing/WCLWD_Yellowing/f_aug_0_7305.jpeg,WCLWD_Yellowing
/home/sivabharathi/Documents/FinalYearProject/CocoCare/ml/data/raw/kaggle/WCLWD_Flaccidity/WCLWD_Flaccidity/f_aug_0_2347.jpeg,WCLWD_Flaccidity
/home/sivabharathi/Documents/FinalYearProject/CocoCare/ml/data/raw/kaggle/CCI_Caterpillars/CCI_Caterpillars/CCI_3_140_jpg.rf.48774d17ed42c37bb0096eb5d8202c56.jpg,CCI_Caterpillars
/home/sivabharathi/Documents/FinalYearProject/CocoCare/ml/data/raw/kaggle/WCLWD_Flaccidity/WCLWD_Flaccidity/f_aug_0_6136.jpeg,WCLWD_Flaccidity
/home/sivabharathi/Documents/FinalYearProject/CocoCare/ml/data/raw/kaggle/WCLWD_Yellowing/WCLWD_Yellowing/f_aug_0_8508.jpeg,WCLWD_Yellowing
/home/sivabharathi/Documents/FinalYearProject/CocoCare/ml/data/raw/kaggle/CCI_Leaflets/CCI_Leaflets/CCI_07__1_600.jpg,CCI_Leaflets
/home/sivabharathi/Documents/FinalYearProject/CocoCare/ml/data/raw/kaggle/WCLWD_Yellowing/WCLWD_Yellowing/f_aug_0_6527.jpeg,WCLWD_Yellowing
/home/sivabharathi/Documents/FinalYearProject/CocoCare/ml/data/raw/kaggle/CCI_Leaflets/CCI_Leaflets/CCI_10__1_560.jpg,CCI_Leaflets
/home/sivabharathi/Documents/FinalYearProject/CocoCare/ml/data/raw/kaggle/WCLWD_Yellowing/WCLWD_Yellowing/f_aug_0_4336.jpeg,WCLWD_Yellowing
/home/sivabharathi/Documents/FinalYearProject/CocoCare/ml/data/raw/kaggle/WCLWD_Flaccidity/WCLWD_Flaccidity/f_aug_0_6096.jpeg,WCLWD_Flaccidity
/home/sivabharathi/Documents/FinalYearProject/CocoCare/ml/data/raw/kaggle/WCLWD_Yellowing/WCLWD_Yellowing/f_aug_0_7698.jpeg,WCLWD_Yellowing
/home/sivabharathi/Documents/FinalYearProject/CocoCare/ml/data/raw/kaggle/WCLWD_Flaccidity/WCLWD_Flaccidity/f_aug_0_5765.jpeg,WCLWD_Flaccidity
/home/sivabharathi/Documents/FinalYearProject/CocoCare/ml/data/raw/kaggle/WCLWD_Flaccidity/WCLWD_Flaccidity/f_aug_0_6036.jpeg,WCLWD_Flaccidity
/home/sivabharathi/Documents/FinalYearProject/CocoCare/ml/data/raw/kaggle/CCI_Leaflets/CCI_Leaflets/CCI_07__1_820.jpg,CCI_Leaflets
/home/sivabharathi/Documents/FinalYearProject/CocoCare/ml/data/raw/kaggle/CCI_Caterpillars/CCI_Caterpillars/CCI_2_250_jpg.rf.5d3fc2fb3a3ea516bff0c4092f79b53b.jpg,CCI_Caterpillars
/home/sivabharathi/Documents/FinalYearProject/CocoCare/ml/data/raw/kaggle/CCI_Leaflets/CCI_Leaflets/CCI_15__1_1020.jpg,CCI_Leaflets
/home/sivabharathi/Documents/FinalYearProject/CocoCare/ml/data/raw/kaggle/WCLWD_Yellowing/WCLWD_Yellowing/f_aug_0_2312.jpeg,WCLWD_Yellowing
/home/sivabharathi/Documents/FinalYearProject/CocoCare/ml/data/raw/kaggle/WCLWD_Yellowing/WCLWD_Yellowing/f_aug_0_2085.jpeg,WCLWD_Yellowing
/home/sivabharathi/Documents/FinalYearProject/CocoCare/ml/data/raw/kaggle/Healthy_Leaves/Healthy_Leaves/Healthy_leaf_109.jpg,Healthy_Leaves
/home/sivabharathi/Documents/FinalYearProject/CocoCare/ml/data/raw/kaggle/WCLWD_Flaccidity/WCLWD_Flaccidity/f_aug_0_3502.jpeg,WCLWD_Flaccidity
/home/sivabharathi/Documents/FinalYearProject/CocoCare/ml/data/raw/kaggle/WCLWD_DryingofLeaflets/WCLWD_DryingofLeaflets/f_aug_0_667.jpeg,WCLWD_DryingofLeaflets
/home/sivabharathi/Documents/FinalYearProject/CocoCare/ml/data/raw/kaggle/WCLWD_Flaccidity/WCLWD_Flaccidity/f_aug_0_3252.jpeg,WCLWD_Flaccidity
/home/sivabharathi/Documents/FinalYearProject/CocoCare/ml/data/raw/kaggle/CCI_Caterpillars/CCI_Caterpillars/CCI_2_30_jpg.rf.d9329aee7d01a730c6f5635cbc141830.jpg,CCI_Caterpillars
/home/sivabharathi/Documents/FinalYearProject/CocoCare/ml/data/raw/kaggle/CCI_Leaflets/CCI_Leaflets/CCI_02__1_100.jpg,CCI_Leaflets
/home/sivabharathi/Documents/FinalYearProject/CocoCare/ml/data/raw/kaggle/WCLWD_Yellowing/WCLWD_Yellowing/f_aug_0_1266.jpeg,WCLWD_Yellowing
/home/sivabharathi/Documents/FinalYearProject/CocoCare/ml/data/raw/kaggle/CCI_Leaflets/CCI_Leaflets/CCI_13__1_160.jpg,CCI_Leaflets
/home/sivabharathi/Documents/FinalYearProject/CocoCare/ml/data/raw/kaggle/WCLWD_Yellowing/WCLWD_Yellowing/f_aug_0_3578.jpeg,WCLWD_Yellowing
/home/sivabharathi/Documents/FinalYearProject/CocoCare/ml/data/raw/kaggle/WCLWD_Flaccidity/WCLWD_Flaccidity/f_aug_0_3239.jpeg,WCLWD_Flaccidity
/home/sivabharathi/Documents/FinalYearProject/CocoCare/ml/data/raw/kaggle/WCLWD_Yellowing/WCLWD_Yellowing/f_aug_0_1099.jpeg,WCLWD_Yellowing
/home/sivabharathi/Documents/FinalYearProject/CocoCare/ml/data/raw/kaggle/WCLWD_DryingofLeaflets/WCLWD_DryingofLeaflets/f_aug_0_4887.jpeg,WCLWD_DryingofLeaflets
/home/sivabharathi/Documents/FinalYearProject/CocoCare/ml/data/raw/kaggle/CCI_Caterpillars/CCI_Caterpillars/CCI_2_272_jpg.rf.027dc874ac98bd8766248798dcbd832a.jpg,CCI_Caterpillars
/home/sivabharathi/Documents/FinalYearProject/CocoCare/ml/data/raw/kaggle/WCLWD_Yellowing/WCLWD_Yellowing/f_aug_0_2962.jpeg,WCLWD_Yellowing
/home/sivabharathi/Documents/FinalYearProject/CocoCare/ml/data/raw/kaggle/WCLWD_Flaccidity/WCLWD_Flaccidity/f_aug_0_8373.jpeg,WCLWD_Flaccidity
/home/sivabharathi/Documents/FinalYearProject/CocoCare/ml/data/raw/kaggle/WCLWD_Yellowing/WCLWD_Yellowing/f_aug_0_3764.jpeg,WCLWD_Yellowing
/home/sivabharathi/Documents/FinalYearProject/CocoCare/ml/data/raw/kaggle/CCI_Leaflets/CCI_Leaflets/IMG_2823.JPG,CCI_Leaflets
/home/sivabharathi/Documents/FinalYearProject/CocoCare/ml/data/raw/kaggle/WCLWD_Yellowing/WCLWD_Yellowing/f_aug_0_6892.jpeg,WCLWD_Yellowing
/home/sivabharathi/Documents/FinalYearProject/CocoCare/ml/data/raw/kaggle/WCLWD_DryingofLeaflets/WCLWD_DryingofLeaflets/f_aug_0_5514.jpeg,WCLWD_DryingofLeaflets
/home/sivabharathi/Documents/FinalYearProject/CocoCare/ml/data/raw/kaggle/WCLWD_DryingofLeaflets/WCLWD_DryingofLeaflets/f_aug_0_6596.jpeg,WCLWD_DryingofLeaflets
/home/sivabharathi/Documents/FinalYearProject/CocoCare/ml/data/raw/kaggle/WCLWD_Yellowing/WCLWD_Yellowing/f_aug_0_4701.jpeg,WCLWD_Yellowing
/home/sivabharathi/Documents/FinalYearProject/CocoCare/ml/data/raw/kaggle/CCI_Caterpillars/CCI_Caterpillars/CCI_10_88_jpg.rf.cd32af5978327141597e5026e7af81db.jpg,CCI_Caterpillars
/home/sivabharathi/Documents/FinalYearProject/CocoCare/ml/data/raw/kaggle/CCI_Leaflets/CCI_Leaflets/CCI_02__1_1120.jpg,CCI_Leaflets
/home/sivabharathi/Documents/FinalYearProject/CocoCare/ml/data/raw/kaggle/CCI_Caterpillars/CCI_Caterpillars/CCI_9_88_jpg.rf.eb3bc3262c266ab05619b823e1759f90.jpg,CCI_Caterpillars
/home/sivabharathi/Documents/FinalYearProject/CocoCare/ml/data/raw/kaggle/WCLWD_DryingofLeaflets/WCLWD_DryingofLeaflets/f_aug_0_6591.jpeg,WCLWD_DryingofLeaflets
/home/sivabharathi/Documents/FinalYearProject/CocoCare/ml/data/raw/kaggle/CCI_Leaflets/CCI_Leaflets/IMG_2596.JPG,CCI_Leaflets
/home/sivabharathi/Documents/FinalYearProject/CocoCare/ml/data/raw/kaggle/WCLWD_Yellowing/WCLWD_Yellowing/f_aug_0_2463.jpeg,WCLWD_Yellowing
/home/sivabharathi/Documents/FinalYearProject/CocoCare/ml/data/raw/kaggle/WCLWD_Flaccidity/WCLWD_Flaccidity/f_aug_0_7956.jpeg,WCLWD_Flaccidity
/home/sivabharathi/Documents/FinalYearProject/CocoCare/ml/data/raw/kaggle/WCLWD_Yellowing/WCLWD_Yellowing/f_aug_0_1594.jpeg,WCLWD_Yellowing
/home/sivabharathi/Documents/FinalYearProject/CocoCare/ml/data/raw/kaggle/CCI_Caterpillars/CCI_Caterpillars/CCI_6_72_jpg.rf.86699379bdad52da5e19104dec71da14.jpg,CCI_Caterpillars
/home/sivabharathi/Documents/FinalYearProject/CocoCare/ml/data/raw/kaggle/WCLWD_Flaccidity/WCLWD_Flaccidity/f_aug_0_5091.jpeg,WCLWD_Flaccidity
/home/sivabharathi/Documents/FinalYearProject/CocoCare/ml/data/raw/kaggle/CCI_Leaflets/CCI_Leaflets/IMG_2638.JPG,CCI_Leaflets
/home/sivabharathi/Documents/FinalYearProject/CocoCare/ml/data/raw/kaggle/WCLWD_Flaccidity/WCLWD_Flaccidity/f_aug_0_821.jpeg,WCLWD_Flaccidity
/home/sivabharathi/Documents/FinalYearProject/CocoCare/ml/data/raw/kaggle/CCI_Leaflets/CCI_Leaflets/CCI_17__1_240.jpg,CCI_Leaflets
/home/sivabharathi/Documents/FinalYearProject/CocoCare/ml/data/raw/kaggle/WCLWD_Flaccidity/WCLWD_Flaccidity/f_aug_0_6432.jpeg,WCLWD_Flaccidity
/home/sivabharathi/Documents/FinalYearProject/CocoCare/ml/data/raw/kaggle/WCLWD_Flaccidity/WCLWD_Flaccidity/f_aug_0_3059.jpeg,WCLWD_Flaccidity
/home/sivabharathi/Documents/FinalYearProject/CocoCare/ml/data/raw/kaggle/CCI_Leaflets/CCI_Leaflets/CCI_12__1_1120.jpg,CCI_Leaflets
/home/sivabharathi/Documents/FinalYearProject/CocoCare/ml/data/raw/kaggle/WCLWD_Yellowing/WCLWD_Yellowing/f_aug_0_9432.jpeg,WCLWD_Yellowing
/home/sivabharathi/Documents/FinalYearProject/CocoCare/ml/data/raw/kaggle/WCLWD_DryingofLeaflets/WCLWD_DryingofLeaflets/f_aug_0_5259.jpeg,WCLWD_DryingofLeaflets
/home/sivabharathi/Documents/FinalYearProject/CocoCare/ml/data/raw/kaggle/WCLWD_DryingofLeaflets/WCLWD_DryingofLeaflets/f_aug_0_3157.jpeg,WCLWD_DryingofLeaflets
/home/sivabharathi/Documents/FinalYearProject/CocoCare/ml/data/raw/kaggle/WCLWD_DryingofLeaflets/WCLWD_DryingofLeaflets/f_aug_0_2137.jpeg,WCLWD_DryingofLeaflets
/home/sivabharathi/Documents/FinalYearProject/CocoCare/ml/data/raw/kaggle/WCLWD_Flaccidity/WCLWD_Flaccidity/f_aug_0_3378.jpeg,WCLWD_Flaccidity
/home/sivabharathi/Documents/FinalYearProject/CocoCare/ml/data/raw/kaggle/CCI_Caterpillars/CCI_Caterpillars/CCI_3_150_jpg.rf.b3586e22a501ddb1be6783aa0d59e75e.jpg,CCI_Caterpillars
/home/sivabharathi/Documents/FinalYearProject/CocoCare/ml/data/raw/kaggle/WCLWD_Yellowing/WCLWD_Yellowing/f_aug_0_6415.jpeg,WCLWD_Yellowing
/home/sivabharathi/Documents/FinalYearProject/CocoCare/ml/data/raw/kaggle/CCI_Caterpillars/CCI_Caterpillars/CCI_11_320_jpg.rf.a1fde414a8ecb4b4b327424541864759.jpg,CCI_Caterpillars
/home/sivabharathi/Documents/FinalYearProject/CocoCare/ml/data/raw/kaggle/CCI_Caterpillars/CCI_Caterpillars/CCI_9_232_jpg.rf.24d629f1fdba4797204361efe2a661ec.jpg,CCI_Caterpillars
/home/sivabharathi/Documents/FinalYearProject/CocoCare/ml/data/raw/kaggle/CCI_Leaflets/CCI_Leaflets/IMG_2603.JPG,CCI_Leaflets
/home/sivabharathi/Documents/FinalYearProject/CocoCare/ml/data/raw/kaggle/CCI_Caterpillars/CCI_Caterpillars/CCI_8_88_jpg.rf.41d93bfd154f96c1e9f3fe1ac5a94e78.jpg,CCI_Caterpillars
/home/sivabharathi/Documents/FinalYearProject/CocoCare/ml/data/raw/kaggle/WCLWD_Flaccidity/WCLWD_Flaccidity/f_aug_0_5202.jpeg,WCLWD_Flaccidity
/home/sivabharathi/Documents/FinalYearProject/CocoCare/ml/data/raw/kaggle/WCLWD_Flaccidity/WCLWD_Flaccidity/f_aug_0_2539.jpeg,WCLWD_Flaccidity
/home/sivabharathi/Documents/FinalYearProject/CocoCare/ml/data/raw/kaggle/WCLWD_Yellowing/WCLWD_Yellowing/f_aug_0_6515.jpeg,WCLWD_Yellowing
/home/sivabharathi/Documents/FinalYearProject/CocoCare/ml/data/raw/kaggle/WCLWD_Yellowing/WCLWD_Yellowing/f_aug_0_4002.jpeg,WCLWD_Yellowing
/home/sivabharathi/Documents/FinalYearProject/CocoCare/ml/data/raw/kaggle/CCI_Leaflets/CCI_Leaflets/IMG_2713.JPG,CCI_Leaflets
/home/sivabharathi/Documents/FinalYearProject/CocoCare/ml/data/raw/kaggle/CCI_Leaflets/CCI_Leaflets/CCI_07__1_800.jpg,CCI_Leaflets
/home/sivabharathi/Documents/FinalYearProject/CocoCare/ml/data/raw/kaggle/CCI_Caterpillars/CCI_Caterpillars/CCI_9_176_jpg.rf.6a3770c0868b48fcc3df069480d8ac86.jpg,CCI_Caterpillars
/home/sivabharathi/Documents/FinalYearProject/CocoCare/ml/data/raw/kaggle/WCLWD_Flaccidity/WCLWD_Flaccidity/f_aug_0_9564.jpeg,WCLWD_Flaccidity
/home/sivabharathi/Documents/FinalYearProject/CocoCare/ml/data/raw/kaggle/CCI_Caterpillars/CCI_Caterpillars/CCI_11_224_jpg.rf.888b77705a6cf4832dd93e61d406dde5.jpg,CCI_Caterpillars
/home/sivabharathi/Documents/FinalYearProject/CocoCare/ml/data/raw/kaggle/CCI_Leaflets/CCI_Leaflets/CCI_13__1_880.jpg,CCI_Leaflets
/home/sivabharathi/Documents/FinalYearProject/CocoCare/ml/data/raw/kaggle/CCI_Caterpillars/CCI_Caterpillars/CCI_11_320_jpg.rf.d5edc42f4e56ad54319e8b8f11d5955d.jpg,CCI_Caterpillars
/home/sivabharathi/Documents/FinalYearProject/CocoCare/ml/data/raw/kaggle/CCI_Leaflets/CCI_Leaflets/IMG_2634.JPG,CCI_Leaflets
/home/sivabharathi/Documents/FinalYearProject/CocoCare/ml/data/raw/kaggle/CCI_Leaflets/CCI_Leaflets/CCI_01__1_180.jpg,CCI_Leaflets
/home/sivabharathi/Documents/FinalYearProject/CocoCare/ml/data/raw/kaggle/CCI_Caterpillars/CCI_Caterpillars/CCI_11_384_jpg.rf.baacbf4fcb41460cd68a6d4e66f8b476.jpg,CCI_Caterpillars
/home/sivabharathi/Documents/FinalYearProject/CocoCare/ml/data/raw/kaggle/WCLWD_DryingofLeaflets/WCLWD_DryingofLeaflets/f_aug_0_7955.jpeg,WCLWD_DryingofLeaflets
/home/sivabharathi/Documents/FinalYearProject/CocoCare/ml/data/raw/kaggle/WCLWD_Yellowing/WCLWD_Yellowing/f_aug_0_3400.jpeg,WCLWD_Yellowing
/home/sivabharathi/Documents/FinalYearProject/CocoCare/ml/data/raw/kaggle/WCLWD_Yellowing/WCLWD_Yellowing/f_aug_0_9395.jpeg,WCLWD_Yellowing
/home/sivabharathi/Documents/FinalYearProject/CocoCare/ml/data/raw/kaggle/WCLWD_Flaccidity/WCLWD_Flaccidity/f_aug_0_8895.jpeg,WCLWD_Flaccidity
/home/sivabharathi/Documents/FinalYearProject/CocoCare/ml/data/raw/kaggle/WCLWD_Yellowing/WCLWD_Yellowing/f_aug_0_8108.jpeg,WCLWD_Yellowing
/home/sivabharathi/Documents/FinalYearProject/CocoCare/ml/data/raw/kaggle/WCLWD_Yellowing/WCLWD_Yellowing/f_aug_0_4316.jpeg,WCLWD_Yellowing
/home/sivabharathi/Documents/FinalYearProject/CocoCare/ml/data/raw/kaggle/CCI_Caterpillars/CCI_Caterpillars/CCI_12_288_jpg.rf.33d13af33a6f6d1c16a9d695eba8eb17.jpg,CCI_Caterpillars
/home/sivabharathi/Documents/FinalYearProject/CocoCare/ml/data/raw/kaggle/CCI_Caterpillars/CCI_Caterpillars/CCI_4_40_jpg.rf.6dbb0efffebced2c3d1a91d1e40bc236.jpg,CCI_Caterpillars
/home/sivabharathi/Documents/FinalYearProject/CocoCare/ml/data/raw/kaggle/WCLWD_Yellowing/WCLWD_Yellowing/f_aug_0_7156.jpeg,WCLWD_Yellowing
/home/sivabharathi/Documents/FinalYearProject/CocoCare/ml/data/raw/kaggle/WCLWD_Flaccidity/WCLWD_Flaccidity/f_aug_0_5106.jpeg,WCLWD_Flaccidity
/home/sivabharathi/Documents/FinalYearProject/CocoCare/ml/data/raw/kaggle/CCI_Leaflets/CCI_Leaflets/IMG_2555.JPG,CCI_Leaflets
/home/sivabharathi/Documents/FinalYearProject/CocoCare/ml/data/raw/kaggle/WCLWD_Flaccidity/WCLWD_Flaccidity/f_aug_0_2246.jpeg,WCLWD_Flaccidity
/home/sivabharathi/Documents/FinalYearProject/CocoCare/ml/data/raw/kaggle/CCI_Caterpillars/CCI_Caterpillars/CCI_1_534_jpg.rf.c9b33c33e404f9ec93bbcca820e79528.jpg,CCI_Caterpillars
/home/sivabharathi/Documents/FinalYearProject/CocoCare/ml/data/raw/kaggle/CCI_Caterpillars/CCI_Caterpillars/CCI_5_264_jpg.rf.ff5851b020bed179a78e9f3f87d6085e.jpg,CCI_Caterpillars
/home/sivabharathi/Documents/FinalYearProject/CocoCare/ml/data/raw/kaggle/WCLWD_Flaccidity/WCLWD_Flaccidity/f_aug_0_9788.jpeg,WCLWD_Flaccidity
/home/sivabharathi/Documents/FinalYearProject/CocoCare/ml/data/raw/kaggle/CCI_Caterpillars/CCI_Caterpillars/CCI_8_96_jpg.rf.eb5e21140a1579e10e6cf146dfbce5df.jpg,CCI_Caterpillars
/home/sivabharathi/Documents/FinalYearProject/CocoCare/ml/data/raw/kaggle/WCLWD_DryingofLeaflets/WCLWD_DryingofLeaflets/f_aug_0_5859.jpeg,WCLWD_DryingofLeaflets
/home/sivabharathi/Documents/FinalYearProject/CocoCare/ml/data/raw/kaggle/WCLWD_Flaccidity/WCLWD_Flaccidity/f_aug_0_8231.jpeg,WCLWD_Flaccidity
/home/sivabharathi/Documents/FinalYearProject/CocoCare/ml/data/raw/kaggle/WCLWD_DryingofLeaflets/WCLWD_DryingofLeaflets/f_aug_0_389.jpeg,WCLWD_DryingofLeaflets
/home/sivabharathi/Documents/FinalYearProject/CocoCare/ml/data/raw/kaggle/CCI_Leaflets/CCI_Leaflets/IMG_2694.JPG,CCI_Leaflets
/home/sivabharathi/Documents/FinalYearProject/CocoCare/ml/data/raw/kaggle/WCLWD_Flaccidity/WCLWD_Flaccidity/f_aug_0_9872.jpeg,WCLWD_Flaccidity
/home/sivabharathi/Documents/FinalYearProject/CocoCare/ml/data/raw/kaggle/WCLWD_DryingofLeaflets/WCLWD_DryingofLeaflets/f_aug_0_2068.jpeg,WCLWD_DryingofLeaflets
/home/sivabharathi/Documents/FinalYearProject/CocoCare/ml/data/raw/kaggle/CCI_Leaflets/CCI_Leaflets/CCI_02__1_340.jpg,CCI_Leaflets
/home/sivabharathi/Documents/FinalYearProject/CocoCare/ml/data/raw/kaggle/WCLWD_Yellowing/WCLWD_Yellowing/f_aug_0_1280.jpeg,WCLWD_Yellowing
/home/sivabharathi/Documents/FinalYearProject/CocoCare/ml/data/raw/kaggle/WCLWD_Flaccidity/WCLWD_Flaccidity/f_aug_0_5189.jpeg,WCLWD_Flaccidity
/home/sivabharathi/Documents/FinalYearProject/CocoCare/ml/data/raw/kaggle/WCLWD_Yellowing/WCLWD_Yellowing/f_aug_0_2877.jpeg,WCLWD_Yellowing
/home/sivabharathi/Documents/FinalYearProject/CocoCare/ml/data/raw/kaggle/WCLWD_Yellowing/WCLWD_Yellowing/f_aug_0_5994.jpeg,WCLWD_Yellowing
/home/sivabharathi/Documents/FinalYearProject/CocoCare/ml/data/raw/kaggle/WCLWD_Flaccidity/WCLWD_Flaccidity/f_aug_0_8484.jpeg,WCLWD_Flaccidity
/home/sivabharathi/Documents/FinalYearProject/CocoCare/ml/data/raw/kaggle/WCLWD_DryingofLeaflets/WCLWD_DryingofLeaflets/f_aug_0_8173.jpeg,WCLWD_DryingofLeaflets
/home/sivabharathi/Documents/FinalYearProject/CocoCare/ml/data/raw/kaggle/WCLWD_Yellowing/WCLWD_Yellowing/f_aug_0_6652.jpeg,WCLWD_Yellowing
/home/sivabharathi/Documents/FinalYearProject/CocoCare/ml/data/raw/kaggle/WCLWD_Flaccidity/WCLWD_Flaccidity/f_aug_0_7061.jpeg,WCLWD_Flaccidity
/home/sivabharathi/Documents/FinalYearProject/CocoCare/ml/data/raw/kaggle/WCLWD_DryingofLeaflets/WCLWD_DryingofLeaflets/f_aug_0_9746.jpeg,WCLWD_DryingofLeaflets
/home/sivabharathi/Documents/FinalYearProject/CocoCare/ml/data/raw/kaggle/WCLWD_Yellowing/WCLWD_Yellowing/f_aug_0_2189.jpeg,WCLWD_Yellowing
/home/sivabharathi/Documents/FinalYearProject/CocoCare/ml/data/raw/kaggle/WCLWD_DryingofLeaflets/WCLWD_DryingofLeaflets/f_aug_0_5489.jpeg,WCLWD_DryingofLeaflets
/home/sivabharathi/Documents/FinalYearProject/CocoCare/ml/data/raw/kaggle/CCI_Caterpillars/CCI_Caterpillars/CCI_9_80_jpg.rf.36afb7941d039a2cfd249b5c218e9be6.jpg,CCI_Caterpillars
/home/sivabharathi/Documents/FinalYearProject/CocoCare/ml/data/raw/kaggle/WCLWD_DryingofLeaflets/WCLWD_DryingofLeaflets/f_aug_0_3774.jpeg,WCLWD_DryingofLeaflets
/home/sivabharathi/Documents/FinalYearProject/CocoCare/ml/data/raw/kaggle/WCLWD_DryingofLeaflets/WCLWD_DryingofLeaflets/f_aug_0_2523.jpeg,WCLWD_DryingofLeaflets
/home/sivabharathi/Documents/FinalYearProject/CocoCare/ml/data/raw/kaggle/CCI_Caterpillars/CCI_Caterpillars/CCI_10_64_jpg.rf.72ee32f9912cf88db34b5f4ce926de04.jpg,CCI_Caterpillars
/home/sivabharathi/Documents/FinalYearProject/CocoCare/ml/data/raw/kaggle/CCI_Leaflets/CCI_Leaflets/CCI_12__1_700.jpg,CCI_Leaflets
/home/sivabharathi/Documents/FinalYearProject/CocoCare/ml/data/raw/kaggle/WCLWD_DryingofLeaflets/WCLWD_DryingofLeaflets/f_aug_0_3327.jpeg,WCLWD_DryingofLeaflets
/home/sivabharathi/Documents/FinalYearProject/CocoCare/ml/data/raw/kaggle/WCLWD_Yellowing/WCLWD_Yellowing/f_aug_0_5294.jpeg,WCLWD_Yellowing
/home/sivabharathi/Documents/FinalYearProject/CocoCare/ml/data/raw/kaggle/CCI_Caterpillars/CCI_Caterpillars/CCI_8_72_jpg.rf.24e94001ee7baed02ddd86246fc0659d.jpg,CCI_Caterpillars
/home/sivabharathi/Documents/FinalYearProject/CocoCare/ml/data/raw/kaggle/WCLWD_DryingofLeaflets/WCLWD_DryingofLeaflets/f_aug_0_8755.jpeg,WCLWD_DryingofLeaflets
/home/sivabharathi/Documents/FinalYearProject/CocoCare/ml/data/raw/kaggle/WCLWD_Yellowing/WCLWD_Yellowing/f_aug_0_9482.jpeg,WCLWD_Yellowing
/home/sivabharathi/Documents/FinalYearProject/CocoCare/ml/data/raw/kaggle/WCLWD_Yellowing/WCLWD_Yellowing/f_aug_0_4667.jpeg,WCLWD_Yellowing
/home/sivabharathi/Documents/FinalYearProject/CocoCare/ml/data/raw/kaggle/WCLWD_Flaccidity/WCLWD_Flaccidity/f_aug_0_1887.jpeg,WCLWD_Flaccidity
/home/sivabharathi/Documents/FinalYearProject/CocoCare/ml/data/raw/kaggle/WCLWD_Flaccidity/WCLWD_Flaccidity/f_aug_0_8495.jpeg,WCLWD_Flaccidity
/home/sivabharathi/Documents/FinalYearProject/CocoCare/ml/data/raw/kaggle/CCI_Caterpillars/CCI_Caterpillars/CCI_7_120_jpg.rf.b98b45cf3ded40a87ad024c8e3c6b43b.jpg,CCI_Caterpillars
/home/sivabharathi/Documents/FinalYearProject/CocoCare/ml/data/raw/kaggle/WCLWD_DryingofLeaflets/WCLWD_DryingofLeaflets/f_aug_0_8572.jpeg,WCLWD_DryingofLeaflets
/home/sivabharathi/Documents/FinalYearProject/CocoCare/ml/data/raw/kaggle/WCLWD_Flaccidity/WCLWD_Flaccidity/f_aug_0_8758.jpeg,WCLWD_Flaccidity
/home/sivabharathi/Documents/FinalYearProject/CocoCare/ml/data/raw/kaggle/CCI_Leaflets/CCI_Leaflets/CCI_06__1_680.jpg,CCI_Leaflets
/home/sivabharathi/Documents/FinalYearProject/CocoCare/ml/data/raw/kaggle/WCLWD_DryingofLeaflets/WCLWD_DryingofLeaflets/f_aug_0_5296.jpeg,WCLWD_DryingofLeaflets
/home/sivabharathi/Documents/FinalYearProject/CocoCare/ml/data/raw/kaggle/WCLWD_Flaccidity/WCLWD_Flaccidity/f_aug_0_5767.jpeg,WCLWD_Flaccidity
/home/sivabharathi/Documents/FinalYearProject/CocoCare/ml/data/raw/kaggle/Healthy_Leaves/Healthy_Leaves/Healthy_leaf_90.jpg,Healthy_Leaves
/home/sivabharathi/Documents/FinalYearProject/CocoCare/ml/data/raw/kaggle/WCLWD_DryingofLeaflets/WCLWD_DryingofLeaflets/f_aug_0_4109.jpeg,WCLWD_DryingofLeaflets
/home/sivabharathi/Documents/FinalYearProject/CocoCare/ml/data/raw/kaggle/CCI_Caterpillars/CCI_Caterpillars/CCI_8_88_jpg.rf.8f7de9ede982ab494f302c91c0c03aa0.jpg,CCI_Caterpillars
/home/sivabharathi/Documents/FinalYearProject/CocoCare/ml/data/raw/kaggle/WCLWD_DryingofLeaflets/WCLWD_DryingofLeaflets/f_aug_0_907.jpeg,WCLWD_DryingofLeaflets
/home/sivabharathi/Documents/FinalYearProject/CocoCare/ml/data/raw/kaggle/CCI_Leaflets/CCI_Leaflets/CCI_09__1_660.jpg,CCI_Leaflets
/home/sivabharathi/Documents/FinalYearProject/CocoCare/ml/data/raw/kaggle/WCLWD_Flaccidity/WCLWD_Flaccidity/f_aug_0_4136.jpeg,WCLWD_Flaccidity
/home/sivabharathi/Documents/FinalYearProject/CocoCare/ml/data/raw/kaggle/WCLWD_DryingofLeaflets/WCLWD_DryingofLeaflets/f_aug_0_7596.jpeg,WCLWD_DryingofLeaflets
/home/sivabharathi/Documents/FinalYearProject/CocoCare/ml/data/raw/kaggle/WCLWD_Yellowing/WCLWD_Yellowing/f_aug_0_9519.jpeg,WCLWD_Yellowing
/home/sivabharathi/Documents/FinalYearProject/CocoCare/ml/data/raw/kaggle/WCLWD_Flaccidity/WCLWD_Flaccidity/f_aug_0_6299.jpeg,WCLWD_Flaccidity
/home/sivabharathi/Documents/FinalYearProject/CocoCare/ml/data/raw/kaggle/WCLWD_DryingofLeaflets/WCLWD_DryingofLeaflets/f_aug_0_855.jpeg,WCLWD_DryingofLeaflets
/home/sivabharathi/Documents/FinalYearProject/CocoCare/ml/data/raw/kaggle/WCLWD_Yellowing/WCLWD_Yellowing/f_aug_0_6891.jpeg,WCLWD_Yellowing
/home/sivabharathi/Documents/FinalYearProject/CocoCare/ml/data/raw/kaggle/WCLWD_Yellowing/WCLWD_Yellowing/f_aug_0_4321.jpeg,WCLWD_Yellowing
/home/sivabharathi/Documents/FinalYearProject/CocoCare/ml/data/raw/kaggle/CCI_Leaflets/CCI_Leaflets/CCI_16__1_580.jpg,CCI_Leaflets
/home/sivabharathi/Documents/FinalYearProject/CocoCare/ml/data/raw/kaggle/WCLWD_Flaccidity/WCLWD_Flaccidity/f_aug_0_8343.jpeg,WCLWD_Flaccidity
/home/sivabharathi/Documents/FinalYearProject/CocoCare/ml/data/raw/kaggle/WCLWD_Flaccidity/WCLWD_Flaccidity/f_aug_0_4273.jpeg,WCLWD_Flaccidity
/home/sivabharathi/Documents/FinalYearProject/CocoCare/ml/data/raw/kaggle/CCI_Caterpillars/CCI_Caterpillars/i3_jpg.rf.ef797d792aa47bee5301d109f0b2e668.jpg,CCI_Caterpillars
/home/sivabharathi/Documents/FinalYearProject/CocoCare/ml/data/raw/kaggle/WCLWD_DryingofLeaflets/WCLWD_DryingofLeaflets/f_aug_0_484.jpeg,WCLWD_DryingofLeaflets
/home/sivabharathi/Documents/FinalYearProject/CocoCare/ml/data/raw/kaggle/CCI_Caterpillars/CCI_Caterpillars/CCI_2_195_jpg.rf.f461f7423c1986a9a48dc7cb2f0ca537.jpg,CCI_Caterpillars
/home/sivabharathi/Documents/FinalYearProject/CocoCare/ml/data/raw/kaggle/WCLWD_DryingofLeaflets/WCLWD_DryingofLeaflets/f_aug_0_9172.jpeg,WCLWD_DryingofLeaflets
/home/sivabharathi/Documents/FinalYearProject/CocoCare/ml/data/raw/kaggle/WCLWD_Flaccidity/WCLWD_Flaccidity/f_aug_0_8766.jpeg,WCLWD_Flaccidity
/home/sivabharathi/Documents/FinalYearProject/CocoCare/ml/data/raw/kaggle/CCI_Caterpillars/CCI_Caterpillars/CCI_12_224_jpg.rf.5fae9844a6f8caff4de4db8e5a21503e.jpg,CCI_Caterpillars
/home/sivabharathi/Documents/FinalYearProject/CocoCare/ml/data/raw/kaggle/WCLWD_DryingofLeaflets/WCLWD_DryingofLeaflets/f_aug_0_9197.jpeg,WCLWD_DryingofLeaflets
/home/sivabharathi/Documents/FinalYearProject/CocoCare/ml/data/raw/kaggle/WCLWD_Flaccidity/WCLWD_Flaccidity/f_aug_0_7083.jpeg,WCLWD_Flaccidity
/home/sivabharathi/Documents/FinalYearProject/CocoCare/ml/data/raw/kaggle/WCLWD_Flaccidity/WCLWD_Flaccidity/f_aug_0_2874.jpeg,WCLWD_Flaccidity
/home/sivabharathi/Documents/FinalYearProject/CocoCare/ml/data/raw/kaggle/WCLWD_Flaccidity/WCLWD_Flaccidity/f_aug_0_2774.jpeg,WCLWD_Flaccidity
/home/sivabharathi/Documents/FinalYearProject/CocoCare/ml/data/raw/kaggle/CCI_Caterpillars/CCI_Caterpillars/CCI_10_64_jpg.rf.6ced5cf64ee87a38040174bd0fcde996.jpg,CCI_Caterpillars
/home/sivabharathi/Documents/FinalYearProject/CocoCare/ml/data/raw/kaggle/WCLWD_Flaccidity/WCLWD_Flaccidity/f_aug_0_5648.jpeg,WCLWD_Flaccidity
/home/sivabharathi/Documents/FinalYearProject/CocoCare/ml/data/raw/kaggle/WCLWD_Yellowing/WCLWD_Yellowing/f_aug_0_8344.jpeg,WCLWD_Yellowing
/home/sivabharathi/Documents/FinalYearProject/CocoCare/ml/data/raw/kaggle/CCI_Caterpillars/CCI_Caterpillars/CCI_11_312_jpg.rf.c10468fcf668ba3ae516e65518a8892b.jpg,CCI_Caterpillars
/home/sivabharathi/Documents/FinalYearProject/CocoCare/ml/data/raw/kaggle/WCLWD_DryingofLeaflets/WCLWD_DryingofLeaflets/f_aug_0_1199.jpeg,WCLWD_DryingofLeaflets
/home/sivabharathi/Documents/FinalYearProject/CocoCare/ml/data/raw/kaggle/WCLWD_DryingofLeaflets/WCLWD_DryingofLeaflets/f_aug_0_5985.jpeg,WCLWD_DryingofLeaflets
/home/sivabharathi/Documents/FinalYearProject/CocoCare/ml/data/raw/kaggle/WCLWD_Yellowing/WCLWD_Yellowing/f_aug_0_9606.jpeg,WCLWD_Yellowing
/home/sivabharathi/Documents/FinalYearProject/CocoCare/ml/data/raw/kaggle/WCLWD_Yellowing/WCLWD_Yellowing/f_aug_0_8409.jpeg,WCLWD_Yellowing
/home/sivabharathi/Documents/FinalYearProject/CocoCare/ml/data/raw/kaggle/CCI_Caterpillars/CCI_Caterpillars/CCI_1_105_jpg.rf.dd4b00b8d8fdb6f224b7d9acb9b153f9.jpg,CCI_Caterpillars
/home/sivabharathi/Documents/FinalYearProject/CocoCare/ml/data/raw/kaggle/CCI_Caterpillars/CCI_Caterpillars/CCI_1_530_jpg.rf.fab816d203aa371272bc99f7e33bfcda.jpg,CCI_Caterpillars
/home/sivabharathi/Documents/FinalYearProject/CocoCare/ml/data/raw/kaggle/CCI_Caterpillars/CCI_Caterpillars/CCI_1_488_jpg.rf.cb8b414ccb9a576f208286f275651efb.jpg,CCI_Caterpillars
/home/sivabharathi/Documents/FinalYearProject/CocoCare/ml/data/raw/kaggle/WCLWD_Yellowing/WCLWD_Yellowing/f_aug_0_1609.jpeg,WCLWD_Yellowing
/home/sivabharathi/Documents/FinalYearProject/CocoCare/ml/data/raw/kaggle/WCLWD_DryingofLeaflets/WCLWD_DryingofLeaflets/f_aug_0_9310.jpeg,WCLWD_DryingofLeaflets
/home/sivabharathi/Documents/FinalYearProject/CocoCare/ml/data/raw/kaggle/CCI_Leaflets/CCI_Leaflets/CCI_10__1_340.jpg,CCI_Leaflets
/home/sivabharathi/Documents/FinalYearProject/CocoCare/ml/data/raw/kaggle/WCLWD_DryingofLeaflets/WCLWD_DryingofLeaflets/f_aug_0_5832.jpeg,WCLWD_DryingofLeaflets
/home/sivabharathi/Documents/FinalYearProject/CocoCare/ml/data/raw/kaggle/WCLWD_Flaccidity/WCLWD_Flaccidity/f_aug_0_916.jpeg,WCLWD_Flaccidity
/home/sivabharathi/Documents/FinalYearProject/CocoCare/ml/data/raw/kaggle/WCLWD_Flaccidity/WCLWD_Flaccidity/DSC_0033.JPG,WCLWD_Flaccidity
/home/sivabharathi/Documents/FinalYearProject/CocoCare/ml/data/raw/kaggle/WCLWD_DryingofLeaflets/WCLWD_DryingofLeaflets/f_aug_0_6058.jpeg,WCLWD_DryingofLeaflets
/home/sivabharathi/Documents/FinalYearProject/CocoCare/ml/data/raw/kaggle/WCLWD_Yellowing/WCLWD_Yellowing/f_aug_0_3455.jpeg,WCLWD_Yellowing
/home/sivabharathi/Documents/FinalYearProject/CocoCare/ml/data/raw/kaggle/WCLWD_Yellowing/WCLWD_Yellowing/f_aug_0_3110.jpeg,WCLWD_Yellowing
/home/sivabharathi/Documents/FinalYearProject/CocoCare/ml/data/raw/kaggle/WCLWD_DryingofLeaflets/WCLWD_DryingofLeaflets/f_aug_0_8866.jpeg,WCLWD_DryingofLeaflets
/home/sivabharathi/Documents/FinalYearProject/CocoCare/ml/data/raw/kaggle/CCI_Leaflets/CCI_Leaflets/CCI_04__1_180.jpg,CCI_Leaflets
/home/sivabharathi/Documents/FinalYearProject/CocoCare/ml/data/raw/kaggle/WCLWD_DryingofLeaflets/WCLWD_DryingofLeaflets/f_aug_0_6166.jpeg,WCLWD_DryingofLeaflets
/home/sivabharathi/Documents/FinalYearProject/CocoCare/ml/data/raw/kaggle/CCI_Leaflets/CCI_Leaflets/CCI_11__1_300.jpg,CCI_Leaflets
/home/sivabharathi/Documents/FinalYearProject/CocoCare/ml/data/raw/kaggle/WCLWD_Yellowing/WCLWD_Yellowing/f_aug_0_7002.jpeg,WCLWD_Yellowing
/home/sivabharathi/Documents/FinalYearProject/CocoCare/ml/data/raw/kaggle/CCI_Caterpillars/CCI_Caterpillars/CCI_8_288_jpg.rf.2451833c57fa03e858b243b60c4c5e36.jpg,CCI_Caterpillars
/home/sivabharathi/Documents/FinalYearProject/CocoCare/ml/data/raw/kaggle/WCLWD_Yellowing/WCLWD_Yellowing/f_aug_0_9225.jpeg,WCLWD_Yellowing
/home/sivabharathi/Documents/FinalYearProject/CocoCare/ml/data/raw/kaggle/WCLWD_DryingofLeaflets/WCLWD_DryingofLeaflets/f_aug_0_5907.jpeg,WCLWD_DryingofLeaflets
/home/sivabharathi/Documents/FinalYearProject/CocoCare/ml/data/raw/kaggle/WCLWD_Flaccidity/WCLWD_Flaccidity/f_aug_0_3199.jpeg,WCLWD_Flaccidity
/home/sivabharathi/Documents/FinalYearProject/CocoCare/ml/data/raw/kaggle/WCLWD_Flaccidity/WCLWD_Flaccidity/f_aug_0_1149.jpeg,WCLWD_Flaccidity
/home/sivabharathi/Documents/FinalYearProject/CocoCare/ml/data/raw/kaggle/WCLWD_Flaccidity/WCLWD_Flaccidity/f_aug_0_9878.jpeg,WCLWD_Flaccidity
/home/sivabharathi/Documents/FinalYearProject/CocoCare/ml/data/raw/kaggle/WCLWD_DryingofLeaflets/WCLWD_DryingofLeaflets/f_aug_0_235.jpeg,WCLWD_DryingofLeaflets
/home/sivabharathi/Documents/FinalYearProject/CocoCare/ml/data/raw/kaggle/CCI_Caterpillars/CCI_Caterpillars/CCI_2_55_jpg.rf.1796c1e131df097bc4d9d9a6437a57fb.jpg,CCI_Caterpillars
/home/sivabharathi/Documents/FinalYearProject/CocoCare/ml/data/raw/kaggle/WCLWD_Flaccidity/WCLWD_Flaccidity/f_aug_0_7721.jpeg,WCLWD_Flaccidity
/home/sivabharathi/Documents/FinalYearProject/CocoCare/ml/data/raw/kaggle/WCLWD_Yellowing/WCLWD_Yellowing/f_aug_0_4308.jpeg,WCLWD_Yellowing
/home/sivabharathi/Documents/FinalYearProject/CocoCare/ml/data/raw/kaggle/WCLWD_Flaccidity/WCLWD_Flaccidity/f_aug_0_7448.jpeg,WCLWD_Flaccidity
/home/sivabharathi/Documents/FinalYearProject/CocoCare/ml/data/raw/kaggle/WCLWD_Flaccidity/WCLWD_Flaccidity/f_aug_0_1167.jpeg,WCLWD_Flaccidity
/home/sivabharathi/Documents/FinalYearProject/CocoCare/ml/data/raw/kaggle/WCLWD_Yellowing/WCLWD_Yellowing/f_aug_0_9585.jpeg,WCLWD_Yellowing
/home/sivabharathi/Documents/FinalYearProject/CocoCare/ml/data/raw/kaggle/CCI_Caterpillars/CCI_Caterpillars/CCI_7_120_jpg.rf.82d491c38fae82bce3a44816a7991397.jpg,CCI_Caterpillars
/home/sivabharathi/Documents/FinalYearProject/CocoCare/ml/data/raw/kaggle/WCLWD_Flaccidity/WCLWD_Flaccidity/f_aug_0_5909.jpeg,WCLWD_Flaccidity
/home/sivabharathi/Documents/FinalYearProject/CocoCare/ml/data/raw/kaggle/CCI_Leaflets/CCI_Leaflets/CCI_01__1_1200.jpg,CCI_Leaflets
/home/sivabharathi/Documents/FinalYearProject/CocoCare/ml/data/raw/kaggle/WCLWD_DryingofLeaflets/WCLWD_DryingofLeaflets/f_aug_0_1606.jpeg,WCLWD_DryingofLeaflets
/home/sivabharathi/Documents/FinalYearProject/CocoCare/ml/data/raw/kaggle/CCI_Caterpillars/CCI_Caterpillars/CCI_6_24_jpg.rf.5b144ddc0cc24ba1897c53a5a9542efe.jpg,CCI_Caterpillars
/home/sivabharathi/Documents/FinalYearProject/CocoCare/ml/data/raw/kaggle/CCI_Leaflets/CCI_Leaflets/CCI_02__1_480.jpg,CCI_Leaflets
/home/sivabharathi/Documents/FinalYearProject/CocoCare/ml/data/raw/kaggle/WCLWD_DryingofLeaflets/WCLWD_DryingofLeaflets/f_aug_0_1848.jpeg,WCLWD_DryingofLeaflets
/home/sivabharathi/Documents/FinalYearProject/CocoCare/ml/data/raw/kaggle/CCI_Caterpillars/CCI_Caterpillars/CCI_3_0_jpg.rf.f9c30381d2426802c5735dd01f948dab.jpg,CCI_Caterpillars
/home/sivabharathi/Documents/FinalYearProject/CocoCare/ml/data/raw/kaggle/WCLWD_DryingofLeaflets/WCLWD_DryingofLeaflets/f_aug_0_2179.jpeg,WCLWD_DryingofLeaflets
/home/sivabharathi/Documents/FinalYearProject/CocoCare/ml/data/raw/kaggle/WCLWD_DryingofLeaflets/WCLWD_DryingofLeaflets/f_aug_0_5223.jpeg,WCLWD_DryingofLeaflets
/home/sivabharathi/Documents/FinalYearProject/CocoCare/ml/data/raw/kaggle/CCI_Leaflets/CCI_Leaflets/IMG_2662.JPG,CCI_Leaflets
/home/sivabharathi/Documents/FinalYearProject/CocoCare/ml/data/raw/kaggle/WCLWD_Flaccidity/WCLWD_Flaccidity/f_aug_0_172.jpeg,WCLWD_Flaccidity
/home/sivabharathi/Documents/FinalYearProject/CocoCare/ml/data/raw/kaggle/WCLWD_Yellowing/WCLWD_Yellowing/f_aug_0_7944.jpeg,WCLWD_Yellowing
/home/sivabharathi/Documents/FinalYearProject/CocoCare/ml/data/raw/kaggle/WCLWD_DryingofLeaflets/WCLWD_DryingofLeaflets/f_aug_0_7789.jpeg,WCLWD_DryingofLeaflets
/home/sivabharathi/Documents/FinalYearProject/CocoCare/ml/data/raw/kaggle/Healthy_Leaves/Healthy_Leaves/Healthy_leaf_51.jpg,Healthy_Leaves
/home/sivabharathi/Documents/FinalYearProject/CocoCare/ml/data/raw/kaggle/CCI_Leaflets/CCI_Leaflets/CCI_10__1_0.jpg,CCI_Leaflets
/home/sivabharathi/Documents/FinalYearProject/CocoCare/ml/data/raw/kaggle/WCLWD_DryingofLeaflets/WCLWD_DryingofLeaflets/f_aug_0_1730.jpeg,WCLWD_DryingofLeaflets
/home/sivabharathi/Documents/FinalYearProject/CocoCare/ml/data/raw/kaggle/WCLWD_DryingofLeaflets/WCLWD_DryingofLeaflets/f_aug_0_5196.jpeg,WCLWD_DryingofLeaflets
/home/sivabharathi/Documents/FinalYearProject/CocoCare/ml/data/raw/kaggle/CCI_Caterpillars/CCI_Caterpillars/CCI_10_280_jpg.rf.a682983f4ea2a0598a07b543d3781900.jpg,CCI_Caterpillars
/home/sivabharathi/Documents/FinalYearProject/CocoCare/ml/data/raw/kaggle/WCLWD_Yellowing/WCLWD_Yellowing/f_aug_0_2271.jpeg,WCLWD_Yellowing
/home/sivabharathi/Documents/FinalYearProject/CocoCare/ml/data/raw/kaggle/WCLWD_Yellowing/WCLWD_Yellowing/f_aug_0_8992.jpeg,WCLWD_Yellowing
/home/sivabharathi/Documents/FinalYearProject/CocoCare/ml/data/raw/kaggle/CCI_Caterpillars/CCI_Caterpillars/CCI_10_160_jpg.rf.356cc55d11188fd29b5180206db0376d.jpg,CCI_Caterpillars
/home/sivabharathi/Documents/FinalYearProject/CocoCare/ml/data/raw/kaggle/CCI_Leaflets/CCI_Leaflets/CCI_15__1_560.jpg,CCI_Leaflets
/home/sivabharathi/Documents/FinalYearProject/CocoCare/ml/data/raw/kaggle/WCLWD_Flaccidity/WCLWD_Flaccidity/f_aug_0_2694.jpeg,WCLWD_Flaccidity
/home/sivabharathi/Documents/FinalYearProject/CocoCare/ml/data/raw/kaggle/WCLWD_Yellowing/WCLWD_Yellowing/f_aug_0_7155.jpeg,WCLWD_Yellowing
/home/sivabharathi/Documents/FinalYearProject/CocoCare/ml/data/raw/kaggle/WCLWD_Flaccidity/WCLWD_Flaccidity/f_aug_0_2457.jpeg,WCLWD_Flaccidity
/home/sivabharathi/Documents/FinalYearProject/CocoCare/ml/data/raw/kaggle/CCI_Caterpillars/CCI_Caterpillars/CCI_9_168_jpg.rf.efa018df44ef0f882f2ea27b6e2be6aa.jpg,CCI_Caterpillars
/home/sivabharathi/Documents/FinalYearProject/CocoCare/ml/data/raw/kaggle/CCI_Leaflets/CCI_Leaflets/CCI_14__1_840.jpg,CCI_Leaflets
/home/sivabharathi/Documents/FinalYearProject/CocoCare/ml/data/raw/kaggle/Healthy_Leaves/Healthy_Leaves/Healthy_leaf_49.jpg,Healthy_Leaves
/home/sivabharathi/Documents/FinalYearProject/CocoCare/ml/data/raw/kaggle/CCI_Leaflets/CCI_Leaflets/CCI_07__1_1020.jpg,CCI_Leaflets
/home/sivabharathi/Documents/FinalYearProject/CocoCare/ml/data/raw/kaggle/WCLWD_Flaccidity/WCLWD_Flaccidity/f_aug_0_8726.jpeg,WCLWD_Flaccidity
/home/sivabharathi/Documents/FinalYearProject/CocoCare/ml/data/raw/kaggle/WCLWD_Yellowing/WCLWD_Yellowing/f_aug_0_2563.jpeg,WCLWD_Yellowing
/home/sivabharathi/Documents/FinalYearProject/CocoCare/ml/data/raw/kaggle/WCLWD_DryingofLeaflets/WCLWD_DryingofLeaflets/f_aug_0_9871.jpeg,WCLWD_DryingofLeaflets
/home/sivabharathi/Documents/FinalYearProject/CocoCare/ml/data/raw/kaggle/CCI_Leaflets/CCI_Leaflets/CCI_02__1_2100.jpg,CCI_Leaflets
/home/sivabharathi/Documents/FinalYearProject/CocoCare/ml/data/raw/kaggle/WCLWD_Yellowing/WCLWD_Yellowing/f_aug_0_2002.jpeg,WCLWD_Yellowing
/home/sivabharathi/Documents/FinalYearProject/CocoCare/ml/data/raw/kaggle/WCLWD_Yellowing/WCLWD_Yellowing/f_aug_0_6461.jpeg,WCLWD_Yellowing
/home/sivabharathi/Documents/FinalYearProject/CocoCare/ml/data/raw/kaggle/WCLWD_DryingofLeaflets/WCLWD_DryingofLeaflets/f_aug_0_8642.jpeg,WCLWD_DryingofLeaflets
/home/sivabharathi/Documents/FinalYearProject/CocoCare/ml/data/raw/kaggle/WCLWD_Flaccidity/WCLWD_Flaccidity/f_aug_0_4787.jpeg,WCLWD_Flaccidity
/home/sivabharathi/Documents/FinalYearProject/CocoCare/ml/data/raw/kaggle/WCLWD_DryingofLeaflets/WCLWD_DryingofLeaflets/f_aug_0_7854.jpeg,WCLWD_DryingofLeaflets
/home/sivabharathi/Documents/FinalYearProject/CocoCare/ml/data/raw/kaggle/WCLWD_Flaccidity/WCLWD_Flaccidity/f_aug_0_5360.jpeg,WCLWD_Flaccidity
/home/sivabharathi/Documents/FinalYearProject/CocoCare/ml/data/raw/kaggle/WCLWD_Yellowing/WCLWD_Yellowing/f_aug_0_4352.jpeg,WCLWD_Yellowing
/home/sivabharathi/Documents/FinalYearProject/CocoCare/ml/data/raw/kaggle/CCI_Leaflets/CCI_Leaflets/IMG_2763.JPG,CCI_Leaflets
/home/sivabharathi/Documents/FinalYearProject/CocoCare/ml/data/raw/kaggle/CCI_Leaflets/CCI_Leaflets/CCI_02__1_2220.jpg,CCI_Leaflets
/home/sivabharathi/Documents/FinalYearProject/CocoCare/ml/data/raw/kaggle/WCLWD_Yellowing/WCLWD_Yellowing/f_aug_0_5777.jpeg,WCLWD_Yellowing
/home/sivabharathi/Documents/FinalYearProject/CocoCare/ml/data/raw/kaggle/WCLWD_DryingofLeaflets/WCLWD_DryingofLeaflets/f_aug_0_3486.jpeg,WCLWD_DryingofLeaflets
/home/sivabharathi/Documents/FinalYearProject/CocoCare/ml/data/raw/kaggle/WCLWD_DryingofLeaflets/WCLWD_DryingofLeaflets/f_aug_0_6398.jpeg,WCLWD_DryingofLeaflets
/home/sivabharathi/Documents/FinalYearProject/CocoCare/ml/data/raw/kaggle/WCLWD_DryingofLeaflets/WCLWD_DryingofLeaflets/f_aug_0_280.jpeg,WCLWD_DryingofLeaflets
/home/sivabharathi/Documents/FinalYearProject/CocoCare/ml/data/raw/kaggle/WCLWD_Flaccidity/WCLWD_Flaccidity/f_aug_0_9650.jpeg,WCLWD_Flaccidity
/home/sivabharathi/Documents/FinalYearProject/CocoCare/ml/data/raw/kaggle/CCI_Caterpillars/CCI_Caterpillars/CCI_9_288_jpg.rf.4c8f65e71df7f020c704c13fb4966d3c.jpg,CCI_Caterpillars
/home/sivabharathi/Documents/FinalYearProject/CocoCare/ml/data/raw/kaggle/WCLWD_DryingofLeaflets/WCLWD_DryingofLeaflets/f_aug_0_4638.jpeg,WCLWD_DryingofLeaflets
/home/sivabharathi/Documents/FinalYearProject/CocoCare/ml/data/raw/kaggle/CCI_Leaflets/CCI_Leaflets/CCI_03__1_240.jpg,CCI_Leaflets
/home/sivabharathi/Documents/FinalYearProject/CocoCare/ml/data/raw/kaggle/WCLWD_Yellowing/WCLWD_Yellowing/f_aug_0_2067.jpeg,WCLWD_Yellowing
/home/sivabharathi/Documents/FinalYearProject/CocoCare/ml/data/raw/kaggle/CCI_Leaflets/CCI_Leaflets/IMG_2657.JPG,CCI_Leaflets
/home/sivabharathi/Documents/FinalYearProject/CocoCare/ml/data/raw/kaggle/WCLWD_Yellowing/WCLWD_Yellowing/f_aug_0_3432.jpeg,WCLWD_Yellowing
/home/sivabharathi/Documents/FinalYearProject/CocoCare/ml/data/raw/kaggle/WCLWD_Flaccidity/WCLWD_Flaccidity/D0034.JPG,WCLWD_Flaccidity
/home/sivabharathi/Documents/FinalYearProject/CocoCare/ml/data/raw/kaggle/WCLWD_Flaccidity/WCLWD_Flaccidity/f_aug_0_1353.jpeg,WCLWD_Flaccidity
/home/sivabharathi/Documents/FinalYearProject/CocoCare/ml/data/raw/kaggle/CCI_Caterpillars/CCI_Caterpillars/CCI_12_232_jpg.rf.e7241546c1464c693082b0e13cbeb1d4.jpg,CCI_Caterpillars
/home/sivabharathi/Documents/FinalYearProject/CocoCare/ml/data/raw/kaggle/WCLWD_DryingofLeaflets/WCLWD_DryingofLeaflets/f_aug_0_7509.jpeg,WCLWD_DryingofLeaflets
/home/sivabharathi/Documents/FinalYearProject/CocoCare/ml/data/raw/kaggle/CCI_Leaflets/CCI_Leaflets/CCI_03__1_1100.jpg,CCI_Leaflets
/home/sivabharathi/Documents/FinalYearProject/CocoCare/ml/data/raw/kaggle/CCI_Leaflets/CCI_Leaflets/CCI_04__1_960.jpg,CCI_Leaflets
/home/sivabharathi/Documents/FinalYearProject/CocoCare/ml/data/raw/kaggle/WCLWD_Flaccidity/WCLWD_Flaccidity/f_aug_0_3988.jpeg,WCLWD_Flaccidity
/home/sivabharathi/Documents/FinalYearProject/CocoCare/ml/data/raw/kaggle/WCLWD_Yellowing/WCLWD_Yellowing/f_aug_0_324.jpeg,WCLWD_Yellowing
/home/sivabharathi/Documents/FinalYearProject/CocoCare/ml/data/raw/kaggle/WCLWD_DryingofLeaflets/WCLWD_DryingofLeaflets/f_aug_0_2932.jpeg,WCLWD_DryingofLeaflets
/home/sivabharathi/Documents/FinalYearProject/CocoCare/ml/data/raw/kaggle/WCLWD_DryingofLeaflets/WCLWD_DryingofLeaflets/f_aug_0_3962.jpeg,WCLWD_DryingofLeaflets
/home/sivabharathi/Documents/FinalYearProject/CocoCare/ml/data/raw/kaggle/WCLWD_Flaccidity/WCLWD_Flaccidity/f_aug_0_8232.jpeg,WCLWD_Flaccidity
/home/sivabharathi/Documents/FinalYearProject/CocoCare/ml/data/raw/kaggle/CCI_Leaflets/CCI_Leaflets/CCI_09__1_280.jpg,CCI_Leaflets
/home/sivabharathi/Documents/FinalYearProject/CocoCare/ml/data/raw/kaggle/WCLWD_Flaccidity/WCLWD_Flaccidity/f_aug_0_3408.jpeg,WCLWD_Flaccidity
/home/sivabharathi/Documents/FinalYearProject/CocoCare/ml/data/raw/kaggle/WCLWD_DryingofLeaflets/WCLWD_DryingofLeaflets/f_aug_0_8724.jpeg,WCLWD_DryingofLeaflets
/home/sivabharathi/Documents/FinalYearProject/CocoCare/ml/data/raw/kaggle/WCLWD_DryingofLeaflets/WCLWD_DryingofLeaflets/f_aug_0_4155.jpeg,WCLWD_DryingofLeaflets
/home/sivabharathi/Documents/FinalYearProject/CocoCare/ml/data/raw/kaggle/CCI_Caterpillars/CCI_Caterpillars/CCI_5_160_jpg.rf.f85459a6e691e4b3b2995a97ea911776.jpg,CCI_Caterpillars
/home/sivabharathi/Documents/FinalYearProject/CocoCare/ml/data/raw/kaggle/WCLWD_Flaccidity/WCLWD_Flaccidity/f_aug_0_6945.jpeg,WCLWD_Flaccidity
/home/sivabharathi/Documents/FinalYearProject/CocoCare/ml/data/raw/kaggle/CCI_Caterpillars/CCI_Caterpillars/CCI_11_24_jpg.rf.5b07ad4faccb82f41c504cff880820b5.jpg,CCI_Caterpillars
/home/sivabharathi/Documents/FinalYearProject/CocoCare/ml/data/raw/kaggle/WCLWD_DryingofLeaflets/WCLWD_DryingofLeaflets/f_aug_0_7381.jpeg,WCLWD_DryingofLeaflets
/home/sivabharathi/Documents/FinalYearProject/CocoCare/ml/data/raw/kaggle/WCLWD_Yellowing/WCLWD_Yellowing/f_aug_0_2046.jpeg,WCLWD_Yellowing
/home/sivabharathi/Documents/FinalYearProject/CocoCare/ml/data/raw/kaggle/WCLWD_DryingofLeaflets/WCLWD_DryingofLeaflets/f_aug_0_834.jpeg,WCLWD_DryingofLeaflets
/home/sivabharathi/Documents/FinalYearProject/CocoCare/ml/data/raw/kaggle/WCLWD_Yellowing/WCLWD_Yellowing/f_aug_0_8226.jpeg,WCLWD_Yellowing
/home/sivabharathi/Documents/FinalYearProject/CocoCare/ml/data/raw/kaggle/WCLWD_Yellowing/WCLWD_Yellowing/f_aug_0_1455.jpeg,WCLWD_Yellowing
/home/sivabharathi/Documents/FinalYearProject/CocoCare/ml/data/raw/kaggle/WCLWD_Yellowing/WCLWD_Yellowing/f_aug_0_4467.jpeg,WCLWD_Yellowing
/home/sivabharathi/Documents/FinalYearProject/CocoCare/ml/data/raw/kaggle/WCLWD_Flaccidity/WCLWD_Flaccidity/f_aug_0_801.jpeg,WCLWD_Flaccidity
/home/sivabharathi/Documents/FinalYearProject/CocoCare/ml/data/raw/kaggle/WCLWD_DryingofLeaflets/WCLWD_DryingofLeaflets/f_aug_0_7506.jpeg,WCLWD_DryingofLeaflets
/home/sivabharathi/Documents/FinalYearProject/CocoCare/ml/data/raw/kaggle/WCLWD_Yellowing/WCLWD_Yellowing/f_aug_0_9973.jpeg,WCLWD_Yellowing
/home/sivabharathi/Documents/FinalYearProject/CocoCare/ml/data/raw/kaggle/WCLWD_DryingofLeaflets/WCLWD_DryingofLeaflets/f_aug_0_2141.jpeg,WCLWD_DryingofLeaflets
/home/sivabharathi/Documents/FinalYearProject/CocoCare/ml/data/raw/kaggle/WCLWD_Flaccidity/WCLWD_Flaccidity/f_aug_0_9578.jpeg,WCLWD_Flaccidity
/home/sivabharathi/Documents/FinalYearProject/CocoCare/ml/data/raw/kaggle/WCLWD_DryingofLeaflets/WCLWD_DryingofLeaflets/f_aug_0_8273.jpeg,WCLWD_DryingofLeaflets
/home/sivabharathi/Documents/FinalYearProject/CocoCare/ml/data/raw/kaggle/WCLWD_DryingofLeaflets/WCLWD_DryingofLeaflets/f_aug_0_3229.jpeg,WCLWD_DryingofLeaflets
/home/sivabharathi/Documents/FinalYearProject/CocoCare/ml/data/raw/kaggle/WCLWD_DryingofLeaflets/WCLWD_DryingofLeaflets/f_aug_0_5821.jpeg,WCLWD_DryingofLeaflets
/home/sivabharathi/Documents/FinalYearProject/CocoCare/ml/data/raw/kaggle/WCLWD_Yellowing/WCLWD_Yellowing/f_aug_0_694.jpeg,WCLWD_Yellowing
/home/sivabharathi/Documents/FinalYearProject/CocoCare/ml/data/raw/kaggle/WCLWD_DryingofLeaflets/WCLWD_DryingofLeaflets/f_aug_0_6697.jpeg,WCLWD_DryingofLeaflets
/home/sivabharathi/Documents/FinalYearProject/CocoCare/ml/data/raw/kaggle/CCI_Caterpillars/CCI_Caterpillars/CCI_5_128_jpg.rf.5b1b597fdab1255a3b30f626290289ef.jpg,CCI_Caterpillars
/home/sivabharathi/Documents/FinalYearProject/CocoCare/ml/data/raw/kaggle/WCLWD_DryingofLeaflets/WCLWD_DryingofLeaflets/f_aug_0_8976.jpeg,WCLWD_DryingofLeaflets
/home/sivabharathi/Documents/FinalYearProject/CocoCare/ml/data/raw/kaggle/CCI_Leaflets/CCI_Leaflets/CCI_04__1_240.jpg,CCI_Leaflets
/home/sivabharathi/Documents/FinalYearProject/CocoCare/ml/data/raw/kaggle/WCLWD_DryingofLeaflets/WCLWD_DryingofLeaflets/f_aug_0_8625.jpeg,WCLWD_DryingofLeaflets
/home/sivabharathi/Documents/FinalYearProject/CocoCare/ml/data/raw/kaggle/WCLWD_Flaccidity/WCLWD_Flaccidity/f_aug_0_7660.jpeg,WCLWD_Flaccidity
/home/sivabharathi/Documents/FinalYearProject/CocoCare/ml/data/raw/kaggle/WCLWD_Yellowing/WCLWD_Yellowing/f_aug_0_4564.jpeg,WCLWD_Yellowing
/home/sivabharathi/Documents/FinalYearProject/CocoCare/ml/data/raw/kaggle/WCLWD_Yellowing/WCLWD_Yellowing/f_aug_0_8863.jpeg,WCLWD_Yellowing
/home/sivabharathi/Documents/FinalYearProject/CocoCare/ml/data/raw/kaggle/WCLWD_DryingofLeaflets/WCLWD_DryingofLeaflets/f_aug_0_6734.jpeg,WCLWD_DryingofLeaflets
/home/sivabharathi/Documents/FinalYearProject/CocoCare/ml/data/raw/kaggle/WCLWD_Yellowing/WCLWD_Yellowing/f_aug_0_3174.jpeg,WCLWD_Yellowing
/home/sivabharathi/Documents/FinalYearProject/CocoCare/ml/data/raw/kaggle/CCI_Leaflets/CCI_Leaflets/CCI_09__1_260.jpg,CCI_Leaflets
/home/sivabharathi/Documents/FinalYearProject/CocoCare/ml/data/raw/kaggle/CCI_Caterpillars/CCI_Caterpillars/CCI_7_24_jpg.rf.06fcaae7b9d211f02fec9f35357b9b15.jpg,CCI_Caterpillars
/home/sivabharathi/Documents/FinalYearProject/CocoCare/ml/data/raw/kaggle/CCI_Caterpillars/CCI_Caterpillars/CCI_3_45_jpg.rf.7f1ea7c65184a001d4ae1dde7d04b1e7.jpg,CCI_Caterpillars
/home/sivabharathi/Documents/FinalYearProject/CocoCare/ml/data/raw/kaggle/CCI_Caterpillars/CCI_Caterpillars/CCI_10_344_jpg.rf.617aff9b38801320577b3b09016683eb.jpg,CCI_Caterpillars
/home/sivabharathi/Documents/FinalYearProject/CocoCare/ml/data/raw/kaggle/WCLWD_DryingofLeaflets/WCLWD_DryingofLeaflets/f_aug_0_9243.jpeg,WCLWD_DryingofLeaflets
/home/sivabharathi/Documents/FinalYearProject/CocoCare/ml/data/raw/kaggle/WCLWD_Yellowing/WCLWD_Yellowing/f_aug_0_8737.jpeg,WCLWD_Yellowing
/home/sivabharathi/Documents/FinalYearProject/CocoCare/ml/data/raw/kaggle/CCI_Caterpillars/CCI_Caterpillars/CCI_3_135_jpg.rf.87d2b0a6478b7c6db4b282888fda0bdc.jpg,CCI_Caterpillars
/home/sivabharathi/Documents/FinalYearProject/CocoCare/ml/data/raw/kaggle/CCI_Caterpillars/CCI_Caterpillars/CCI_12_72_jpg.rf.804b2f05d66f74e3f4fa8b79d39b9fb8.jpg,CCI_Caterpillars
/home/sivabharathi/Documents/FinalYearProject/CocoCare/ml/data/raw/kaggle/WCLWD_Yellowing/WCLWD_Yellowing/f_aug_0_1728.jpeg,WCLWD_Yellowing
/home/sivabharathi/Documents/FinalYearProject/CocoCare/ml/data/raw/kaggle/CCI_Leaflets/CCI_Leaflets/IMG_2846.JPG,CCI_Leaflets
/home/sivabharathi/Documents/FinalYearProject/CocoCare/ml/data/raw/kaggle/CCI_Caterpillars/CCI_Caterpillars/CCI_5_168_jpg.rf.73c0e956b3d16ae75ac7dae43115fabb.jpg,CCI_Caterpillars
/home/sivabharathi/Documents/FinalYearProject/CocoCare/ml/data/raw/kaggle/WCLWD_DryingofLeaflets/WCLWD_DryingofLeaflets/f_aug_0_7564.jpeg,WCLWD_DryingofLeaflets
/home/sivabharathi/Documents/FinalYearProject/CocoCare/ml/data/raw/kaggle/CCI_Caterpillars/CCI_Caterpillars/CCI_10_0_jpg.rf.041b1c4c936db7346c0e1cc66e687757.jpg,CCI_Caterpillars
/home/sivabharathi/Documents/FinalYearProject/CocoCare/ml/data/raw/kaggle/CCI_Caterpillars/CCI_Caterpillars/CCI_1_150_jpg.rf.d5a3c2eae6a3fa976398eae2ecd78d45.jpg,CCI_Caterpillars
/home/sivabharathi/Documents/FinalYearProject/CocoCare/ml/data/raw/kaggle/WCLWD_Flaccidity/WCLWD_Flaccidity/f_aug_0_1334.jpeg,WCLWD_Flaccidity
/home/sivabharathi/Documents/FinalYearProject/CocoCare/ml/data/raw/kaggle/WCLWD_Yellowing/WCLWD_Yellowing/f_aug_0_3978.jpeg,WCLWD_Yellowing
/home/sivabharathi/Documents/FinalYearProject/CocoCare/ml/data/raw/kaggle/WCLWD_Yellowing/WCLWD_Yellowing/f_aug_0_8588.jpeg,WCLWD_Yellowing
/home/sivabharathi/Documents/FinalYearProject/CocoCare/ml/data/raw/kaggle/WCLWD_DryingofLeaflets/WCLWD_DryingofLeaflets/f_aug_0_6191.jpeg,WCLWD_DryingofLeaflets
/home/sivabharathi/Documents/FinalYearProject/CocoCare/ml/data/raw/kaggle/WCLWD_Yellowing/WCLWD_Yellowing/f_aug_0_2785.jpeg,WCLWD_Yellowing
/home/sivabharathi/Documents/FinalYearProject/CocoCare/ml/data/raw/kaggle/WCLWD_Flaccidity/WCLWD_Flaccidity/f_aug_0_6869.jpeg,WCLWD_Flaccidity
/home/sivabharathi/Documents/FinalYearProject/CocoCare/ml/data/raw/kaggle/CCI_Leaflets/CCI_Leaflets/IMG_2622.JPG,CCI_Leaflets
/home/sivabharathi/Documents/FinalYearProject/CocoCare/ml/data/raw/kaggle/CCI_Leaflets/CCI_Leaflets/CCI_11__1_220.jpg,CCI_Leaflets
/home/sivabharathi/Documents/FinalYearProject/CocoCare/ml/data/raw/kaggle/WCLWD_DryingofLeaflets/WCLWD_DryingofLeaflets/f_aug_0_4042.jpeg,WCLWD_DryingofLeaflets
/home/sivabharathi/Documents/FinalYearProject/CocoCare/ml/data/raw/kaggle/WCLWD_Yellowing/WCLWD_Yellowing/f_aug_0_9634.jpeg,WCLWD_Yellowing
/home/sivabharathi/Documents/FinalYearProject/CocoCare/ml/data/raw/kaggle/WCLWD_DryingofLeaflets/WCLWD_DryingofLeaflets/f_aug_0_3944.jpeg,WCLWD_DryingofLeaflets
/home/sivabharathi/Documents/FinalYearProject/CocoCare/ml/data/raw/kaggle/WCLWD_Flaccidity/WCLWD_Flaccidity/f_aug_0_5745.jpeg,WCLWD_Flaccidity
/home/sivabharathi/Documents/FinalYearProject/CocoCare/ml/data/raw/kaggle/WCLWD_Yellowing/WCLWD_Yellowing/f_aug_0_7757.jpeg,WCLWD_Yellowing
/home/sivabharathi/Documents/FinalYearProject/CocoCare/ml/data/raw/kaggle/WCLWD_Yellowing/WCLWD_Yellowing/f_aug_0_1114.jpeg,WCLWD_Yellowing
/home/sivabharathi/Documents/FinalYearProject/CocoCare/ml/data/raw/kaggle/CCI_Leaflets/CCI_Leaflets/CCI_15__1_40.jpg,CCI_Leaflets
/home/sivabharathi/Documents/FinalYearProject/CocoCare/ml/data/raw/kaggle/CCI_Caterpillars/CCI_Caterpillars/CCI_5_264_jpg.rf.85c2436897b8d6b774d87198bb76fbea.jpg,CCI_Caterpillars
/home/sivabharathi/Documents/FinalYearProject/CocoCare/ml/data/raw/kaggle/CCI_Caterpillars/CCI_Caterpillars/CCI_9_128_jpg.rf.9208987e86fba9b7ea2bd3bd0c3dbfb9.jpg,CCI_Caterpillars
/home/sivabharathi/Documents/FinalYearProject/CocoCare/ml/data/raw/kaggle/WCLWD_DryingofLeaflets/WCLWD_DryingofLeaflets/f_aug_0_455.jpeg,WCLWD_DryingofLeaflets
/home/sivabharathi/Documents/FinalYearProject/CocoCare/ml/data/raw/kaggle/CCI_Caterpillars/CCI_Caterpillars/CCI_8_120_jpg.rf.cc58152f1f21dc443cab32a7028f4304.jpg,CCI_Caterpillars
/home/sivabharathi/Documents/FinalYearProject/CocoCare/ml/data/raw/kaggle/CCI_Caterpillars/CCI_Caterpillars/CCI_6_120_jpg.rf.559c0bf4dddd6560f9c92dc065885957.jpg,CCI_Caterpillars
/home/sivabharathi/Documents/FinalYearProject/CocoCare/ml/data/raw/kaggle/WCLWD_Yellowing/WCLWD_Yellowing/f_aug_0_602.jpeg,WCLWD_Yellowing
/home/sivabharathi/Documents/FinalYearProject/CocoCare/ml/data/raw/kaggle/WCLWD_DryingofLeaflets/WCLWD_DryingofLeaflets/f_aug_0_693.jpeg,WCLWD_DryingofLeaflets
/home/sivabharathi/Documents/FinalYearProject/CocoCare/ml/data/raw/kaggle/WCLWD_Flaccidity/WCLWD_Flaccidity/f_aug_0_8875.jpeg,WCLWD_Flaccidity
/home/sivabharathi/Documents/FinalYearProject/CocoCare/ml/data/raw/kaggle/WCLWD_DryingofLeaflets/WCLWD_DryingofLeaflets/f_aug_0_6979.jpeg,WCLWD_DryingofLeaflets
/home/sivabharathi/Documents/FinalYearProject/CocoCare/ml/data/raw/kaggle/WCLWD_Yellowing/WCLWD_Yellowing/f_aug_0_1190.jpeg,WCLWD_Yellowing
/home/sivabharathi/Documents/FinalYearProject/CocoCare/ml/data/raw/kaggle/WCLWD_DryingofLeaflets/WCLWD_DryingofLeaflets/f_aug_0_4878.jpeg,WCLWD_DryingofLeaflets
/home/sivabharathi/Documents/FinalYearProject/CocoCare/ml/data/raw/kaggle/WCLWD_DryingofLeaflets/WCLWD_DryingofLeaflets/f_aug_0_3294.jpeg,WCLWD_DryingofLeaflets
/home/sivabharathi/Documents/FinalYearProject/CocoCare/ml/data/raw/kaggle/WCLWD_Yellowing/WCLWD_Yellowing/f_aug_0_1390.jpeg,WCLWD_Yellowing
/home/sivabharathi/Documents/FinalYearProject/CocoCare/ml/data/raw/kaggle/WCLWD_Yellowing/WCLWD_Yellowing/f_aug_0_2725.jpeg,WCLWD_Yellowing
/home/sivabharathi/Documents/FinalYearProject/CocoCare/ml/data/raw/kaggle/WCLWD_Flaccidity/WCLWD_Flaccidity/f_aug_0_3342.jpeg,WCLWD_Flaccidity
/home/sivabharathi/Documents/FinalYearProject/CocoCare/ml/data/raw/kaggle/CCI_Caterpillars/CCI_Caterpillars/CCI_3_225_jpg.rf.51b547cee3d75befb59ee5950e06524c.jpg,CCI_Caterpillars
/home/sivabharathi/Documents/FinalYearProject/CocoCare/ml/data/raw/kaggle/WCLWD_Yellowing/WCLWD_Yellowing/f_aug_0_943.jpeg,WCLWD_Yellowing
/home/sivabharathi/Documents/FinalYearProject/CocoCare/ml/data/raw/kaggle/WCLWD_DryingofLeaflets/WCLWD_DryingofLeaflets/f_aug_0_3489.jpeg,WCLWD_DryingofLeaflets
/home/sivabharathi/Documents/FinalYearProject/CocoCare/ml/data/raw/kaggle/WCLWD_DryingofLeaflets/WCLWD_DryingofLeaflets/f_aug_0_6256.jpeg,WCLWD_DryingofLeaflets
/home/sivabharathi/Documents/FinalYearProject/CocoCare/ml/data/raw/kaggle/WCLWD_Yellowing/WCLWD_Yellowing/f_aug_0_9271.jpeg,WCLWD_Yellowing
/home/sivabharathi/Documents/FinalYearProject/CocoCare/ml/data/raw/kaggle/CCI_Leaflets/CCI_Leaflets/CCI_04__1_340.jpg,CCI_Leaflets
/home/sivabharathi/Documents/FinalYearProject/CocoCare/ml/data/raw/kaggle/CCI_Leaflets/CCI_Leaflets/CCI_13__1_920.jpg,CCI_Leaflets
/home/sivabharathi/Documents/FinalYearProject/CocoCare/ml/data/raw/kaggle/WCLWD_Yellowing/WCLWD_Yellowing/f_aug_0_672.jpeg,WCLWD_Yellowing
/home/sivabharathi/Documents/FinalYearProject/CocoCare/ml/data/raw/kaggle/WCLWD_Yellowing/WCLWD_Yellowing/f_aug_0_8363.jpeg,WCLWD_Yellowing
/home/sivabharathi/Documents/FinalYearProject/CocoCare/ml/data/raw/kaggle/WCLWD_Flaccidity/WCLWD_Flaccidity/f_aug_0_9292.jpeg,WCLWD_Flaccidity
/home/sivabharathi/Documents/FinalYearProject/CocoCare/ml/data/raw/kaggle/WCLWD_Flaccidity/WCLWD_Flaccidity/f_aug_0_2106.jpeg,WCLWD_Flaccidity
/home/sivabharathi/Documents/FinalYearProject/CocoCare/ml/data/raw/kaggle/WCLWD_Yellowing/WCLWD_Yellowing/f_aug_0_5332.jpeg,WCLWD_Yellowing
/home/sivabharathi/Documents/FinalYearProject/CocoCare/ml/data/raw/kaggle/WCLWD_Flaccidity/WCLWD_Flaccidity/f_aug_0_231.jpeg,WCLWD_Flaccidity
/home/sivabharathi/Documents/FinalYearProject/CocoCare/ml/data/raw/kaggle/WCLWD_Flaccidity/WCLWD_Flaccidity/f_aug_0_6751.jpeg,WCLWD_Flaccidity
/home/sivabharathi/Documents/FinalYearProject/CocoCare/ml/data/raw/kaggle/WCLWD_Flaccidity/WCLWD_Flaccidity/f_aug_0_5338.jpeg,WCLWD_Flaccidity
/home/sivabharathi/Documents/FinalYearProject/CocoCare/ml/data/raw/kaggle/WCLWD_DryingofLeaflets/WCLWD_DryingofLeaflets/f_aug_0_4384.jpeg,WCLWD_DryingofLeaflets
/home/sivabharathi/Documents/FinalYearProject/CocoCare/ml/data/raw/kaggle/CCI_Leaflets/CCI_Leaflets/CCI_02__1_40.jpg,CCI_Leaflets
/home/sivabharathi/Documents/FinalYearProject/CocoCare/ml/data/raw/kaggle/WCLWD_Flaccidity/WCLWD_Flaccidity/f_aug_0_6759.jpeg,WCLWD_Flaccidity
/home/sivabharathi/Documents/FinalYearProject/CocoCare/ml/data/raw/kaggle/CCI_Caterpillars/CCI_Caterpillars/CCI_10_176_jpg.rf.bf3dcb1a3cc14cbcceabc5b4368851e2.jpg,CCI_Caterpillars
/home/sivabharathi/Documents/FinalYearProject/CocoCare/ml/data/raw/kaggle/CCI_Caterpillars/CCI_Caterpillars/CCI_1_140_jpg.rf.46e5013b1f3e3bcd2b49696824b43395.jpg,CCI_Caterpillars
/home/sivabharathi/Documents/FinalYearProject/CocoCare/ml/data/raw/kaggle/WCLWD_DryingofLeaflets/WCLWD_DryingofLeaflets/f_aug_0_2890.jpeg,WCLWD_DryingofLeaflets
/home/sivabharathi/Documents/FinalYearProject/CocoCare/ml/data/raw/kaggle/WCLWD_DryingofLeaflets/WCLWD_DryingofLeaflets/f_aug_0_5374.jpeg,WCLWD_DryingofLeaflets
/home/sivabharathi/Documents/FinalYearProject/CocoCare/ml/data/raw/kaggle/CCI_Leaflets/CCI_Leaflets/CCI_06__1_320.jpg,CCI_Leaflets
/home/sivabharathi/Documents/FinalYearProject/CocoCare/ml/data/raw/kaggle/WCLWD_Yellowing/WCLWD_Yellowing/f_aug_0_1429.jpeg,WCLWD_Yellowing
/home/sivabharathi/Documents/FinalYearProject/CocoCare/ml/data/raw/kaggle/WCLWD_DryingofLeaflets/WCLWD_DryingofLeaflets/f_aug_0_9825.jpeg,WCLWD_DryingofLeaflets
/home/sivabharathi/Documents/FinalYearProject/CocoCare/ml/data/raw/kaggle/WCLWD_Flaccidity/WCLWD_Flaccidity/f_aug_0_988.jpeg,WCLWD_Flaccidity
/home/sivabharathi/Documents/FinalYearProject/CocoCare/ml/data/raw/kaggle/CCI_Leaflets/CCI_Leaflets/CCI_01__1_220.jpg,CCI_Leaflets
/home/sivabharathi/Documents/FinalYearProject/CocoCare/ml/data/raw/kaggle/WCLWD_DryingofLeaflets/WCLWD_DryingofLeaflets/f_aug_0_3748.jpeg,WCLWD_DryingofLeaflets
/home/sivabharathi/Documents/FinalYearProject/CocoCare/ml/data/raw/kaggle/WCLWD_DryingofLeaflets/WCLWD_DryingofLeaflets/f_aug_0_5271.jpeg,WCLWD_DryingofLeaflets
/home/sivabharathi/Documents/FinalYearProject/CocoCare/ml/data/raw/kaggle/WCLWD_Yellowing/WCLWD_Yellowing/f_aug_0_4122.jpeg,WCLWD_Yellowing
/home/sivabharathi/Documents/FinalYearProject/CocoCare/ml/data/raw/kaggle/WCLWD_Yellowing/WCLWD_Yellowing/f_aug_0_3018.jpeg,WCLWD_Yellowing
/home/sivabharathi/Documents/FinalYearProject/CocoCare/ml/data/raw/kaggle/WCLWD_Yellowing/WCLWD_Yellowing/f_aug_0_323.jpeg,WCLWD_Yellowing
/home/sivabharathi/Documents/FinalYearProject/CocoCare/ml/data/raw/kaggle/CCI_Leaflets/CCI_Leaflets/CCI_02__1_1400.jpg,CCI_Leaflets
/home/sivabharathi/Documents/FinalYearProject/CocoCare/ml/data/raw/kaggle/CCI_Caterpillars/CCI_Caterpillars/CCI_3_215_jpg.rf.69cc5b3b4c068961464f7b1e4b5a8ff5.jpg,CCI_Caterpillars
/home/sivabharathi/Documents/FinalYearProject/CocoCare/ml/data/raw/kaggle/CCI_Leaflets/CCI_Leaflets/CCI_14__1_480.jpg,CCI_Leaflets
/home/sivabharathi/Documents/FinalYearProject/CocoCare/ml/data/raw/kaggle/WCLWD_DryingofLeaflets/WCLWD_DryingofLeaflets/f_aug_0_6132.jpeg,WCLWD_DryingofLeaflets
/home/sivabharathi/Documents/FinalYearProject/CocoCare/ml/data/raw/kaggle/WCLWD_DryingofLeaflets/WCLWD_DryingofLeaflets/f_aug_0_6400.jpeg,WCLWD_DryingofLeaflets
/home/sivabharathi/Documents/FinalYearProject/CocoCare/ml/data/raw/kaggle/WCLWD_DryingofLeaflets/WCLWD_DryingofLeaflets/f_aug_0_6878.jpeg,WCLWD_DryingofLeaflets
/home/sivabharathi/Documents/FinalYearProject/CocoCare/ml/data/raw/kaggle/WCLWD_DryingofLeaflets/WCLWD_DryingofLeaflets/f_aug_0_1745.jpeg,WCLWD_DryingofLeaflets
/home/sivabharathi/Documents/FinalYearProject/CocoCare/ml/data/raw/kaggle/WCLWD_DryingofLeaflets/WCLWD_DryingofLeaflets/f_aug_0_1869.jpeg,WCLWD_DryingofLeaflets
/home/sivabharathi/Documents/FinalYearProject/CocoCare/ml/data/raw/kaggle/CCI_Leaflets/CCI_Leaflets/CCI_15__1_1280.jpg,CCI_Leaflets
/home/sivabharathi/Documents/FinalYearProject/CocoCare/ml/data/raw/kaggle/WCLWD_Yellowing/WCLWD_Yellowing/f_aug_0_1382.jpeg,WCLWD_Yellowing
/home/sivabharathi/Documents/FinalYearProject/CocoCare/ml/data/raw/kaggle/WCLWD_Yellowing/WCLWD_Yellowing/f_aug_0_5099.jpeg,WCLWD_Yellowing
/home/sivabharathi/Documents/FinalYearProject/CocoCare/ml/data/raw/kaggle/CCI_Caterpillars/CCI_Caterpillars/CCI_8_64_jpg.rf.760169257cf8dcfeec6a36ecd104e2d7.jpg,CCI_Caterpillars
/home/sivabharathi/Documents/FinalYearProject/CocoCare/ml/data/raw/kaggle/WCLWD_Flaccidity/WCLWD_Flaccidity/f_aug_0_8214.jpeg,WCLWD_Flaccidity
/home/sivabharathi/Documents/FinalYearProject/CocoCare/ml/data/raw/kaggle/CCI_Leaflets/CCI_Leaflets/CCI_15__1_80.jpg,CCI_Leaflets
/home/sivabharathi/Documents/FinalYearProject/CocoCare/ml/data/raw/kaggle/WCLWD_Yellowing/WCLWD_Yellowing/f_aug_0_8637.jpeg,WCLWD_Yellowing
/home/sivabharathi/Documents/FinalYearProject/CocoCare/ml/data/raw/kaggle/CCI_Caterpillars/CCI_Caterpillars/CCI_2_176_jpg.rf.d4e0bca4e38d4e7b586e175222dbdcc3.jpg,CCI_Caterpillars
/home/sivabharathi/Documents/FinalYearProject/CocoCare/ml/data/raw/kaggle/WCLWD_Flaccidity/WCLWD_Flaccidity/f_aug_0_8195.jpeg,WCLWD_Flaccidity
/home/sivabharathi/Documents/FinalYearProject/CocoCare/ml/data/raw/kaggle/CCI_Caterpillars/CCI_Caterpillars/CCI_8_16_jpg.rf.65598dd8f91d09acfb5f70e8d807ea18.jpg,CCI_Caterpillars
/home/sivabharathi/Documents/FinalYearProject/CocoCare/ml/data/raw/kaggle/WCLWD_Flaccidity/WCLWD_Flaccidity/f_aug_0_552.jpeg,WCLWD_Flaccidity
/home/sivabharathi/Documents/FinalYearProject/CocoCare/ml/data/raw/kaggle/WCLWD_DryingofLeaflets/WCLWD_DryingofLeaflets/f_aug_0_3775.jpeg,WCLWD_DryingofLeaflets
/home/sivabharathi/Documents/FinalYearProject/CocoCare/ml/data/raw/kaggle/CCI_Caterpillars/CCI_Caterpillars/CCI_3_35_jpg.rf.a1881896eaa9d7d92e54f16d0e890c41.jpg,CCI_Caterpillars
/home/sivabharathi/Documents/FinalYearProject/CocoCare/ml/data/raw/kaggle/CCI_Caterpillars/CCI_Caterpillars/CCI_6_120_jpg.rf.27a44ad1960d4c97f5e1248aae942e2f.jpg,CCI_Caterpillars
/home/sivabharathi/Documents/FinalYearProject/CocoCare/ml/data/raw/kaggle/WCLWD_Yellowing/WCLWD_Yellowing/f_aug_0_512.jpeg,WCLWD_Yellowing
/home/sivabharathi/Documents/FinalYearProject/CocoCare/ml/data/raw/kaggle/WCLWD_Yellowing/WCLWD_Yellowing/f_aug_0_9376.jpeg,WCLWD_Yellowing
/home/sivabharathi/Documents/FinalYearProject/CocoCare/ml/data/raw/kaggle/WCLWD_Flaccidity/WCLWD_Flaccidity/f_aug_0_7213.jpeg,WCLWD_Flaccidity
/home/sivabharathi/Documents/FinalYearProject/CocoCare/ml/data/raw/kaggle/WCLWD_Flaccidity/WCLWD_Flaccidity/f_aug_0_1858.jpeg,WCLWD_Flaccidity
/home/sivabharathi/Documents/FinalYearProject/CocoCare/ml/data/raw/kaggle/WCLWD_Yellowing/WCLWD_Yellowing/f_aug_0_7839.jpeg,WCLWD_Yellowing
/home/sivabharathi/Documents/FinalYearProject/CocoCare/ml/data/raw/kaggle/CCI_Leaflets/CCI_Leaflets/IMG_2758.JPG,CCI_Leaflets
/home/sivabharathi/Documents/FinalYearProject/CocoCare/ml/data/raw/kaggle/Healthy_Leaves/Healthy_Leaves/Healthy_leaf_77.jpg,Healthy_Leaves
/home/sivabharathi/Documents/FinalYearProject/CocoCare/ml/data/raw/kaggle/WCLWD_Flaccidity/WCLWD_Flaccidity/f_aug_0_6950.jpeg,WCLWD_Flaccidity
/home/sivabharathi/Documents/FinalYearProject/CocoCare/ml/data/raw/kaggle/WCLWD_Flaccidity/WCLWD_Flaccidity/f_aug_0_6647.jpeg,WCLWD_Flaccidity
/home/sivabharathi/Documents/FinalYearProject/CocoCare/ml/data/raw/kaggle/CCI_Caterpillars/CCI_Caterpillars/i9_jpg.rf.ba96388c2010496ef6e4183252fb4de4.jpg,CCI_Caterpillars
/home/sivabharathi/Documents/FinalYearProject/CocoCare/ml/data/raw/kaggle/WCLWD_DryingofLeaflets/WCLWD_DryingofLeaflets/f_aug_0_1351.jpeg,WCLWD_DryingofLeaflets
/home/sivabharathi/Documents/FinalYearProject/CocoCare/ml/data/raw/kaggle/WCLWD_Yellowing/WCLWD_Yellowing/f_aug_0_8418.jpeg,WCLWD_Yellowing
/home/sivabharathi/Documents/FinalYearProject/CocoCare/ml/data/raw/kaggle/WCLWD_Flaccidity/WCLWD_Flaccidity/f_aug_0_5604.jpeg,WCLWD_Flaccidity
/home/sivabharathi/Documents/FinalYearProject/CocoCare/ml/data/raw/kaggle/WCLWD_Yellowing/WCLWD_Yellowing/f_aug_0_830.jpeg,WCLWD_Yellowing
/home/sivabharathi/Documents/FinalYearProject/CocoCare/ml/data/raw/kaggle/WCLWD_Flaccidity/WCLWD_Flaccidity/f_aug_0_2006.jpeg,WCLWD_Flaccidity
/home/sivabharathi/Documents/FinalYearProject/CocoCare/ml/data/raw/kaggle/WCLWD_DryingofLeaflets/WCLWD_DryingofLeaflets/f_aug_0_6057.jpeg,WCLWD_DryingofLeaflets
/home/sivabharathi/Documents/FinalYearProject/CocoCare/ml/data/raw/kaggle/WCLWD_Flaccidity/WCLWD_Flaccidity/f_aug_0_6266.jpeg,WCLWD_Flaccidity
/home/sivabharathi/Documents/FinalYearProject/CocoCare/ml/data/raw/kaggle/CCI_Leaflets/CCI_Leaflets/CCI_04__1_60.jpg,CCI_Leaflets
/home/sivabharathi/Documents/FinalYearProject/CocoCare/ml/data/raw/kaggle/CCI_Caterpillars/CCI_Caterpillars/CCI_5_184_jpg.rf.ebb33482268a61f1e030c407db3abd99.jpg,CCI_Caterpillars
/home/sivabharathi/Documents/FinalYearProject/CocoCare/ml/data/raw/kaggle/WCLWD_DryingofLeaflets/WCLWD_DryingofLeaflets/f_aug_0_5628.jpeg,WCLWD_DryingofLeaflets
/home/sivabharathi/Documents/FinalYearProject/CocoCare/ml/data/raw/kaggle/WCLWD_DryingofLeaflets/WCLWD_DryingofLeaflets/f_aug_0_6791.jpeg,WCLWD_DryingofLeaflets
/home/sivabharathi/Documents/FinalYearProject/CocoCare/ml/data/raw/kaggle/WCLWD_Yellowing/WCLWD_Yellowing/f_aug_0_2780.jpeg,WCLWD_Yellowing
/home/sivabharathi/Documents/FinalYearProject/CocoCare/ml/data/raw/kaggle/WCLWD_DryingofLeaflets/WCLWD_DryingofLeaflets/f_aug_0_4817.jpeg,WCLWD_DryingofLeaflets
/home/sivabharathi/Documents/FinalYearProject/CocoCare/ml/data/raw/kaggle/WCLWD_DryingofLeaflets/WCLWD_DryingofLeaflets/f_aug_0_2858.jpeg,WCLWD_DryingofLeaflets
/home/sivabharathi/Documents/FinalYearProject/CocoCare/ml/data/raw/kaggle/CCI_Leaflets/CCI_Leaflets/IMG_2773.JPG,CCI_Leaflets
/home/sivabharathi/Documents/FinalYearProject/CocoCare/ml/data/raw/kaggle/WCLWD_DryingofLeaflets/WCLWD_DryingofLeaflets/f_aug_0_4575.jpeg,WCLWD_DryingofLeaflets
/home/sivabharathi/Documents/FinalYearProject/CocoCare/ml/data/raw/kaggle/WCLWD_Flaccidity/WCLWD_Flaccidity/f_aug_0_5841.jpeg,WCLWD_Flaccidity
/home/sivabharathi/Documents/FinalYearProject/CocoCare/ml/data/raw/kaggle/CCI_Leaflets/CCI_Leaflets/CCI_07__1_880.jpg,CCI_Leaflets
/home/sivabharathi/Documents/FinalYearProject/CocoCare/ml/data/raw/kaggle/CCI_Caterpillars/CCI_Caterpillars/CCI_9_288_jpg.rf.6e620835c0c3fccab3d350f032510da5.jpg,CCI_Caterpillars
/home/sivabharathi/Documents/FinalYearProject/CocoCare/ml/data/raw/kaggle/WCLWD_Flaccidity/WCLWD_Flaccidity/f_aug_0_2142.jpeg,WCLWD_Flaccidity
/home/sivabharathi/Documents/FinalYearProject/CocoCare/ml/data/raw/kaggle/WCLWD_Yellowing/WCLWD_Yellowing/f_aug_0_4296.jpeg,WCLWD_Yellowing
/home/sivabharathi/Documents/FinalYearProject/CocoCare/ml/data/raw/kaggle/WCLWD_Yellowing/WCLWD_Yellowing/f_aug_0_5851.jpeg,WCLWD_Yellowing
/home/sivabharathi/Documents/FinalYearProject/CocoCare/ml/data/raw/kaggle/WCLWD_Flaccidity/WCLWD_Flaccidity/f_aug_0_4695.jpeg,WCLWD_Flaccidity
/home/sivabharathi/Documents/FinalYearProject/CocoCare/ml/data/raw/kaggle/Healthy_Leaves/Healthy_Leaves/Healthy_leaf_56.jpg,Healthy_Leaves
/home/sivabharathi/Documents/FinalYearProject/CocoCare/ml/data/raw/kaggle/CCI_Leaflets/CCI_Leaflets/CCI_02__1_1220.jpg,CCI_Leaflets
/home/sivabharathi/Documents/FinalYearProject/CocoCare/ml/data/raw/kaggle/CCI_Caterpillars/CCI_Caterpillars/CCI_1_90_jpg.rf.d2c7f1b07521c548cc796a7aacb8bd04.jpg,CCI_Caterpillars
/home/sivabharathi/Documents/FinalYearProject/CocoCare/ml/data/raw/kaggle/WCLWD_Flaccidity/WCLWD_Flaccidity/f_aug_0_2663.jpeg,WCLWD_Flaccidity
/home/sivabharathi/Documents/FinalYearProject/CocoCare/ml/data/raw/kaggle/CCI_Caterpillars/CCI_Caterpillars/CCI_2_104_jpg.rf.e8ff20ce21678d5c686623ae6ee0b94c.jpg,CCI_Caterpillars
/home/sivabharathi/Documents/FinalYearProject/CocoCare/ml/data/raw/kaggle/CCI_Leaflets/CCI_Leaflets/CCI_06__1_400.jpg,CCI_Leaflets
/home/sivabharathi/Documents/FinalYearProject/CocoCare/ml/data/raw/kaggle/WCLWD_DryingofLeaflets/WCLWD_DryingofLeaflets/f_aug_0_7985.jpeg,WCLWD_DryingofLeaflets
/home/sivabharathi/Documents/FinalYearProject/CocoCare/ml/data/raw/kaggle/CCI_Leaflets/CCI_Leaflets/CCI_15__1_220.jpg,CCI_Leaflets
/home/sivabharathi/Documents/FinalYearProject/CocoCare/ml/data/raw/kaggle/CCI_Leaflets/CCI_Leaflets/CCI_05__1_400.jpg,CCI_Leaflets
/home/sivabharathi/Documents/FinalYearProject/CocoCare/ml/data/raw/kaggle/WCLWD_DryingofLeaflets/WCLWD_DryingofLeaflets/f_aug_0_8047.jpeg,WCLWD_DryingofLeaflets
/home/sivabharathi/Documents/FinalYearProject/CocoCare/ml/data/raw/kaggle/WCLWD_Flaccidity/WCLWD_Flaccidity/f_aug_0_507.jpeg,WCLWD_Flaccidity
/home/sivabharathi/Documents/FinalYearProject/CocoCare/ml/data/raw/kaggle/CCI_Caterpillars/CCI_Caterpillars/CCI_8_96_jpg.rf.83c7274c6a082f2e61b63422023d5dee.jpg,CCI_Caterpillars
/home/sivabharathi/Documents/FinalYearProject/CocoCare/ml/data/raw/kaggle/CCI_Leaflets/CCI_Leaflets/CCI_01__1_900.jpg,CCI_Leaflets
/home/sivabharathi/Documents/FinalYearProject/CocoCare/ml/data/raw/kaggle/WCLWD_DryingofLeaflets/WCLWD_DryingofLeaflets/f_aug_0_7980.jpeg,WCLWD_DryingofLeaflets
/home/sivabharathi/Documents/FinalYearProject/CocoCare/ml/data/raw/kaggle/WCLWD_Flaccidity/WCLWD_Flaccidity/f_aug_0_56.jpeg,WCLWD_Flaccidity
/home/sivabharathi/Documents/FinalYearProject/CocoCare/ml/data/raw/kaggle/WCLWD_Flaccidity/WCLWD_Flaccidity/f_aug_0_6736.jpeg,WCLWD_Flaccidity
/home/sivabharathi/Documents/FinalYearProject/CocoCare/ml/data/raw/kaggle/WCLWD_DryingofLeaflets/WCLWD_DryingofLeaflets/f_aug_0_9384.jpeg,WCLWD_DryingofLeaflets
/home/sivabharathi/Documents/FinalYearProject/CocoCare/ml/data/raw/kaggle/CCI_Caterpillars/CCI_Caterpillars/CCI_10_144_jpg.rf.1f666d1e6395e1920433b78dcd6cf8ee.jpg,CCI_Caterpillars
/home/sivabharathi/Documents/FinalYearProject/CocoCare/ml/data/raw/kaggle/WCLWD_DryingofLeaflets/WCLWD_DryingofLeaflets/f_aug_0_3531.jpeg,WCLWD_DryingofLeaflets
/home/sivabharathi/Documents/FinalYearProject/CocoCare/ml/data/raw/kaggle/CCI_Caterpillars/CCI_Caterpillars/CCI_12_248_jpg.rf.87407100b0e7075513e892eed4638ed1.jpg,CCI_Caterpillars
/home/sivabharathi/Documents/FinalYearProject/CocoCare/ml/data/raw/kaggle/CCI_Caterpillars/CCI_Caterpillars/CCI_6_32_jpg.rf.fbe96f17c05d2f94b5b6ab9bf16b498d.jpg,CCI_Caterpillars
/home/sivabharathi/Documents/FinalYearProject/CocoCare/ml/data/raw/kaggle/CCI_Leaflets/CCI_Leaflets/CCI_01__1_400.jpg,CCI_Leaflets
/home/sivabharathi/Documents/FinalYearProject/CocoCare/ml/data/raw/kaggle/WCLWD_Flaccidity/WCLWD_Flaccidity/f_aug_0_1942.jpeg,WCLWD_Flaccidity
/home/sivabharathi/Documents/FinalYearProject/CocoCare/ml/data/raw/kaggle/WCLWD_Flaccidity/WCLWD_Flaccidity/f_aug_0_86.jpeg,WCLWD_Flaccidity
/home/sivabharathi/Documents/FinalYearProject/CocoCare/ml/data/raw/kaggle/CCI_Caterpillars/CCI_Caterpillars/CCI_12_56_jpg.rf.36d0b8672205c725d9e80edf402619cd.jpg,CCI_Caterpillars
/home/sivabharathi/Documents/FinalYearProject/CocoCare/ml/data/raw/kaggle/CCI_Caterpillars/CCI_Caterpillars/CCI_3_140_jpg.rf.cb7dfe113a707e9597d85b51c15221d2.jpg,CCI_Caterpillars
/home/sivabharathi/Documents/FinalYearProject/CocoCare/ml/data/raw/kaggle/CCI_Caterpillars/CCI_Caterpillars/CCI_9_168_jpg.rf.517615666f077780d184c52f54a3aafe.jpg,CCI_Caterpillars
/home/sivabharathi/Documents/FinalYearProject/CocoCare/ml/data/raw/kaggle/WCLWD_Flaccidity/WCLWD_Flaccidity/f_aug_0_8087.jpeg,WCLWD_Flaccidity
/home/sivabharathi/Documents/FinalYearProject/CocoCare/ml/data/raw/kaggle/WCLWD_DryingofLeaflets/WCLWD_DryingofLeaflets/f_aug_0_508.jpeg,WCLWD_DryingofLeaflets
/home/sivabharathi/Documents/FinalYearProject/CocoCare/ml/data/raw/kaggle/CCI_Caterpillars/CCI_Caterpillars/CCI_9_408_jpg.rf.fba46f0b425929798e957b808aadc880.jpg,CCI_Caterpillars
/home/sivabharathi/Documents/FinalYearProject/CocoCare/ml/data/raw/kaggle/WCLWD_Yellowing/WCLWD_Yellowing/f_aug_0_8917.jpeg,WCLWD_Yellowing
/home/sivabharathi/Documents/FinalYearProject/CocoCare/ml/data/raw/kaggle/WCLWD_Flaccidity/WCLWD_Flaccidity/f_aug_0_2151.jpeg,WCLWD_Flaccidity
/home/sivabharathi/Documents/FinalYearProject/CocoCare/ml/data/raw/kaggle/CCI_Leaflets/CCI_Leaflets/IMG_2628.JPG,CCI_Leaflets
/home/sivabharathi/Documents/FinalYearProject/CocoCare/ml/data/raw/kaggle/WCLWD_Yellowing/WCLWD_Yellowing/f_aug_0_6189.jpeg,WCLWD_Yellowing
/home/sivabharathi/Documents/FinalYearProject/CocoCare/ml/data/raw/kaggle/CCI_Caterpillars/CCI_Caterpillars/CCI_3_135_jpg.rf.4c5203105a88854dffc251d6ad70fbaf.jpg,CCI_Caterpillars
/home/sivabharathi/Documents/FinalYearProject/CocoCare/ml/data/raw/kaggle/WCLWD_Flaccidity/WCLWD_Flaccidity/f_aug_0_820.jpeg,WCLWD_Flaccidity
/home/sivabharathi/Documents/FinalYearProject/CocoCare/ml/data/raw/kaggle/WCLWD_Yellowing/WCLWD_Yellowing/f_aug_0_1720.jpeg,WCLWD_Yellowing
/home/sivabharathi/Documents/FinalYearProject/CocoCare/ml/data/raw/kaggle/WCLWD_Flaccidity/WCLWD_Flaccidity/f_aug_0_4214.jpeg,WCLWD_Flaccidity
/home/sivabharathi/Documents/FinalYearProject/CocoCare/ml/data/raw/kaggle/WCLWD_Yellowing/WCLWD_Yellowing/f_aug_0_5331.jpeg,WCLWD_Yellowing
/home/sivabharathi/Documents/FinalYearProject/CocoCare/ml/data/raw/kaggle/WCLWD_Flaccidity/WCLWD_Flaccidity/f_aug_0_4656.jpeg,WCLWD_Flaccidity
/home/sivabharathi/Documents/FinalYearProject/CocoCare/ml/data/raw/kaggle/WCLWD_Yellowing/WCLWD_Yellowing/f_aug_0_826.jpeg,WCLWD_Yellowing
/home/sivabharathi/Documents/FinalYearProject/CocoCare/ml/data/raw/kaggle/CCI_Caterpillars/CCI_Caterpillars/CCI_11_32_jpg.rf.571424b5156aa43497e04dd69f88382c.jpg,CCI_Caterpillars
/home/sivabharathi/Documents/FinalYearProject/CocoCare/ml/data/raw/kaggle/CCI_Leaflets/CCI_Leaflets/CCI_15__1_620.jpg,CCI_Leaflets
/home/sivabharathi/Documents/FinalYearProject/CocoCare/ml/data/raw/kaggle/WCLWD_Flaccidity/WCLWD_Flaccidity/f_aug_0_7670.jpeg,WCLWD_Flaccidity
/home/sivabharathi/Documents/FinalYearProject/CocoCare/ml/data/raw/kaggle/WCLWD_DryingofLeaflets/WCLWD_DryingofLeaflets/f_aug_0_7420.jpeg,WCLWD_DryingofLeaflets
/home/sivabharathi/Documents/FinalYearProject/CocoCare/ml/data/raw/kaggle/CCI_Leaflets/CCI_Leaflets/CCI_02__1_2040.jpg,CCI_Leaflets
/home/sivabharathi/Documents/FinalYearProject/CocoCare/ml/data/raw/kaggle/CCI_Leaflets/CCI_Leaflets/IMG_2775.JPG,CCI_Leaflets
/home/sivabharathi/Documents/FinalYearProject/CocoCare/ml/data/raw/kaggle/CCI_Caterpillars/CCI_Caterpillars/CCI_3_200_jpg.rf.bcdd5b9d78444e37dfb77e082c4042e0.jpg,CCI_Caterpillars
/home/sivabharathi/Documents/FinalYearProject/CocoCare/ml/data/raw/kaggle/CCI_Caterpillars/CCI_Caterpillars/CCI_5_352_jpg.rf.545ca5bd3897ec1a1becd41fcb0d45c6.jpg,CCI_Caterpillars
/home/sivabharathi/Documents/FinalYearProject/CocoCare/ml/data/raw/kaggle/WCLWD_Flaccidity/WCLWD_Flaccidity/f_aug_0_4205.jpeg,WCLWD_Flaccidity
/home/sivabharathi/Documents/FinalYearProject/CocoCare/ml/data/raw/kaggle/CCI_Leaflets/CCI_Leaflets/IMG_2716.JPG,CCI_Leaflets
/home/sivabharathi/Documents/FinalYearProject/CocoCare/ml/data/raw/kaggle/CCI_Leaflets/CCI_Leaflets/IMG_2744.JPG,CCI_Leaflets
/home/sivabharathi/Documents/FinalYearProject/CocoCare/ml/data/raw/kaggle/WCLWD_Flaccidity/WCLWD_Flaccidity/f_aug_0_2996.jpeg,WCLWD_Flaccidity
/home/sivabharathi/Documents/FinalYearProject/CocoCare/ml/data/raw/kaggle/WCLWD_DryingofLeaflets/WCLWD_DryingofLeaflets/f_aug_0_1332.jpeg,WCLWD_DryingofLeaflets
/home/sivabharathi/Documents/FinalYearProject/CocoCare/ml/data/raw/kaggle/WCLWD_Yellowing/WCLWD_Yellowing/f_aug_0_1327.jpeg,WCLWD_Yellowing
/home/sivabharathi/Documents/FinalYearProject/CocoCare/ml/data/raw/kaggle/WCLWD_Flaccidity/WCLWD_Flaccidity/f_aug_0_3649.jpeg,WCLWD_Flaccidity
/home/sivabharathi/Documents/FinalYearProject/CocoCare/ml/data/raw/kaggle/WCLWD_Yellowing/WCLWD_Yellowing/f_aug_0_4347.jpeg,WCLWD_Yellowing
/home/sivabharathi/Documents/FinalYearProject/CocoCare/ml/data/raw/kaggle/CCI_Caterpillars/CCI_Caterpillars/CCI_8_32_jpg.rf.500ac00de3266580b4e56cebddadaf19.jpg,CCI_Caterpillars
/home/sivabharathi/Documents/FinalYearProject/CocoCare/ml/data/raw/kaggle/WCLWD_DryingofLeaflets/WCLWD_DryingofLeaflets/f_aug_0_5710.jpeg,WCLWD_DryingofLeaflets
/home/sivabharathi/Documents/FinalYearProject/CocoCare/ml/data/raw/kaggle/WCLWD_Flaccidity/WCLWD_Flaccidity/f_aug_0_1813.jpeg,WCLWD_Flaccidity
/home/sivabharathi/Documents/FinalYearProject/CocoCare/ml/data/raw/kaggle/WCLWD_DryingofLeaflets/WCLWD_DryingofLeaflets/f_aug_0_9729.jpeg,WCLWD_DryingofLeaflets
/home/sivabharathi/Documents/FinalYearProject/CocoCare/ml/data/raw/kaggle/CCI_Leaflets/CCI_Leaflets/CCI_15__1_20.jpg,CCI_Leaflets
/home/sivabharathi/Documents/FinalYearProject/CocoCare/ml/data/raw/kaggle/CCI_Caterpillars/CCI_Caterpillars/CCI_9_16_jpg.rf.2cdc1fae85ae6448040f170b5466c4ec.jpg,CCI_Caterpillars
/home/sivabharathi/Documents/FinalYearProject/CocoCare/ml/data/raw/kaggle/WCLWD_Flaccidity/WCLWD_Flaccidity/f_aug_0_8783.jpeg,WCLWD_Flaccidity
/home/sivabharathi/Documents/FinalYearProject/CocoCare/ml/data/raw/kaggle/CCI_Caterpillars/CCI_Caterpillars/CCI_9_360_jpg.rf.96184d7f5ed68222c42c717ca5b55fed.jpg,CCI_Caterpillars
/home/sivabharathi/Documents/FinalYearProject/CocoCare/ml/data/raw/kaggle/CCI_Caterpillars/CCI_Caterpillars/CCI_9_208_jpg.rf.5db37e7041e1e560df127e777aa9cabd.jpg,CCI_Caterpillars
/home/sivabharathi/Documents/FinalYearProject/CocoCare/ml/data/raw/kaggle/CCI_Caterpillars/CCI_Caterpillars/CCI_10_16_jpg.rf.86adaffba873ee7460767a492ad4e0e2.jpg,CCI_Caterpillars
/home/sivabharathi/Documents/FinalYearProject/CocoCare/ml/data/raw/kaggle/WCLWD_Yellowing/WCLWD_Yellowing/f_aug_0_2829.jpeg,WCLWD_Yellowing
/home/sivabharathi/Documents/FinalYearProject/CocoCare/ml/data/raw/kaggle/WCLWD_DryingofLeaflets/WCLWD_DryingofLeaflets/f_aug_0_9933.jpeg,WCLWD_DryingofLeaflets
/home/sivabharathi/Documents/FinalYearProject/CocoCare/ml/data/raw/kaggle/WCLWD_Yellowing/WCLWD_Yellowing/f_aug_0_7274.jpeg,WCLWD_Yellowing
/home/sivabharathi/Documents/FinalYearProject/CocoCare/ml/data/raw/kaggle/CCI_Caterpillars/CCI_Caterpillars/CCI_11_216_jpg.rf.a3d3c28e76e6218e0162aaee03ca0664.jpg,CCI_Caterpillars
/home/sivabharathi/Documents/FinalYearProject/CocoCare/ml/data/raw/kaggle/CCI_Caterpillars/CCI_Caterpillars/CCI_9_376_jpg.rf.3f90c32113a09ac3c17825d5009476b1.jpg,CCI_Caterpillars
/home/sivabharathi/Documents/FinalYearProject/CocoCare/ml/data/raw/kaggle/WCLWD_DryingofLeaflets/WCLWD_DryingofLeaflets/f_aug_0_1316.jpeg,WCLWD_DryingofLeaflets
/home/sivabharathi/Documents/FinalYearProject/CocoCare/ml/data/raw/kaggle/WCLWD_DryingofLeaflets/WCLWD_DryingofLeaflets/f_aug_0_4365.jpeg,WCLWD_DryingofLeaflets
/home/sivabharathi/Documents/FinalYearProject/CocoCare/ml/data/raw/kaggle/WCLWD_Flaccidity/WCLWD_Flaccidity/f_aug_0_4152.jpeg,WCLWD_Flaccidity
/home/sivabharathi/Documents/FinalYearProject/CocoCare/ml/data/raw/kaggle/WCLWD_DryingofLeaflets/WCLWD_DryingofLeaflets/f_aug_0_8316.jpeg,WCLWD_DryingofLeaflets
/home/sivabharathi/Documents/FinalYearProject/CocoCare/ml/data/raw/kaggle/WCLWD_DryingofLeaflets/WCLWD_DryingofLeaflets/f_aug_0_5322.jpeg,WCLWD_DryingofLeaflets
/home/sivabharathi/Documents/FinalYearProject/CocoCare/ml/data/raw/kaggle/WCLWD_DryingofLeaflets/WCLWD_DryingofLeaflets/f_aug_0_7326.jpeg,WCLWD_DryingofLeaflets
/home/sivabharathi/Documents/FinalYearProject/CocoCare/ml/data/raw/kaggle/WCLWD_Flaccidity/WCLWD_Flaccidity/f_aug_0_8193.jpeg,WCLWD_Flaccidity
/home/sivabharathi/Documents/FinalYearProject/CocoCare/ml/data/raw/kaggle/CCI_Caterpillars/CCI_Caterpillars/CCI_3_0_jpg.rf.e3953cf47f4511ae302fb52cd815f0af.jpg,CCI_Caterpillars
/home/sivabharathi/Documents/FinalYearProject/CocoCare/ml/data/raw/kaggle/CCI_Caterpillars/CCI_Caterpillars/CCI_2_304_jpg.rf.072463fbea2781a284686e64317354c8.jpg,CCI_Caterpillars
/home/sivabharathi/Documents/FinalYearProject/CocoCare/ml/data/raw/kaggle/WCLWD_Yellowing/WCLWD_Yellowing/f_aug_0_1109.jpeg,WCLWD_Yellowing
/home/sivabharathi/Documents/FinalYearProject/CocoCare/ml/data/raw/kaggle/WCLWD_DryingofLeaflets/WCLWD_DryingofLeaflets/f_aug_0_2462.jpeg,WCLWD_DryingofLeaflets
/home/sivabharathi/Documents/FinalYearProject/CocoCare/ml/data/raw/kaggle/WCLWD_Flaccidity/WCLWD_Flaccidity/f_aug_0_6311.jpeg,WCLWD_Flaccidity
/home/sivabharathi/Documents/FinalYearProject/CocoCare/ml/data/raw/kaggle/WCLWD_DryingofLeaflets/WCLWD_DryingofLeaflets/f_aug_0_7677.jpeg,WCLWD_DryingofLeaflets
/home/sivabharathi/Documents/FinalYearProject/CocoCare/ml/data/raw/kaggle/CCI_Caterpillars/CCI_Caterpillars/CCI_3_180_jpg.rf.38886dc728377f57eeec9ccb3959463b.jpg,CCI_Caterpillars
/home/sivabharathi/Documents/FinalYearProject/CocoCare/ml/data/raw/kaggle/Healthy_Leaves/Healthy_Leaves/Healthy_leaf_3.jpg,Healthy_Leaves
/home/sivabharathi/Documents/FinalYearProject/CocoCare/ml/data/raw/kaggle/WCLWD_DryingofLeaflets/WCLWD_DryingofLeaflets/f_aug_0_2753.jpeg,WCLWD_DryingofLeaflets
/home/sivabharathi/Documents/FinalYearProject/CocoCare/ml/data/raw/kaggle/CCI_Leaflets/CCI_Leaflets/CCI_06__1_60.jpg,CCI_Leaflets
/home/sivabharathi/Documents/FinalYearProject/CocoCare/ml/data/raw/kaggle/WCLWD_DryingofLeaflets/WCLWD_DryingofLeaflets/f_aug_0_3309.jpeg,WCLWD_DryingofLeaflets
/home/sivabharathi/Documents/FinalYearProject/CocoCare/ml/data/raw/kaggle/CCI_Leaflets/CCI_Leaflets/CCI_12__1_820.jpg,CCI_Leaflets
/home/sivabharathi/Documents/FinalYearProject/CocoCare/ml/data/raw/kaggle/WCLWD_Yellowing/WCLWD_Yellowing/f_aug_0_7933.jpeg,WCLWD_Yellowing
/home/sivabharathi/Documents/FinalYearProject/CocoCare/ml/data/raw/kaggle/CCI_Leaflets/CCI_Leaflets/CCI_05__1_600.jpg,CCI_Leaflets
/home/sivabharathi/Documents/FinalYearProject/CocoCare/ml/data/raw/kaggle/WCLWD_Yellowing/WCLWD_Yellowing/f_aug_0_1265.jpeg,WCLWD_Yellowing
/home/sivabharathi/Documents/FinalYearProject/CocoCare/ml/data/raw/kaggle/CCI_Caterpillars/CCI_Caterpillars/CCI_12_296_jpg.rf.188dd7497247ee60977f1664d43804de.jpg,CCI_Caterpillars
/home/sivabharathi/Documents/FinalYearProject/CocoCare/ml/data/raw/kaggle/WCLWD_Flaccidity/WCLWD_Flaccidity/f_aug_0_8419.jpeg,WCLWD_Flaccidity
/home/sivabharathi/Documents/FinalYearProject/CocoCare/ml/data/raw/kaggle/CCI_Caterpillars/CCI_Caterpillars/CCI_1_55_jpg.rf.f058724775fe7243a6770f88bce915f2.jpg,CCI_Caterpillars
/home/sivabharathi/Documents/FinalYearProject/CocoCare/ml/data/raw/kaggle/CCI_Leaflets/CCI_Leaflets/CCI_02__1_560.jpg,CCI_Leaflets
/home/sivabharathi/Documents/FinalYearProject/CocoCare/ml/data/raw/kaggle/WCLWD_Flaccidity/WCLWD_Flaccidity/f_aug_0_7113.jpeg,WCLWD_Flaccidity
/home/sivabharathi/Documents/FinalYearProject/CocoCare/ml/data/raw/kaggle/WCLWD_Yellowing/WCLWD_Yellowing/f_aug_0_8309.jpeg,WCLWD_Yellowing
/home/sivabharathi/Documents/FinalYearProject/CocoCare/ml/data/raw/kaggle/WCLWD_Flaccidity/WCLWD_Flaccidity/f_aug_0_0.jpeg,WCLWD_Flaccidity
/home/sivabharathi/Documents/FinalYearProject/CocoCare/ml/data/raw/kaggle/CCI_Leaflets/CCI_Leaflets/CCI_16__1_280.jpg,CCI_Leaflets
/home/sivabharathi/Documents/FinalYearProject/CocoCare/ml/data/raw/kaggle/CCI_Leaflets/CCI_Leaflets/CCI_10__1_60.jpg,CCI_Leaflets
/home/sivabharathi/Documents/FinalYearProject/CocoCare/ml/data/raw/kaggle/WCLWD_Flaccidity/WCLWD_Flaccidity/f_aug_0_8980.jpeg,WCLWD_Flaccidity
/home/sivabharathi/Documents/FinalYearProject/CocoCare/ml/data/raw/kaggle/WCLWD_DryingofLeaflets/WCLWD_DryingofLeaflets/f_aug_0_2383.jpeg,WCLWD_DryingofLeaflets
/home/sivabharathi/Documents/FinalYearProject/CocoCare/ml/data/raw/kaggle/CCI_Caterpillars/CCI_Caterpillars/CCI_2_240_jpg.rf.2f99115f63f1309c61076ce5755d1356.jpg,CCI_Caterpillars
/home/sivabharathi/Documents/FinalYearProject/CocoCare/ml/data/raw/kaggle/WCLWD_Flaccidity/WCLWD_Flaccidity/f_aug_0_6744.jpeg,WCLWD_Flaccidity
/home/sivabharathi/Documents/FinalYearProject/CocoCare/ml/data/raw/kaggle/CCI_Leaflets/CCI_Leaflets/CCI_15__1_480.jpg,CCI_Leaflets
/home/sivabharathi/Documents/FinalYearProject/CocoCare/ml/data/raw/kaggle/WCLWD_Yellowing/WCLWD_Yellowing/f_aug_0_9788.jpeg,WCLWD_Yellowing
/home/sivabharathi/Documents/FinalYearProject/CocoCare/ml/data/raw/kaggle/CCI_Leaflets/CCI_Leaflets/IMG_2795.JPG,CCI_Leaflets
/home/sivabharathi/Documents/FinalYearProject/CocoCare/ml/data/raw/kaggle/CCI_Caterpillars/CCI_Caterpillars/CCI_11_216_jpg.rf.a2693cea9ca4304f4f7e56d7fe776bb0.jpg,CCI_Caterpillars
/home/sivabharathi/Documents/FinalYearProject/CocoCare/ml/data/raw/kaggle/CCI_Leaflets/CCI_Leaflets/CCI_02__1_2200.jpg,CCI_Leaflets
/home/sivabharathi/Documents/FinalYearProject/CocoCare/ml/data/raw/kaggle/WCLWD_Flaccidity/WCLWD_Flaccidity/f_aug_0_2253.jpeg,WCLWD_Flaccidity
/home/sivabharathi/Documents/FinalYearProject/CocoCare/ml/data/raw/kaggle/CCI_Leaflets/CCI_Leaflets/IMG_2661.JPG,CCI_Leaflets
/home/sivabharathi/Documents/FinalYearProject/CocoCare/ml/data/raw/kaggle/WCLWD_DryingofLeaflets/WCLWD_DryingofLeaflets/f_aug_0_380.jpeg,WCLWD_DryingofLeaflets
/home/sivabharathi/Documents/FinalYearProject/CocoCare/ml/data/raw/kaggle/WCLWD_Flaccidity/WCLWD_Flaccidity/f_aug_0_6406.jpeg,WCLWD_Flaccidity
/home/sivabharathi/Documents/FinalYearProject/CocoCare/ml/data/raw/kaggle/CCI_Leaflets/CCI_Leaflets/CCI_15__1_1160.jpg,CCI_Leaflets
/home/sivabharathi/Documents/FinalYearProject/CocoCare/ml/data/raw/kaggle/WCLWD_DryingofLeaflets/WCLWD_DryingofLeaflets/f_aug_0_4650.jpeg,WCLWD_DryingofLeaflets
/home/sivabharathi/Documents/FinalYearProject/CocoCare/ml/data/raw/kaggle/WCLWD_Yellowing/WCLWD_Yellowing/f_aug_0_7420.jpeg,WCLWD_Yellowing
/home/sivabharathi/Documents/FinalYearProject/CocoCare/ml/data/raw/kaggle/WCLWD_Flaccidity/WCLWD_Flaccidity/f_aug_0_4352.jpeg,WCLWD_Flaccidity
/home/sivabharathi/Documents/FinalYearProject/CocoCare/ml/data/raw/kaggle/WCLWD_DryingofLeaflets/WCLWD_DryingofLeaflets/f_aug_0_2181.jpeg,WCLWD_DryingofLeaflets
/home/sivabharathi/Documents/FinalYearProject/CocoCare/ml/data/raw/kaggle/CCI_Leaflets/CCI_Leaflets/CCI_14__1_820.jpg,CCI_Leaflets
/home/sivabharathi/Documents/FinalYearProject/CocoCare/ml/data/raw/kaggle/WCLWD_Flaccidity/WCLWD_Flaccidity/f_aug_0_5832.jpeg,WCLWD_Flaccidity
/home/sivabharathi/Documents/FinalYearProject/CocoCare/ml/data/raw/kaggle/WCLWD_DryingofLeaflets/WCLWD_DryingofLeaflets/f_aug_0_3233.jpeg,WCLWD_DryingofLeaflets
/home/sivabharathi/Documents/FinalYearProject/CocoCare/ml/data/raw/kaggle/CCI_Caterpillars/CCI_Caterpillars/CCI_10_152_jpg.rf.72001b4af5d8a79e0d1193005b3d851b.jpg,CCI_Caterpillars
/home/sivabharathi/Documents/FinalYearProject/CocoCare/ml/data/raw/kaggle/WCLWD_Yellowing/WCLWD_Yellowing/f_aug_0_7750.jpeg,WCLWD_Yellowing
/home/sivabharathi/Documents/FinalYearProject/CocoCare/ml/data/raw/kaggle/WCLWD_Flaccidity/WCLWD_Flaccidity/f_aug_0_8926.jpeg,WCLWD_Flaccidity
/home/sivabharathi/Documents/FinalYearProject/CocoCare/ml/data/raw/kaggle/CCI_Caterpillars/CCI_Caterpillars/CCI_10_96_jpg.rf.edb148ef963f2cece6268a610d958ac2.jpg,CCI_Caterpillars
/home/sivabharathi/Documents/FinalYearProject/CocoCare/ml/data/raw/kaggle/WCLWD_DryingofLeaflets/WCLWD_DryingofLeaflets/f_aug_0_9883.jpeg,WCLWD_DryingofLeaflets
/home/sivabharathi/Documents/FinalYearProject/CocoCare/ml/data/raw/kaggle/WCLWD_DryingofLeaflets/WCLWD_DryingofLeaflets/f_aug_0_6615.jpeg,WCLWD_DryingofLeaflets
/home/sivabharathi/Documents/FinalYearProject/CocoCare/ml/data/raw/kaggle/CCI_Caterpillars/CCI_Caterpillars/CCI_7_120_jpg.rf.38fcb4f54a3a283f85b2bfe12b0f368d.jpg,CCI_Caterpillars
/home/sivabharathi/Documents/FinalYearProject/CocoCare/ml/data/raw/kaggle/WCLWD_DryingofLeaflets/WCLWD_DryingofLeaflets/f_aug_0_3208.jpeg,WCLWD_DryingofLeaflets
/home/sivabharathi/Documents/FinalYearProject/CocoCare/ml/data/raw/kaggle/WCLWD_Flaccidity/WCLWD_Flaccidity/f_aug_0_6249.jpeg,WCLWD_Flaccidity
/home/sivabharathi/Documents/FinalYearProject/CocoCare/ml/data/raw/kaggle/WCLWD_DryingofLeaflets/WCLWD_DryingofLeaflets/f_aug_0_4658.jpeg,WCLWD_DryingofLeaflets
/home/sivabharathi/Documents/FinalYearProject/CocoCare/ml/data/raw/kaggle/WCLWD_Flaccidity/WCLWD_Flaccidity/f_aug_0_9796.jpeg,WCLWD_Flaccidity
/home/sivabharathi/Documents/FinalYearProject/CocoCare/ml/data/raw/kaggle/WCLWD_Yellowing/WCLWD_Yellowing/f_aug_0_8357.jpeg,WCLWD_Yellowing
/home/sivabharathi/Documents/FinalYearProject/CocoCare/ml/data/raw/kaggle/WCLWD_Flaccidity/WCLWD_Flaccidity/f_aug_0_2345.jpeg,WCLWD_Flaccidity
/home/sivabharathi/Documents/FinalYearProject/CocoCare/ml/data/raw/kaggle/WCLWD_Flaccidity/WCLWD_Flaccidity/f_aug_0_5290.jpeg,WCLWD_Flaccidity
/home/sivabharathi/Documents/FinalYearProject/CocoCare/ml/data/raw/kaggle/CCI_Leaflets/CCI_Leaflets/CCI_14__1_20.jpg,CCI_Leaflets
/home/sivabharathi/Documents/FinalYearProject/CocoCare/ml/data/raw/kaggle/WCLWD_DryingofLeaflets/WCLWD_DryingofLeaflets/f_aug_0_2804.jpeg,WCLWD_DryingofLeaflets
/home/sivabharathi/Documents/FinalYearProject/CocoCare/ml/data/raw/kaggle/CCI_Caterpillars/CCI_Caterpillars/CCI_7_64_jpg.rf.6eab7ac17b3b3b58055c4a98b775c8af.jpg,CCI_Caterpillars
/home/sivabharathi/Documents/FinalYearProject/CocoCare/ml/data/raw/kaggle/WCLWD_Yellowing/WCLWD_Yellowing/f_aug_0_9444.jpeg,WCLWD_Yellowing
/home/sivabharathi/Documents/FinalYearProject/CocoCare/ml/data/raw/kaggle/CCI_Leaflets/CCI_Leaflets/IMG_2537.JPG,CCI_Leaflets
/home/sivabharathi/Documents/FinalYearProject/CocoCare/ml/data/raw/kaggle/WCLWD_DryingofLeaflets/WCLWD_DryingofLeaflets/f_aug_0_4846.jpeg,WCLWD_DryingofLeaflets
/home/sivabharathi/Documents/FinalYearProject/CocoCare/ml/data/raw/kaggle/WCLWD_Yellowing/WCLWD_Yellowing/f_aug_0_8999.jpeg,WCLWD_Yellowing
/home/sivabharathi/Documents/FinalYearProject/CocoCare/ml/data/raw/kaggle/WCLWD_Yellowing/WCLWD_Yellowing/f_aug_0_7702.jpeg,WCLWD_Yellowing
/home/sivabharathi/Documents/FinalYearProject/CocoCare/ml/data/raw/kaggle/WCLWD_Flaccidity/WCLWD_Flaccidity/f_aug_0_7475.jpeg,WCLWD_Flaccidity
/home/sivabharathi/Documents/FinalYearProject/CocoCare/ml/data/raw/kaggle/WCLWD_Yellowing/WCLWD_Yellowing/f_aug_0_7829.jpeg,WCLWD_Yellowing
/home/sivabharathi/Documents/FinalYearProject/CocoCare/ml/data/raw/kaggle/WCLWD_DryingofLeaflets/WCLWD_DryingofLeaflets/f_aug_0_6066.jpeg,WCLWD_DryingofLeaflets
/home/sivabharathi/Documents/FinalYearProject/CocoCare/ml/data/raw/kaggle/WCLWD_Yellowing/WCLWD_Yellowing/f_aug_0_8545.jpeg,WCLWD_Yellowing
/home/sivabharathi/Documents/FinalYearProject/CocoCare/ml/data/raw/kaggle/WCLWD_Flaccidity/WCLWD_Flaccidity/f_aug_0_4256.jpeg,WCLWD_Flaccidity
/home/sivabharathi/Documents/FinalYearProject/CocoCare/ml/data/raw/kaggle/WCLWD_DryingofLeaflets/WCLWD_DryingofLeaflets/f_aug_0_4953.jpeg,WCLWD_DryingofLeaflets
/home/sivabharathi/Documents/FinalYearProject/CocoCare/ml/data/raw/kaggle/WCLWD_Yellowing/WCLWD_Yellowing/f_aug_0_4818.jpeg,WCLWD_Yellowing
/home/sivabharathi/Documents/FinalYearProject/CocoCare/ml/data/raw/kaggle/WCLWD_DryingofLeaflets/WCLWD_DryingofLeaflets/f_aug_0_5467.jpeg,WCLWD_DryingofLeaflets
/home/sivabharathi/Documents/FinalYearProject/CocoCare/ml/data/raw/kaggle/CCI_Caterpillars/CCI_Caterpillars/CCI_8_192_jpg.rf.9cef61c52ca2b38208764190052467be.jpg,CCI_Caterpillars
/home/sivabharathi/Documents/FinalYearProject/CocoCare/ml/data/raw/kaggle/WCLWD_DryingofLeaflets/WCLWD_DryingofLeaflets/f_aug_0_3583.jpeg,WCLWD_DryingofLeaflets
/home/sivabharathi/Documents/FinalYearProject/CocoCare/ml/data/raw/kaggle/WCLWD_Yellowing/WCLWD_Yellowing/f_aug_0_6679.jpeg,WCLWD_Yellowing
/home/sivabharathi/Documents/FinalYearProject/CocoCare/ml/data/raw/kaggle/WCLWD_Yellowing/WCLWD_Yellowing/f_aug_0_8683.jpeg,WCLWD_Yellowing
/home/sivabharathi/Documents/FinalYearProject/CocoCare/ml/data/raw/kaggle/CCI_Caterpillars/CCI_Caterpillars/CCI_9_64_jpg.rf.b7d253490fdcf24fb2e390c6a657bb3c.jpg,CCI_Caterpillars
/home/sivabharathi/Documents/FinalYearProject/CocoCare/ml/data/raw/kaggle/WCLWD_Yellowing/WCLWD_Yellowing/f_aug_0_5684.jpeg,WCLWD_Yellowing
/home/sivabharathi/Documents/FinalYearProject/CocoCare/ml/data/raw/kaggle/WCLWD_Yellowing/WCLWD_Yellowing/f_aug_0_9049.jpeg,WCLWD_Yellowing
/home/sivabharathi/Documents/FinalYearProject/CocoCare/ml/data/raw/kaggle/WCLWD_Flaccidity/WCLWD_Flaccidity/f_aug_0_3539.jpeg,WCLWD_Flaccidity
/home/sivabharathi/Documents/FinalYearProject/CocoCare/ml/data/raw/kaggle/CCI_Caterpillars/CCI_Caterpillars/CCI_3_5_jpg.rf.37835f4a0623a8601dc6e20776651e4d.jpg,CCI_Caterpillars
/home/sivabharathi/Documents/FinalYearProject/CocoCare/ml/data/raw/kaggle/CCI_Leaflets/CCI_Leaflets/CCI_13__1_900.jpg,CCI_Leaflets
/home/sivabharathi/Documents/FinalYearProject/CocoCare/ml/data/raw/kaggle/WCLWD_DryingofLeaflets/WCLWD_DryingofLeaflets/f_aug_0_9488.jpeg,WCLWD_DryingofLeaflets
/home/sivabharathi/Documents/FinalYearProject/CocoCare/ml/data/raw/kaggle/WCLWD_DryingofLeaflets/WCLWD_DryingofLeaflets/f_aug_0_117.jpeg,WCLWD_DryingofLeaflets
/home/sivabharathi/Documents/FinalYearProject/CocoCare/ml/data/raw/kaggle/WCLWD_DryingofLeaflets/WCLWD_DryingofLeaflets/f_aug_0_8578.jpeg,WCLWD_DryingofLeaflets
/home/sivabharathi/Documents/FinalYearProject/CocoCare/ml/data/raw/kaggle/CCI_Caterpillars/CCI_Caterpillars/CCI_2_280_jpg.rf.2aba217ec5d84f5377e2c158d3625dc1.jpg,CCI_Caterpillars
/home/sivabharathi/Documents/FinalYearProject/CocoCare/ml/data/raw/kaggle/WCLWD_DryingofLeaflets/WCLWD_DryingofLeaflets/f_aug_0_2954.jpeg,WCLWD_DryingofLeaflets
/home/sivabharathi/Documents/FinalYearProject/CocoCare/ml/data/raw/kaggle/WCLWD_Flaccidity/WCLWD_Flaccidity/f_aug_0_8259.jpeg,WCLWD_Flaccidity
/home/sivabharathi/Documents/FinalYearProject/CocoCare/ml/data/raw/kaggle/WCLWD_Yellowing/WCLWD_Yellowing/f_aug_0_3652.jpeg,WCLWD_Yellowing
/home/sivabharathi/Documents/FinalYearProject/CocoCare/ml/data/raw/kaggle/CCI_Leaflets/CCI_Leaflets/CCI_02__1_980.jpg,CCI_Leaflets
/home/sivabharathi/Documents/FinalYearProject/CocoCare/ml/data/raw/kaggle/WCLWD_Yellowing/WCLWD_Yellowing/f_aug_0_16.jpeg,WCLWD_Yellowing
/home/sivabharathi/Documents/FinalYearProject/CocoCare/ml/data/raw/kaggle/WCLWD_Flaccidity/WCLWD_Flaccidity/f_aug_0_9058.jpeg,WCLWD_Flaccidity
/home/sivabharathi/Documents/FinalYearProject/CocoCare/ml/data/raw/kaggle/CCI_Leaflets/CCI_Leaflets/CCI_10__1_140.jpg,CCI_Leaflets
/home/sivabharathi/Documents/FinalYearProject/CocoCare/ml/data/raw/kaggle/CCI_Caterpillars/CCI_Caterpillars/CCI_2_208_jpg.rf.860641bf38e6c69fb9c8d126d6213072.jpg,CCI_Caterpillars
/home/sivabharathi/Documents/FinalYearProject/CocoCare/ml/data/raw/kaggle/CCI_Caterpillars/CCI_Caterpillars/CCI_7_160_jpg.rf.48ab74b655530e7d069c602185002869.jpg,CCI_Caterpillars
/home/sivabharathi/Documents/FinalYearProject/CocoCare/ml/data/raw/kaggle/CCI_Leaflets/CCI_Leaflets/CCI_14__1_1020.jpg,CCI_Leaflets
/home/sivabharathi/Documents/FinalYearProject/CocoCare/ml/data/raw/kaggle/WCLWD_Yellowing/WCLWD_Yellowing/f_aug_0_2493.jpeg,WCLWD_Yellowing
/home/sivabharathi/Documents/FinalYearProject/CocoCare/ml/data/raw/kaggle/WCLWD_Yellowing/WCLWD_Yellowing/f_aug_0_5169.jpeg,WCLWD_Yellowing
/home/sivabharathi/Documents/FinalYearProject/CocoCare/ml/data/raw/kaggle/CCI_Leaflets/CCI_Leaflets/IMG_2789.JPG,CCI_Leaflets
/home/sivabharathi/Documents/FinalYearProject/CocoCare/ml/data/raw/kaggle/CCI_Caterpillars/CCI_Caterpillars/CCI_10_240_jpg.rf.6815dac083aec564d2b8cd63c7c3ce3c.jpg,CCI_Caterpillars
/home/sivabharathi/Documents/FinalYearProject/CocoCare/ml/data/raw/kaggle/CCI_Leaflets/CCI_Leaflets/CCI_02__1_1340.jpg,CCI_Leaflets
/home/sivabharathi/Documents/FinalYearProject/CocoCare/ml/data/raw/kaggle/WCLWD_Yellowing/WCLWD_Yellowing/f_aug_0_4956.jpeg,WCLWD_Yellowing
/home/sivabharathi/Documents/FinalYearProject/CocoCare/ml/data/raw/kaggle/WCLWD_DryingofLeaflets/WCLWD_DryingofLeaflets/f_aug_0_3335.jpeg,WCLWD_DryingofLeaflets
/home/sivabharathi/Documents/FinalYearProject/CocoCare/ml/data/raw/kaggle/WCLWD_Flaccidity/WCLWD_Flaccidity/f_aug_0_70.jpeg,WCLWD_Flaccidity
/home/sivabharathi/Documents/FinalYearProject/CocoCare/ml/data/raw/kaggle/CCI_Caterpillars/CCI_Caterpillars/CCI_5_8_jpg.rf.3e6eef7561bf10059e27534b748537a8.jpg,CCI_Caterpillars
/home/sivabharathi/Documents/FinalYearProject/CocoCare/ml/data/raw/kaggle/CCI_Caterpillars/CCI_Caterpillars/CCI_10_152_jpg.rf.eca35178417141f7d204a52026ceccde.jpg,CCI_Caterpillars
/home/sivabharathi/Documents/FinalYearProject/CocoCare/ml/data/raw/kaggle/WCLWD_Flaccidity/WCLWD_Flaccidity/f_aug_0_3063.jpeg,WCLWD_Flaccidity
/home/sivabharathi/Documents/FinalYearProject/CocoCare/ml/data/raw/kaggle/CCI_Caterpillars/CCI_Caterpillars/CCI_3_115_jpg.rf.51b530e11a1c6b70147d75588711df5c.jpg,CCI_Caterpillars
/home/sivabharathi/Documents/FinalYearProject/CocoCare/ml/data/raw/kaggle/WCLWD_Yellowing/WCLWD_Yellowing/f_aug_0_7563.jpeg,WCLWD_Yellowing
/home/sivabharathi/Documents/FinalYearProject/CocoCare/ml/data/raw/kaggle/WCLWD_Flaccidity/WCLWD_Flaccidity/f_aug_0_7266.jpeg,WCLWD_Flaccidity
/home/sivabharathi/Documents/FinalYearProject/CocoCare/ml/data/raw/kaggle/Healthy_Leaves/Healthy_Leaves/Healthy_leaf_50.jpg,Healthy_Leaves
/home/sivabharathi/Documents/FinalYearProject/CocoCare/ml/data/raw/kaggle/CCI_Caterpillars/CCI_Caterpillars/CCI_3_30_jpg.rf.ac72ce5a77be85e5b6380b3db5f4b7a3.jpg,CCI_Caterpillars
/home/sivabharathi/Documents/FinalYearProject/CocoCare/ml/data/raw/kaggle/WCLWD_DryingofLeaflets/WCLWD_DryingofLeaflets/f_aug_0_4674.jpeg,WCLWD_DryingofLeaflets
/home/sivabharathi/Documents/FinalYearProject/CocoCare/ml/data/raw/kaggle/WCLWD_DryingofLeaflets/WCLWD_DryingofLeaflets/f_aug_0_4689.jpeg,WCLWD_DryingofLeaflets
/home/sivabharathi/Documents/FinalYearProject/CocoCare/ml/data/raw/kaggle/WCLWD_DryingofLeaflets/WCLWD_DryingofLeaflets/f_aug_0_2619.jpeg,WCLWD_DryingofLeaflets
/home/sivabharathi/Documents/FinalYearProject/CocoCare/ml/data/raw/kaggle/WCLWD_Flaccidity/WCLWD_Flaccidity/f_aug_0_6565.jpeg,WCLWD_Flaccidity
/home/sivabharathi/Documents/FinalYearProject/CocoCare/ml/data/raw/kaggle/WCLWD_DryingofLeaflets/WCLWD_DryingofLeaflets/f_aug_0_2034.jpeg,WCLWD_DryingofLeaflets
/home/sivabharathi/Documents/FinalYearProject/CocoCare/ml/data/raw/kaggle/CCI_Leaflets/CCI_Leaflets/CCI_11__1_520.jpg,CCI_Leaflets
/home/sivabharathi/Documents/FinalYearProject/CocoCare/ml/data/raw/kaggle/WCLWD_Flaccidity/WCLWD_Flaccidity/f_aug_0_2075.jpeg,WCLWD_Flaccidity
/home/sivabharathi/Documents/FinalYearProject/CocoCare/ml/data/raw/kaggle/WCLWD_Yellowing/WCLWD_Yellowing/f_aug_0_6579.jpeg,WCLWD_Yellowing
/home/sivabharathi/Documents/FinalYearProject/CocoCare/ml/data/raw/kaggle/WCLWD_DryingofLeaflets/WCLWD_DryingofLeaflets/f_aug_0_7105.jpeg,WCLWD_DryingofLeaflets
/home/sivabharathi/Documents/FinalYearProject/CocoCare/ml/data/raw/kaggle/WCLWD_Yellowing/WCLWD_Yellowing/f_aug_0_9238.jpeg,WCLWD_Yellowing
/home/sivabharathi/Documents/FinalYearProject/CocoCare/ml/data/raw/kaggle/WCLWD_Yellowing/WCLWD_Yellowing/f_aug_0_4099.jpeg,WCLWD_Yellowing
/home/sivabharathi/Documents/FinalYearProject/CocoCare/ml/data/raw/kaggle/WCLWD_Flaccidity/WCLWD_Flaccidity/f_aug_0_6562.jpeg,WCLWD_Flaccidity
/home/sivabharathi/Documents/FinalYearProject/CocoCare/ml/data/raw/kaggle/CCI_Leaflets/CCI_Leaflets/IMG_2781.JPG,CCI_Leaflets
/home/sivabharathi/Documents/FinalYearProject/CocoCare/ml/data/raw/kaggle/WCLWD_Flaccidity/WCLWD_Flaccidity/f_aug_0_8365.jpeg,WCLWD_Flaccidity
/home/sivabharathi/Documents/FinalYearProject/CocoCare/ml/data/raw/kaggle/WCLWD_DryingofLeaflets/WCLWD_DryingofLeaflets/f_aug_0_3511.jpeg,WCLWD_DryingofLeaflets
/home/sivabharathi/Documents/FinalYearProject/CocoCare/ml/data/raw/kaggle/CCI_Caterpillars/CCI_Caterpillars/CCI_3_145_jpg.rf.3fb0ec307987e201686ea866a5daeb19.jpg,CCI_Caterpillars
/home/sivabharathi/Documents/FinalYearProject/CocoCare/ml/data/raw/kaggle/CCI_Caterpillars/CCI_Caterpillars/CCI_1_388_jpg.rf.2a1080e2bdc82c1029517a8df98a4567.jpg,CCI_Caterpillars
/home/sivabharathi/Documents/FinalYearProject/CocoCare/ml/data/raw/kaggle/CCI_Caterpillars/CCI_Caterpillars/CCI_10_48_jpg.rf.c2a534ee7f98de2b006e9d3a2799b617.jpg,CCI_Caterpillars
/home/sivabharathi/Documents/FinalYearProject/CocoCare/ml/data/raw/kaggle/WCLWD_Yellowing/WCLWD_Yellowing/f_aug_0_9239.jpeg,WCLWD_Yellowing
/home/sivabharathi/Documents/FinalYearProject/CocoCare/ml/data/raw/kaggle/WCLWD_Yellowing/WCLWD_Yellowing/f_aug_0_6503.jpeg,WCLWD_Yellowing
/home/sivabharathi/Documents/FinalYearProject/CocoCare/ml/data/raw/kaggle/WCLWD_Yellowing/WCLWD_Yellowing/f_aug_0_9994.jpeg,WCLWD_Yellowing
/home/sivabharathi/Documents/FinalYearProject/CocoCare/ml/data/raw/kaggle/CCI_Caterpillars/CCI_Caterpillars/CCI_3_40_jpg.rf.8e88a2d6c238d5cd66543f7e6aef3573.jpg,CCI_Caterpillars
/home/sivabharathi/Documents/FinalYearProject/CocoCare/ml/data/raw/kaggle/WCLWD_Yellowing/WCLWD_Yellowing/f_aug_0_5410.jpeg,WCLWD_Yellowing
/home/sivabharathi/Documents/FinalYearProject/CocoCare/ml/data/raw/kaggle/WCLWD_Flaccidity/WCLWD_Flaccidity/f_aug_0_2354.jpeg,WCLWD_Flaccidity
/home/sivabharathi/Documents/FinalYearProject/CocoCare/ml/data/raw/kaggle/CCI_Caterpillars/CCI_Caterpillars/CCI_8_264_jpg.rf.bbf1078025ff6a2f18c10e0b5e82db7b.jpg,CCI_Caterpillars
/home/sivabharathi/Documents/FinalYearProject/CocoCare/ml/data/raw/kaggle/WCLWD_DryingofLeaflets/WCLWD_DryingofLeaflets/f_aug_0_4440.jpeg,WCLWD_DryingofLeaflets
/home/sivabharathi/Documents/FinalYearProject/CocoCare/ml/data/raw/kaggle/WCLWD_Yellowing/WCLWD_Yellowing/f_aug_0_8459.jpeg,WCLWD_Yellowing
/home/sivabharathi/Documents/FinalYearProject/CocoCare/ml/data/raw/kaggle/WCLWD_Flaccidity/WCLWD_Flaccidity/f_aug_0_9073.jpeg,WCLWD_Flaccidity
/home/sivabharathi/Documents/FinalYearProject/CocoCare/ml/data/raw/kaggle/WCLWD_DryingofLeaflets/WCLWD_DryingofLeaflets/f_aug_0_3997.jpeg,WCLWD_DryingofLeaflets
/home/sivabharathi/Documents/FinalYearProject/CocoCare/ml/data/raw/kaggle/WCLWD_DryingofLeaflets/WCLWD_DryingofLeaflets/f_aug_0_8773.jpeg,WCLWD_DryingofLeaflets
/home/sivabharathi/Documents/FinalYearProject/CocoCare/ml/data/raw/kaggle/CCI_Caterpillars/CCI_Caterpillars/CCI_3_120_jpg.rf.b3828b0ee5b4414cfa370f7985944bba.jpg,CCI_Caterpillars
/home/sivabharathi/Documents/FinalYearProject/CocoCare/ml/data/raw/kaggle/WCLWD_DryingofLeaflets/WCLWD_DryingofLeaflets/f_aug_0_6165.jpeg,WCLWD_DryingofLeaflets
/home/sivabharathi/Documents/FinalYearProject/CocoCare/ml/data/raw/kaggle/WCLWD_DryingofLeaflets/WCLWD_DryingofLeaflets/f_aug_0_4222.jpeg,WCLWD_DryingofLeaflets
/home/sivabharathi/Documents/FinalYearProject/CocoCare/ml/data/raw/kaggle/CCI_Leaflets/CCI_Leaflets/CCI_11__1_360.jpg,CCI_Leaflets
/home/sivabharathi/Documents/FinalYearProject/CocoCare/ml/data/raw/kaggle/CCI_Caterpillars/CCI_Caterpillars/CCI_5_184_jpg.rf.ecafce65197bb23d299235b14fa5866c.jpg,CCI_Caterpillars
/home/sivabharathi/Documents/FinalYearProject/CocoCare/ml/data/raw/kaggle/WCLWD_Flaccidity/WCLWD_Flaccidity/f_aug_0_406.jpeg,WCLWD_Flaccidity
/home/sivabharathi/Documents/FinalYearProject/CocoCare/ml/data/raw/kaggle/WCLWD_Yellowing/WCLWD_Yellowing/f_aug_0_668.jpeg,WCLWD_Yellowing
/home/sivabharathi/Documents/FinalYearProject/CocoCare/ml/data/raw/kaggle/WCLWD_Yellowing/WCLWD_Yellowing/f_aug_0_629.jpeg,WCLWD_Yellowing
/home/sivabharathi/Documents/FinalYearProject/CocoCare/ml/data/raw/kaggle/WCLWD_DryingofLeaflets/WCLWD_DryingofLeaflets/f_aug_0_9792.jpeg,WCLWD_DryingofLeaflets
/home/sivabharathi/Documents/FinalYearProject/CocoCare/ml/data/raw/kaggle/WCLWD_DryingofLeaflets/WCLWD_DryingofLeaflets/f_aug_0_6491.jpeg,WCLWD_DryingofLeaflets
/home/sivabharathi/Documents/FinalYearProject/CocoCare/ml/data/raw/kaggle/WCLWD_Flaccidity/WCLWD_Flaccidity/f_aug_0_2371.jpeg,WCLWD_Flaccidity
/home/sivabharathi/Documents/FinalYearProject/CocoCare/ml/data/raw/kaggle/CCI_Caterpillars/CCI_Caterpillars/CCI_7_64_jpg.rf.6ed4128fa2faf2ffcceb6a2fcc677c1f.jpg,CCI_Caterpillars
/home/sivabharathi/Documents/FinalYearProject/CocoCare/ml/data/raw/kaggle/WCLWD_Yellowing/WCLWD_Yellowing/f_aug_0_2073.jpeg,WCLWD_Yellowing
/home/sivabharathi/Documents/FinalYearProject/CocoCare/ml/data/raw/kaggle/WCLWD_Flaccidity/WCLWD_Flaccidity/f_aug_0_7737.jpeg,WCLWD_Flaccidity
/home/sivabharathi/Documents/FinalYearProject/CocoCare/ml/data/raw/kaggle/WCLWD_Flaccidity/WCLWD_Flaccidity/f_aug_0_5116.jpeg,WCLWD_Flaccidity
/home/sivabharathi/Documents/FinalYearProject/CocoCare/ml/data/raw/kaggle/WCLWD_Flaccidity/WCLWD_Flaccidity/f_aug_0_9117.jpeg,WCLWD_Flaccidity
/home/sivabharathi/Documents/FinalYearProject/CocoCare/ml/data/raw/kaggle/CCI_Caterpillars/CCI_Caterpillars/CCI_5_360_jpg.rf.cd4bb45349bc3c06cb9cb23948d3ad77.jpg,CCI_Caterpillars
/home/sivabharathi/Documents/FinalYearProject/CocoCare/ml/data/raw/kaggle/CCI_Leaflets/CCI_Leaflets/IMG_2817.JPG,CCI_Leaflets
/home/sivabharathi/Documents/FinalYearProject/CocoCare/ml/data/raw/kaggle/CCI_Caterpillars/CCI_Caterpillars/CCI_3_125_jpg.rf.81ccff90ce1bdeac4855909c32dcc349.jpg,CCI_Caterpillars
/home/sivabharathi/Documents/FinalYearProject/CocoCare/ml/data/raw/kaggle/WCLWD_DryingofLeaflets/WCLWD_DryingofLeaflets/f_aug_0_8941.jpeg,WCLWD_DryingofLeaflets
/home/sivabharathi/Documents/FinalYearProject/CocoCare/ml/data/raw/kaggle/WCLWD_Yellowing/WCLWD_Yellowing/f_aug_0_4832.jpeg,WCLWD_Yellowing
/home/sivabharathi/Documents/FinalYearProject/CocoCare/ml/data/raw/kaggle/WCLWD_Yellowing/WCLWD_Yellowing/f_aug_0_1534.jpeg,WCLWD_Yellowing
/home/sivabharathi/Documents/FinalYearProject/CocoCare/ml/data/raw/kaggle/WCLWD_Yellowing/WCLWD_Yellowing/f_aug_0_5060.jpeg,WCLWD_Yellowing
/home/sivabharathi/Documents/FinalYearProject/CocoCare/ml/data/raw/kaggle/WCLWD_DryingofLeaflets/WCLWD_DryingofLeaflets/f_aug_0_5314.jpeg,WCLWD_DryingofLeaflets
/home/sivabharathi/Documents/FinalYearProject/CocoCare/ml/data/raw/kaggle/WCLWD_Yellowing/WCLWD_Yellowing/f_aug_0_8736.jpeg,WCLWD_Yellowing
/home/sivabharathi/Documents/FinalYearProject/CocoCare/ml/data/raw/kaggle/CCI_Caterpillars/CCI_Caterpillars/CCI_5_8_jpg.rf.9a5bffc88f969f62097854230f92f93f.jpg,CCI_Caterpillars
/home/sivabharathi/Documents/FinalYearProject/CocoCare/ml/data/raw/kaggle/CCI_Caterpillars/CCI_Caterpillars/i2_jpg.rf.bae2c2da5f89d743d41cfb0774ddb09c.jpg,CCI_Caterpillars
/home/sivabharathi/Documents/FinalYearProject/CocoCare/ml/data/raw/kaggle/CCI_Leaflets/CCI_Leaflets/CCI_10__1_360.jpg,CCI_Leaflets
/home/sivabharathi/Documents/FinalYearProject/CocoCare/ml/data/raw/kaggle/WCLWD_Yellowing/WCLWD_Yellowing/f_aug_0_7252.jpeg,WCLWD_Yellowing
/home/sivabharathi/Documents/FinalYearProject/CocoCare/ml/data/raw/kaggle/WCLWD_Flaccidity/WCLWD_Flaccidity/f_aug_0_7403.jpeg,WCLWD_Flaccidity
/home/sivabharathi/Documents/FinalYearProject/CocoCare/ml/data/raw/kaggle/WCLWD_Yellowing/WCLWD_Yellowing/f_aug_0_8135.jpeg,WCLWD_Yellowing
/home/sivabharathi/Documents/FinalYearProject/CocoCare/ml/data/raw/kaggle/CCI_Caterpillars/CCI_Caterpillars/CCI_3_160_jpg.rf.21c1884fbe6f2ac394c4a4b2dd2753a0.jpg,CCI_Caterpillars
/home/sivabharathi/Documents/FinalYearProject/CocoCare/ml/data/raw/kaggle/CCI_Caterpillars/CCI_Caterpillars/CCI_8_240_jpg.rf.73073e68e01340d516dfd4c1aac081b3.jpg,CCI_Caterpillars
/home/sivabharathi/Documents/FinalYearProject/CocoCare/ml/data/raw/kaggle/WCLWD_Yellowing/WCLWD_Yellowing/f_aug_0_45.jpeg,WCLWD_Yellowing
/home/sivabharathi/Documents/FinalYearProject/CocoCare/ml/data/raw/kaggle/CCI_Caterpillars/CCI_Caterpillars/CCI_8_280_jpg.rf.26dc06af8fc34c50114a4cd7b70b4ddb.jpg,CCI_Caterpillars
/home/sivabharathi/Documents/FinalYearProject/CocoCare/ml/data/raw/kaggle/WCLWD_Yellowing/WCLWD_Yellowing/f_aug_0_5040.jpeg,WCLWD_Yellowing
/home/sivabharathi/Documents/FinalYearProject/CocoCare/ml/data/raw/kaggle/WCLWD_Yellowing/WCLWD_Yellowing/f_aug_0_2762.jpeg,WCLWD_Yellowing
/home/sivabharathi/Documents/FinalYearProject/CocoCare/ml/data/raw/kaggle/WCLWD_DryingofLeaflets/WCLWD_DryingofLeaflets/f_aug_0_515.jpeg,WCLWD_DryingofLeaflets
/home/sivabharathi/Documents/FinalYearProject/CocoCare/ml/data/raw/kaggle/WCLWD_Yellowing/WCLWD_Yellowing/f_aug_0_7284.jpeg,WCLWD_Yellowing
/home/sivabharathi/Documents/FinalYearProject/CocoCare/ml/data/raw/kaggle/CCI_Caterpillars/CCI_Caterpillars/CCI_3_30_jpg.rf.2f3e0d025e774d98faeb47111139e220.jpg,CCI_Caterpillars
/home/sivabharathi/Documents/FinalYearProject/CocoCare/ml/data/raw/kaggle/WCLWD_DryingofLeaflets/WCLWD_DryingofLeaflets/f_aug_0_2711.jpeg,WCLWD_DryingofLeaflets
/home/sivabharathi/Documents/FinalYearProject/CocoCare/ml/data/raw/kaggle/Healthy_Leaves/Healthy_Leaves/Healthy_leaf_11.jpg,Healthy_Leaves
/home/sivabharathi/Documents/FinalYearProject/CocoCare/ml/data/raw/kaggle/WCLWD_Yellowing/WCLWD_Yellowing/f_aug_0_6156.jpeg,WCLWD_Yellowing
/home/sivabharathi/Documents/FinalYearProject/CocoCare/ml/data/raw/kaggle/WCLWD_Flaccidity/WCLWD_Flaccidity/f_aug_0_5819.jpeg,WCLWD_Flaccidity
/home/sivabharathi/Documents/FinalYearProject/CocoCare/ml/data/raw/kaggle/CCI_Caterpillars/CCI_Caterpillars/CCI_7_112_jpg.rf.3d70be036b766c887e3363fbbbcbf9ab.jpg,CCI_Caterpillars
/home/sivabharathi/Documents/FinalYearProject/CocoCare/ml/data/raw/kaggle/CCI_Caterpillars/CCI_Caterpillars/CCI_1_544_jpg.rf.6fa03774b3e8350106b5a5cec78976ff.jpg,CCI_Caterpillars
/home/sivabharathi/Documents/FinalYearProject/CocoCare/ml/data/raw/kaggle/WCLWD_Yellowing/WCLWD_Yellowing/f_aug_0_1156.jpeg,WCLWD_Yellowing
/home/sivabharathi/Documents/FinalYearProject/CocoCare/ml/data/raw/kaggle/WCLWD_Yellowing/WCLWD_Yellowing/DSC_0061.JPG,WCLWD_Yellowing
/home/sivabharathi/Documents/FinalYearProject/CocoCare/ml/data/raw/kaggle/CCI_Caterpillars/CCI_Caterpillars/CCI_2_32_jpg.rf.daf6a630f4dca9e494ac2cf73ea19481.jpg,CCI_Caterpillars
/home/sivabharathi/Documents/FinalYearProject/CocoCare/ml/data/raw/kaggle/WCLWD_Flaccidity/WCLWD_Flaccidity/f_aug_0_2723.jpeg,WCLWD_Flaccidity
/home/sivabharathi/Documents/FinalYearProject/CocoCare/ml/data/raw/kaggle/CCI_Caterpillars/CCI_Caterpillars/CCI_3_210_jpg.rf.5d3afe5f8ed2c346669d6aa35f669588.jpg,CCI_Caterpillars
/home/sivabharathi/Documents/FinalYearProject/CocoCare/ml/data/raw/kaggle/WCLWD_DryingofLeaflets/WCLWD_DryingofLeaflets/f_aug_0_5672.jpeg,WCLWD_DryingofLeaflets
/home/sivabharathi/Documents/FinalYearProject/CocoCare/ml/data/raw/kaggle/WCLWD_DryingofLeaflets/WCLWD_DryingofLeaflets/f_aug_0_9960.jpeg,WCLWD_DryingofLeaflets
/home/sivabharathi/Documents/FinalYearProject/CocoCare/ml/data/raw/kaggle/WCLWD_Yellowing/WCLWD_Yellowing/f_aug_0_8574.jpeg,WCLWD_Yellowing
/home/sivabharathi/Documents/FinalYearProject/CocoCare/ml/data/raw/kaggle/CCI_Leaflets/CCI_Leaflets/CCI_12__1_620.jpg,CCI_Leaflets
/home/sivabharathi/Documents/FinalYearProject/CocoCare/ml/data/raw/kaggle/WCLWD_DryingofLeaflets/WCLWD_DryingofLeaflets/f_aug_0_2830.jpeg,WCLWD_DryingofLeaflets
/home/sivabharathi/Documents/FinalYearProject/CocoCare/ml/data/raw/kaggle/WCLWD_Yellowing/WCLWD_Yellowing/f_aug_0_6473.jpeg,WCLWD_Yellowing
/home/sivabharathi/Documents/FinalYearProject/CocoCare/ml/data/raw/kaggle/CCI_Caterpillars/CCI_Caterpillars/CCI_5_104_jpg.rf.4538c0effdbc30bb2ae634c173d7d8ee.jpg,CCI_Caterpillars
/home/sivabharathi/Documents/FinalYearProject/CocoCare/ml/data/raw/kaggle/CCI_Caterpillars/CCI_Caterpillars/CCI_2_264_jpg.rf.e9755f6fe2e7f24a8422a38758d043e1.jpg,CCI_Caterpillars
/home/sivabharathi/Documents/FinalYearProject/CocoCare/ml/data/raw/kaggle/CCI_Leaflets/CCI_Leaflets/CCI_04__1_460.jpg,CCI_Leaflets
/home/sivabharathi/Documents/FinalYearProject/CocoCare/ml/data/raw/kaggle/CCI_Leaflets/CCI_Leaflets/CCI_06__1_180.jpg,CCI_Leaflets
/home/sivabharathi/Documents/FinalYearProject/CocoCare/ml/data/raw/kaggle/WCLWD_DryingofLeaflets/WCLWD_DryingofLeaflets/f_aug_0_4356.jpeg,WCLWD_DryingofLeaflets
/home/sivabharathi/Documents/FinalYearProject/CocoCare/ml/data/raw/kaggle/WCLWD_Yellowing/WCLWD_Yellowing/f_aug_0_4861.jpeg,WCLWD_Yellowing
/home/sivabharathi/Documents/FinalYearProject/CocoCare/ml/data/raw/kaggle/WCLWD_Yellowing/WCLWD_Yellowing/f_aug_0_507.jpeg,WCLWD_Yellowing
/home/sivabharathi/Documents/FinalYearProject/CocoCare/ml/data/raw/kaggle/WCLWD_DryingofLeaflets/WCLWD_DryingofLeaflets/f_aug_0_3103.jpeg,WCLWD_DryingofLeaflets
/home/sivabharathi/Documents/FinalYearProject/CocoCare/ml/data/raw/kaggle/CCI_Caterpillars/CCI_Caterpillars/CCI_3_250_jpg.rf.ee941677e39ec54d77779d3a2cc57da7.jpg,CCI_Caterpillars
/home/sivabharathi/Documents/FinalYearProject/CocoCare/ml/data/raw/kaggle/WCLWD_Flaccidity/WCLWD_Flaccidity/f_aug_0_4087.jpeg,WCLWD_Flaccidity
/home/sivabharathi/Documents/FinalYearProject/CocoCare/ml/data/raw/kaggle/WCLWD_Yellowing/WCLWD_Yellowing/f_aug_0_3135.jpeg,WCLWD_Yellowing
/home/sivabharathi/Documents/FinalYearProject/CocoCare/ml/data/raw/kaggle/WCLWD_Yellowing/WCLWD_Yellowing/f_aug_0_1898.jpeg,WCLWD_Yellowing
/home/sivabharathi/Documents/FinalYearProject/CocoCare/ml/data/raw/kaggle/WCLWD_Flaccidity/WCLWD_Flaccidity/f_aug_0_9309.jpeg,WCLWD_Flaccidity
/home/sivabharathi/Documents/FinalYearProject/CocoCare/ml/data/raw/kaggle/WCLWD_Yellowing/WCLWD_Yellowing/f_aug_0_8310.jpeg,WCLWD_Yellowing
/home/sivabharathi/Documents/FinalYearProject/CocoCare/ml/data/raw/kaggle/CCI_Caterpillars/CCI_Caterpillars/CCI_2_144_jpg.rf.770d296f56699225153265831022df82.jpg,CCI_Caterpillars
/home/sivabharathi/Documents/FinalYearProject/CocoCare/ml/data/raw/kaggle/WCLWD_Flaccidity/WCLWD_Flaccidity/f_aug_0_2285.jpeg,WCLWD_Flaccidity
/home/sivabharathi/Documents/FinalYearProject/CocoCare/ml/data/raw/kaggle/CCI_Leaflets/CCI_Leaflets/CCI_05__1_180.jpg,CCI_Leaflets
/home/sivabharathi/Documents/FinalYearProject/CocoCare/ml/data/raw/kaggle/CCI_Leaflets/CCI_Leaflets/CCI_09__1_540.jpg,CCI_Leaflets
/home/sivabharathi/Documents/FinalYearProject/CocoCare/ml/data/raw/kaggle/WCLWD_Flaccidity/WCLWD_Flaccidity/f_aug_0_1654.jpeg,WCLWD_Flaccidity
/home/sivabharathi/Documents/FinalYearProject/CocoCare/ml/data/raw/kaggle/WCLWD_Flaccidity/WCLWD_Flaccidity/f_aug_0_5221.jpeg,WCLWD_Flaccidity
/home/sivabharathi/Documents/FinalYearProject/CocoCare/ml/data/raw/kaggle/CCI_Leaflets/CCI_Leaflets/IMG_2750.JPG,CCI_Leaflets
/home/sivabharathi/Documents/FinalYearProject/CocoCare/ml/data/raw/kaggle/WCLWD_Yellowing/WCLWD_Yellowing/f_aug_0_5100.jpeg,WCLWD_Yellowing
/home/sivabharathi/Documents/FinalYearProject/CocoCare/ml/data/raw/kaggle/WCLWD_DryingofLeaflets/WCLWD_DryingofLeaflets/f_aug_0_1789.jpeg,WCLWD_DryingofLeaflets
/home/sivabharathi/Documents/FinalYearProject/CocoCare/ml/data/raw/kaggle/WCLWD_Flaccidity/WCLWD_Flaccidity/f_aug_0_387.jpeg,WCLWD_Flaccidity
/home/sivabharathi/Documents/FinalYearProject/CocoCare/ml/data/raw/kaggle/WCLWD_Flaccidity/WCLWD_Flaccidity/f_aug_0_967.jpeg,WCLWD_Flaccidity
/home/sivabharathi/Documents/FinalYearProject/CocoCare/ml/data/raw/kaggle/WCLWD_Yellowing/WCLWD_Yellowing/f_aug_0_9720.jpeg,WCLWD_Yellowing
/home/sivabharathi/Documents/FinalYearProject/CocoCare/ml/data/raw/kaggle/CCI_Caterpillars/CCI_Caterpillars/CCI_8_96_jpg.rf.a9586ae6ee348bed69eca29bfaf2bc61.jpg,CCI_Caterpillars
/home/sivabharathi/Documents/FinalYearProject/CocoCare/ml/data/raw/kaggle/CCI_Caterpillars/CCI_Caterpillars/CCI_2_96_jpg.rf.250d4846f774ade5d24801df83711718.jpg,CCI_Caterpillars
/home/sivabharathi/Documents/FinalYearProject/CocoCare/ml/data/raw/kaggle/WCLWD_DryingofLeaflets/WCLWD_DryingofLeaflets/f_aug_0_7284.jpeg,WCLWD_DryingofLeaflets
/home/sivabharathi/Documents/FinalYearProject/CocoCare/ml/data/raw/kaggle/WCLWD_Flaccidity/WCLWD_Flaccidity/f_aug_0_9656.jpeg,WCLWD_Flaccidity
/home/sivabharathi/Documents/FinalYearProject/CocoCare/ml/data/raw/kaggle/CCI_Leaflets/CCI_Leaflets/CCI_09__1_600.jpg,CCI_Leaflets
/home/sivabharathi/Documents/FinalYearProject/CocoCare/ml/data/raw/kaggle/CCI_Caterpillars/CCI_Caterpillars/CCI_12_40_jpg.rf.59094f218b1f3cf35d3caa0a20c85741.jpg,CCI_Caterpillars
/home/sivabharathi/Documents/FinalYearProject/CocoCare/ml/data/raw/kaggle/WCLWD_DryingofLeaflets/WCLWD_DryingofLeaflets/f_aug_0_3743.jpeg,WCLWD_DryingofLeaflets
/home/sivabharathi/Documents/FinalYearProject/CocoCare/ml/data/raw/kaggle/WCLWD_DryingofLeaflets/WCLWD_DryingofLeaflets/DSC_0114.JPG,WCLWD_DryingofLeaflets
/home/sivabharathi/Documents/FinalYearProject/CocoCare/ml/data/raw/kaggle/CCI_Caterpillars/CCI_Caterpillars/CCI_12_48_jpg.rf.3df3c555f69fcda5ee318949a26b13c9.jpg,CCI_Caterpillars
/home/sivabharathi/Documents/FinalYearProject/CocoCare/ml/data/raw/kaggle/CCI_Leaflets/CCI_Leaflets/CCI_12__1_560.jpg,CCI_Leaflets
/home/sivabharathi/Documents/FinalYearProject/CocoCare/ml/data/raw/kaggle/CCI_Leaflets/CCI_Leaflets/CCI_11__1_880.jpg,CCI_Leaflets
/home/sivabharathi/Documents/FinalYearProject/CocoCare/ml/data/raw/kaggle/WCLWD_Flaccidity/WCLWD_Flaccidity/f_aug_0_817.jpeg,WCLWD_Flaccidity
/home/sivabharathi/Documents/FinalYearProject/CocoCare/ml/data/raw/kaggle/CCI_Leaflets/CCI_Leaflets/IMG_2793.JPG,CCI_Leaflets
/home/sivabharathi/Documents/FinalYearProject/CocoCare/ml/data/raw/kaggle/CCI_Caterpillars/CCI_Caterpillars/CCI_5_16_jpg.rf.055cc9a4c292a0eac1e1b9a5ca7c5215.jpg,CCI_Caterpillars
/home/sivabharathi/Documents/FinalYearProject/CocoCare/ml/data/raw/kaggle/WCLWD_Flaccidity/WCLWD_Flaccidity/f_aug_0_5130.jpeg,WCLWD_Flaccidity
/home/sivabharathi/Documents/FinalYearProject/CocoCare/ml/data/raw/kaggle/CCI_Caterpillars/CCI_Caterpillars/CCI_12_64_jpg.rf.5899267805f69575c93fb439b4a6a488.jpg,CCI_Caterpillars
/home/sivabharathi/Documents/FinalYearProject/CocoCare/ml/data/raw/kaggle/CCI_Caterpillars/CCI_Caterpillars/CCI_8_160_jpg.rf.17be29fb799c191b98b1a92d9d37b9da.jpg,CCI_Caterpillars
/home/sivabharathi/Documents/FinalYearProject/CocoCare/ml/data/raw/kaggle/WCLWD_DryingofLeaflets/WCLWD_DryingofLeaflets/f_aug_0_486.jpeg,WCLWD_DryingofLeaflets
/home/sivabharathi/Documents/FinalYearProject/CocoCare/ml/data/raw/kaggle/WCLWD_Flaccidity/WCLWD_Flaccidity/f_aug_0_6080.jpeg,WCLWD_Flaccidity
/home/sivabharathi/Documents/FinalYearProject/CocoCare/ml/data/raw/kaggle/WCLWD_Flaccidity/WCLWD_Flaccidity/f_aug_0_8950.jpeg,WCLWD_Flaccidity
/home/sivabharathi/Documents/FinalYearProject/CocoCare/ml/data/raw/kaggle/CCI_Caterpillars/CCI_Caterpillars/CCI_1_376_jpg.rf.4a588d21afe167fed05533e4c0762a10.jpg,CCI_Caterpillars
/home/sivabharathi/Documents/FinalYearProject/CocoCare/ml/data/raw/kaggle/CCI_Leaflets/CCI_Leaflets/CCI_09__1_20.jpg,CCI_Leaflets
/home/sivabharathi/Documents/FinalYearProject/CocoCare/ml/data/raw/kaggle/WCLWD_DryingofLeaflets/WCLWD_DryingofLeaflets/f_aug_0_4137.jpeg,WCLWD_DryingofLeaflets
/home/sivabharathi/Documents/FinalYearProject/CocoCare/ml/data/raw/kaggle/WCLWD_Yellowing/WCLWD_Yellowing/f_aug_0_7997.jpeg,WCLWD_Yellowing
/home/sivabharathi/Documents/FinalYearProject/CocoCare/ml/data/raw/kaggle/WCLWD_DryingofLeaflets/WCLWD_DryingofLeaflets/f_aug_0_1548.jpeg,WCLWD_DryingofLeaflets
/home/sivabharathi/Documents/FinalYearProject/CocoCare/ml/data/raw/kaggle/WCLWD_Yellowing/WCLWD_Yellowing/f_aug_0_3801.jpeg,WCLWD_Yellowing
/home/sivabharathi/Documents/FinalYearProject/CocoCare/ml/data/raw/kaggle/CCI_Leaflets/CCI_Leaflets/CCI_07__1_340.jpg,CCI_Leaflets
/home/sivabharathi/Documents/FinalYearProject/CocoCare/ml/data/raw/kaggle/WCLWD_Yellowing/WCLWD_Yellowing/f_aug_0_7675.jpeg,WCLWD_Yellowing
/home/sivabharathi/Documents/FinalYearProject/CocoCare/ml/data/raw/kaggle/WCLWD_DryingofLeaflets/WCLWD_DryingofLeaflets/f_aug_0_9899.jpeg,WCLWD_DryingofLeaflets
/home/sivabharathi/Documents/FinalYearProject/CocoCare/ml/data/raw/kaggle/WCLWD_Yellowing/WCLWD_Yellowing/f_aug_0_2437.jpeg,WCLWD_Yellowing
/home/sivabharathi/Documents/FinalYearProject/CocoCare/ml/data/raw/kaggle/CCI_Leaflets/CCI_Leaflets/CCI_13__1_320.jpg,CCI_Leaflets
/home/sivabharathi/Documents/FinalYearProject/CocoCare/ml/data/raw/kaggle/WCLWD_DryingofLeaflets/WCLWD_DryingofLeaflets/f_aug_0_4094.jpeg,WCLWD_DryingofLeaflets
/home/sivabharathi/Documents/FinalYearProject/CocoCare/ml/data/raw/kaggle/WCLWD_Yellowing/WCLWD_Yellowing/f_aug_0_9326.jpeg,WCLWD_Yellowing
/home/sivabharathi/Documents/FinalYearProject/CocoCare/ml/data/raw/kaggle/WCLWD_Yellowing/WCLWD_Yellowing/f_aug_0_5090.jpeg,WCLWD_Yellowing
/home/sivabharathi/Documents/FinalYearProject/CocoCare/ml/data/raw/kaggle/CCI_Caterpillars/CCI_Caterpillars/CCI_12_184_jpg.rf.3695adf39310b9257d3fad9ca1cf82cd.jpg,CCI_Caterpillars
/home/sivabharathi/Documents/FinalYearProject/CocoCare/ml/data/raw/kaggle/CCI_Leaflets/CCI_Leaflets/CCI_15__1_880.jpg,CCI_Leaflets
/home/sivabharathi/Documents/FinalYearProject/CocoCare/ml/data/raw/kaggle/WCLWD_Flaccidity/WCLWD_Flaccidity/f_aug_0_1184.jpeg,WCLWD_Flaccidity
/home/sivabharathi/Documents/FinalYearProject/CocoCare/ml/data/raw/kaggle/CCI_Caterpillars/CCI_Caterpillars/CCI_2_230_jpg.rf.06fe60cd0c62b01ab43e1beca89b158e.jpg,CCI_Caterpillars
/home/sivabharathi/Documents/FinalYearProject/CocoCare/ml/data/raw/kaggle/CCI_Leaflets/CCI_Leaflets/CCI_12__1_400.jpg,CCI_Leaflets
/home/sivabharathi/Documents/FinalYearProject/CocoCare/ml/data/raw/kaggle/CCI_Caterpillars/CCI_Caterpillars/CCI_11_368_jpg.rf.a9a9f66961bea1f09431bb3460394f77.jpg,CCI_Caterpillars
/home/sivabharathi/Documents/FinalYearProject/CocoCare/ml/data/raw/kaggle/WCLWD_Flaccidity/WCLWD_Flaccidity/f_aug_0_4534.jpeg,WCLWD_Flaccidity
/home/sivabharathi/Documents/FinalYearProject/CocoCare/ml/data/raw/kaggle/WCLWD_DryingofLeaflets/WCLWD_DryingofLeaflets/f_aug_0_9073.jpeg,WCLWD_DryingofLeaflets
/home/sivabharathi/Documents/FinalYearProject/CocoCare/ml/data/raw/kaggle/WCLWD_Yellowing/WCLWD_Yellowing/f_aug_0_2226.jpeg,WCLWD_Yellowing
/home/sivabharathi/Documents/FinalYearProject/CocoCare/ml/data/raw/kaggle/WCLWD_Flaccidity/WCLWD_Flaccidity/f_aug_0_2708.jpeg,WCLWD_Flaccidity
/home/sivabharathi/Documents/FinalYearProject/CocoCare/ml/data/raw/kaggle/WCLWD_DryingofLeaflets/WCLWD_DryingofLeaflets/f_aug_0_5779.jpeg,WCLWD_DryingofLeaflets
/home/sivabharathi/Documents/FinalYearProject/CocoCare/ml/data/raw/kaggle/WCLWD_Flaccidity/WCLWD_Flaccidity/f_aug_0_3790.jpeg,WCLWD_Flaccidity
/home/sivabharathi/Documents/FinalYearProject/CocoCare/ml/data/raw/kaggle/WCLWD_DryingofLeaflets/WCLWD_DryingofLeaflets/f_aug_0_5545.jpeg,WCLWD_DryingofLeaflets
/home/sivabharathi/Documents/FinalYearProject/CocoCare/ml/data/raw/kaggle/WCLWD_DryingofLeaflets/WCLWD_DryingofLeaflets/f_aug_0_8248.jpeg,WCLWD_DryingofLeaflets
/home/sivabharathi/Documents/FinalYearProject/CocoCare/ml/data/raw/kaggle/WCLWD_Yellowing/WCLWD_Yellowing/f_aug_0_6296.jpeg,WCLWD_Yellowing
/home/sivabharathi/Documents/FinalYearProject/CocoCare/ml/data/raw/kaggle/WCLWD_Yellowing/WCLWD_Yellowing/f_aug_0_3720.jpeg,WCLWD_Yellowing
/home/sivabharathi/Documents/FinalYearProject/CocoCare/ml/data/raw/kaggle/WCLWD_Flaccidity/WCLWD_Flaccidity/f_aug_0_9940.jpeg,WCLWD_Flaccidity
/home/sivabharathi/Documents/FinalYearProject/CocoCare/ml/data/raw/kaggle/WCLWD_DryingofLeaflets/WCLWD_DryingofLeaflets/f_aug_0_1436.jpeg,WCLWD_DryingofLeaflets
/home/sivabharathi/Documents/FinalYearProject/CocoCare/ml/data/raw/kaggle/WCLWD_Yellowing/WCLWD_Yellowing/f_aug_0_836.jpeg,WCLWD_Yellowing
/home/sivabharathi/Documents/FinalYearProject/CocoCare/ml/data/raw/kaggle/WCLWD_DryingofLeaflets/WCLWD_DryingofLeaflets/f_aug_0_3896.jpeg,WCLWD_DryingofLeaflets
/home/sivabharathi/Documents/FinalYearProject/CocoCare/ml/data/raw/kaggle/CCI_Caterpillars/CCI_Caterpillars/CCI_1_290_jpg.rf.d9601267b8af8ff3bad6c3c25012d680.jpg,CCI_Caterpillars
/home/sivabharathi/Documents/FinalYearProject/CocoCare/ml/data/raw/kaggle/Healthy_Leaves/Healthy_Leaves/Healthy_leaf_118.jpg,Healthy_Leaves
/home/sivabharathi/Documents/FinalYearProject/CocoCare/ml/data/raw/kaggle/CCI_Leaflets/CCI_Leaflets/CCI_15__1_940.jpg,CCI_Leaflets
/home/sivabharathi/Documents/FinalYearProject/CocoCare/ml/data/raw/kaggle/CCI_Caterpillars/CCI_Caterpillars/CCI_1_530_jpg.rf.59f5876f9d0581f205999a08eb6f8367.jpg,CCI_Caterpillars
/home/sivabharathi/Documents/FinalYearProject/CocoCare/ml/data/raw/kaggle/WCLWD_Flaccidity/WCLWD_Flaccidity/f_aug_0_4526.jpeg,WCLWD_Flaccidity
/home/sivabharathi/Documents/FinalYearProject/CocoCare/ml/data/raw/kaggle/WCLWD_Flaccidity/WCLWD_Flaccidity/f_aug_0_5738.jpeg,WCLWD_Flaccidity
/home/sivabharathi/Documents/FinalYearProject/CocoCare/ml/data/raw/kaggle/WCLWD_Flaccidity/WCLWD_Flaccidity/f_aug_0_9802.jpeg,WCLWD_Flaccidity
/home/sivabharathi/Documents/FinalYearProject/CocoCare/ml/data/raw/kaggle/WCLWD_Yellowing/WCLWD_Yellowing/f_aug_0_8317.jpeg,WCLWD_Yellowing
/home/sivabharathi/Documents/FinalYearProject/CocoCare/ml/data/raw/kaggle/WCLWD_Yellowing/WCLWD_Yellowing/f_aug_0_3128.jpeg,WCLWD_Yellowing
/home/sivabharathi/Documents/FinalYearProject/CocoCare/ml/data/raw/kaggle/WCLWD_Yellowing/WCLWD_Yellowing/f_aug_0_1085.jpeg,WCLWD_Yellowing
/home/sivabharathi/Documents/FinalYearProject/CocoCare/ml/data/raw/kaggle/CCI_Leaflets/CCI_Leaflets/CCI_09__1_40.jpg,CCI_Leaflets
/home/sivabharathi/Documents/FinalYearProject/CocoCare/ml/data/raw/kaggle/WCLWD_Yellowing/WCLWD_Yellowing/f_aug_0_3404.jpeg,WCLWD_Yellowing
/home/sivabharathi/Documents/FinalYearProject/CocoCare/ml/data/raw/kaggle/CCI_Caterpillars/CCI_Caterpillars/CCI_12_280_jpg.rf.844b8bf9dab9d470b754c6fde1c2ff35.jpg,CCI_Caterpillars
/home/sivabharathi/Documents/FinalYearProject/CocoCare/ml/data/raw/kaggle/WCLWD_Flaccidity/WCLWD_Flaccidity/f_aug_0_343.jpeg,WCLWD_Flaccidity
/home/sivabharathi/Documents/FinalYearProject/CocoCare/ml/data/raw/kaggle/WCLWD_DryingofLeaflets/WCLWD_DryingofLeaflets/f_aug_0_5663.jpeg,WCLWD_DryingofLeaflets
/home/sivabharathi/Documents/FinalYearProject/CocoCare/ml/data/raw/kaggle/WCLWD_Flaccidity/WCLWD_Flaccidity/f_aug_0_1957.jpeg,WCLWD_Flaccidity
/home/sivabharathi/Documents/FinalYearProject/CocoCare/ml/data/raw/kaggle/WCLWD_DryingofLeaflets/WCLWD_DryingofLeaflets/f_aug_0_9056.jpeg,WCLWD_DryingofLeaflets
/home/sivabharathi/Documents/FinalYearProject/CocoCare/ml/data/raw/kaggle/CCI_Leaflets/CCI_Leaflets/CCI_05__1_340.jpg,CCI_Leaflets
/home/sivabharathi/Documents/FinalYearProject/CocoCare/ml/data/raw/kaggle/WCLWD_Flaccidity/WCLWD_Flaccidity/f_aug_0_2596.jpeg,WCLWD_Flaccidity
/home/sivabharathi/Documents/FinalYearProject/CocoCare/ml/data/raw/kaggle/WCLWD_DryingofLeaflets/WCLWD_DryingofLeaflets/f_aug_0_8494.jpeg,WCLWD_DryingofLeaflets
/home/sivabharathi/Documents/FinalYearProject/CocoCare/ml/data/raw/kaggle/WCLWD_Yellowing/WCLWD_Yellowing/f_aug_0_3201.jpeg,WCLWD_Yellowing
/home/sivabharathi/Documents/FinalYearProject/CocoCare/ml/data/raw/kaggle/WCLWD_DryingofLeaflets/WCLWD_DryingofLeaflets/f_aug_0_798.jpeg,WCLWD_DryingofLeaflets
/home/sivabharathi/Documents/FinalYearProject/CocoCare/ml/data/raw/kaggle/CCI_Caterpillars/CCI_Caterpillars/CCI_5_136_jpg.rf.d0fbb7076ceb87d17f30ff65cb5f9c59.jpg,CCI_Caterpillars
/home/sivabharathi/Documents/FinalYearProject/CocoCare/ml/data/raw/kaggle/CCI_Leaflets/CCI_Leaflets/CCI_06__1_1040.jpg,CCI_Leaflets
/home/sivabharathi/Documents/FinalYearProject/CocoCare/ml/data/raw/kaggle/WCLWD_Yellowing/WCLWD_Yellowing/f_aug_0_6326.jpeg,WCLWD_Yellowing
/home/sivabharathi/Documents/FinalYearProject/CocoCare/ml/data/raw/kaggle/WCLWD_Yellowing/WCLWD_Yellowing/f_aug_0_1023.jpeg,WCLWD_Yellowing
/home/sivabharathi/Documents/FinalYearProject/CocoCare/ml/data/raw/kaggle/CCI_Caterpillars/CCI_Caterpillars/CCI_2_175_jpg.rf.84ca27ffb882decd1b37d43f67240f4b.jpg,CCI_Caterpillars
/home/sivabharathi/Documents/FinalYearProject/CocoCare/ml/data/raw/kaggle/WCLWD_Yellowing/WCLWD_Yellowing/f_aug_0_888.jpeg,WCLWD_Yellowing
/home/sivabharathi/Documents/FinalYearProject/CocoCare/ml/data/raw/kaggle/CCI_Leaflets/CCI_Leaflets/CCI_13__1_40.jpg,CCI_Leaflets
/home/sivabharathi/Documents/FinalYearProject/CocoCare/ml/data/raw/kaggle/CCI_Leaflets/CCI_Leaflets/CCI_10__1_760.jpg,CCI_Leaflets
/home/sivabharathi/Documents/FinalYearProject/CocoCare/ml/data/raw/kaggle/CCI_Leaflets/CCI_Leaflets/CCI_06__1_520.jpg,CCI_Leaflets
/home/sivabharathi/Documents/FinalYearProject/CocoCare/ml/data/raw/kaggle/WCLWD_Yellowing/WCLWD_Yellowing/f_aug_0_2204.jpeg,WCLWD_Yellowing
/home/sivabharathi/Documents/FinalYearProject/CocoCare/ml/data/raw/kaggle/WCLWD_DryingofLeaflets/WCLWD_DryingofLeaflets/f_aug_0_9745.jpeg,WCLWD_DryingofLeaflets
/home/sivabharathi/Documents/FinalYearProject/CocoCare/ml/data/raw/kaggle/CCI_Caterpillars/CCI_Caterpillars/CCI_2_256_jpg.rf.1addeaac59d33f063f72862a360c3a85.jpg,CCI_Caterpillars
/home/sivabharathi/Documents/FinalYearProject/CocoCare/ml/data/raw/kaggle/WCLWD_DryingofLeaflets/WCLWD_DryingofLeaflets/f_aug_0_6939.jpeg,WCLWD_DryingofLeaflets
/home/sivabharathi/Documents/FinalYearProject/CocoCare/ml/data/raw/kaggle/WCLWD_Flaccidity/WCLWD_Flaccidity/f_aug_0_9221.jpeg,WCLWD_Flaccidity
/home/sivabharathi/Documents/FinalYearProject/CocoCare/ml/data/raw/kaggle/CCI_Caterpillars/CCI_Caterpillars/CCI_2_16_jpg.rf.cdf5d5499d3288d4102b5e12720d334c.jpg,CCI_Caterpillars
/home/sivabharathi/Documents/FinalYearProject/CocoCare/ml/data/raw/kaggle/CCI_Caterpillars/CCI_Caterpillars/CCI_9_304_jpg.rf.1fe6b9e8b73fe55245ba46c16a41f206.jpg,CCI_Caterpillars
/home/sivabharathi/Documents/FinalYearProject/CocoCare/ml/data/raw/kaggle/CCI_Caterpillars/CCI_Caterpillars/CCI_5_288_jpg.rf.c6d64430b729e51c2f013dc87f4a3518.jpg,CCI_Caterpillars
/home/sivabharathi/Documents/FinalYearProject/CocoCare/ml/data/raw/kaggle/WCLWD_DryingofLeaflets/WCLWD_DryingofLeaflets/f_aug_0_7424.jpeg,WCLWD_DryingofLeaflets
/home/sivabharathi/Documents/FinalYearProject/CocoCare/ml/data/raw/kaggle/CCI_Caterpillars/CCI_Caterpillars/CCI_5_96_jpg.rf.391b78a3064d1289452a8855934308c0.jpg,CCI_Caterpillars
/home/sivabharathi/Documents/FinalYearProject/CocoCare/ml/data/raw/kaggle/CCI_Caterpillars/CCI_Caterpillars/CCI_11_296_jpg.rf.7dbe8d3cd480d3b2e86c58caafda9cbc.jpg,CCI_Caterpillars
/home/sivabharathi/Documents/FinalYearProject/CocoCare/ml/data/raw/kaggle/WCLWD_Yellowing/WCLWD_Yellowing/f_aug_0_3391.jpeg,WCLWD_Yellowing
/home/sivabharathi/Documents/FinalYearProject/CocoCare/ml/data/raw/kaggle/WCLWD_DryingofLeaflets/WCLWD_DryingofLeaflets/f_aug_0_4880.jpeg,WCLWD_DryingofLeaflets
/home/sivabharathi/Documents/FinalYearProject/CocoCare/ml/data/raw/kaggle/WCLWD_Yellowing/WCLWD_Yellowing/f_aug_0_1264.jpeg,WCLWD_Yellowing
/home/sivabharathi/Documents/FinalYearProject/CocoCare/ml/data/raw/kaggle/CCI_Leaflets/CCI_Leaflets/IMG_2824.JPG,CCI_Leaflets
/home/sivabharathi/Documents/FinalYearProject/CocoCare/ml/data/raw/kaggle/CCI_Leaflets/CCI_Leaflets/CCI_10__1_1080.jpg,CCI_Leaflets
/home/sivabharathi/Documents/FinalYearProject/CocoCare/ml/data/raw/kaggle/WCLWD_DryingofLeaflets/WCLWD_DryingofLeaflets/f_aug_0_5836.jpeg,WCLWD_DryingofLeaflets
/home/sivabharathi/Documents/FinalYearProject/CocoCare/ml/data/raw/kaggle/WCLWD_Flaccidity/WCLWD_Flaccidity/f_aug_0_1522.jpeg,WCLWD_Flaccidity
/home/sivabharathi/Documents/FinalYearProject/CocoCare/ml/data/raw/kaggle/CCI_Leaflets/CCI_Leaflets/CCI_06__1_140.jpg,CCI_Leaflets
/home/sivabharathi/Documents/FinalYearProject/CocoCare/ml/data/raw/kaggle/WCLWD_Yellowing/WCLWD_Yellowing/f_aug_0_5575.jpeg,WCLWD_Yellowing
/home/sivabharathi/Documents/FinalYearProject/CocoCare/ml/data/raw/kaggle/WCLWD_DryingofLeaflets/WCLWD_DryingofLeaflets/f_aug_0_9391.jpeg,WCLWD_DryingofLeaflets
/home/sivabharathi/Documents/FinalYearProject/CocoCare/ml/data/raw/kaggle/CCI_Caterpillars/CCI_Caterpillars/CCI_5_368_jpg.rf.85d5a1b19ff5ce60dc829d96d63cfa24.jpg,CCI_Caterpillars
/home/sivabharathi/Documents/FinalYearProject/CocoCare/ml/data/raw/kaggle/WCLWD_Yellowing/WCLWD_Yellowing/f_aug_0_4849.jpeg,WCLWD_Yellowing
/home/sivabharathi/Documents/FinalYearProject/CocoCare/ml/data/raw/kaggle/WCLWD_Yellowing/WCLWD_Yellowing/f_aug_0_716.jpeg,WCLWD_Yellowing
/home/sivabharathi/Documents/FinalYearProject/CocoCare/ml/data/raw/kaggle/CCI_Leaflets/CCI_Leaflets/IMG_2648.JPG,CCI_Leaflets
/home/sivabharathi/Documents/FinalYearProject/CocoCare/ml/data/raw/kaggle/CCI_Caterpillars/CCI_Caterpillars/CCI_5_352_jpg.rf.bcb0971e33376af664cfa814bc1f2753.jpg,CCI_Caterpillars
/home/sivabharathi/Documents/FinalYearProject/CocoCare/ml/data/raw/kaggle/WCLWD_DryingofLeaflets/WCLWD_DryingofLeaflets/f_aug_0_4404.jpeg,WCLWD_DryingofLeaflets
/home/sivabharathi/Documents/FinalYearProject/CocoCare/ml/data/raw/kaggle/CCI_Caterpillars/CCI_Caterpillars/CCI_8_160_jpg.rf.4a3191163a468fc427d77452c5517655.jpg,CCI_Caterpillars
/home/sivabharathi/Documents/FinalYearProject/CocoCare/ml/data/raw/kaggle/WCLWD_Yellowing/WCLWD_Yellowing/f_aug_0_5878.jpeg,WCLWD_Yellowing
/home/sivabharathi/Documents/FinalYearProject/CocoCare/ml/data/raw/kaggle/WCLWD_DryingofLeaflets/WCLWD_DryingofLeaflets/f_aug_0_3638.jpeg,WCLWD_DryingofLeaflets
/home/sivabharathi/Documents/FinalYearProject/CocoCare/ml/data/raw/kaggle/CCI_Caterpillars/CCI_Caterpillars/CCI_9_104_jpg.rf.b4e4aa7350a8b932db9429eb3df12194.jpg,CCI_Caterpillars
/home/sivabharathi/Documents/FinalYearProject/CocoCare/ml/data/raw/kaggle/CCI_Caterpillars/CCI_Caterpillars/CCI_2_225_jpg.rf.e85c4e06722d00ff53f275b8e9b3a98c.jpg,CCI_Caterpillars
/home/sivabharathi/Documents/FinalYearProject/CocoCare/ml/data/raw/kaggle/CCI_Caterpillars/CCI_Caterpillars/CCI_8_8_jpg.rf.cb5fd9bf211950a19b5f1a54bde8f651.jpg,CCI_Caterpillars
/home/sivabharathi/Documents/FinalYearProject/CocoCare/ml/data/raw/kaggle/WCLWD_Yellowing/WCLWD_Yellowing/f_aug_0_3004.jpeg,WCLWD_Yellowing
/home/sivabharathi/Documents/FinalYearProject/CocoCare/ml/data/raw/kaggle/CCI_Caterpillars/CCI_Caterpillars/CCI_2_85_jpg.rf.3e4aec12aee91c822e6a212b11b03a2d.jpg,CCI_Caterpillars
/home/sivabharathi/Documents/FinalYearProject/CocoCare/ml/data/raw/kaggle/WCLWD_DryingofLeaflets/WCLWD_DryingofLeaflets/f_aug_0_2585.jpeg,WCLWD_DryingofLeaflets
/home/sivabharathi/Documents/FinalYearProject/CocoCare/ml/data/raw/kaggle/CCI_Caterpillars/CCI_Caterpillars/i6_png.rf.c8f1a0eb0aa6f371ec4ee34ee20cc235.jpg,CCI_Caterpillars
/home/sivabharathi/Documents/FinalYearProject/CocoCare/ml/data/raw/kaggle/WCLWD_DryingofLeaflets/WCLWD_DryingofLeaflets/f_aug_0_3558.jpeg,WCLWD_DryingofLeaflets
/home/sivabharathi/Documents/FinalYearProject/CocoCare/ml/data/raw/kaggle/CCI_Leaflets/CCI_Leaflets/CCI_08__1_100.jpg,CCI_Leaflets
/home/sivabharathi/Documents/FinalYearProject/CocoCare/ml/data/raw/kaggle/WCLWD_Yellowing/WCLWD_Yellowing/f_aug_0_3434.jpeg,WCLWD_Yellowing
/home/sivabharathi/Documents/FinalYearProject/CocoCare/ml/data/raw/kaggle/WCLWD_Yellowing/WCLWD_Yellowing/f_aug_0_7898.jpeg,WCLWD_Yellowing
/home/sivabharathi/Documents/FinalYearProject/CocoCare/ml/data/raw/kaggle/WCLWD_DryingofLeaflets/WCLWD_DryingofLeaflets/f_aug_0_2299.jpeg,WCLWD_DryingofLeaflets
/home/sivabharathi/Documents/FinalYearProject/CocoCare/ml/data/raw/kaggle/WCLWD_DryingofLeaflets/WCLWD_DryingofLeaflets/f_aug_0_4612.jpeg,WCLWD_DryingofLeaflets
/home/sivabharathi/Documents/FinalYearProject/CocoCare/ml/data/raw/kaggle/WCLWD_Flaccidity/WCLWD_Flaccidity/f_aug_0_3026.jpeg,WCLWD_Flaccidity
/home/sivabharathi/Documents/FinalYearProject/CocoCare/ml/data/raw/kaggle/WCLWD_Flaccidity/WCLWD_Flaccidity/f_aug_0_9332.jpeg,WCLWD_Flaccidity
/home/sivabharathi/Documents/FinalYearProject/CocoCare/ml/data/raw/kaggle/CCI_Caterpillars/CCI_Caterpillars/CCI_11_304_jpg.rf.9a9d3512970fba68b8b8588ed74e1cb7.jpg,CCI_Caterpillars
/home/sivabharathi/Documents/FinalYearProject/CocoCare/ml/data/raw/kaggle/WCLWD_Flaccidity/WCLWD_Flaccidity/f_aug_0_457.jpeg,WCLWD_Flaccidity
/home/sivabharathi/Documents/FinalYearProject/CocoCare/ml/data/raw/kaggle/CCI_Leaflets/CCI_Leaflets/CCI_07__1_360.jpg,CCI_Leaflets
/home/sivabharathi/Documents/FinalYearProject/CocoCare/ml/data/raw/kaggle/WCLWD_Flaccidity/WCLWD_Flaccidity/f_aug_0_9239.jpeg,WCLWD_Flaccidity
/home/sivabharathi/Documents/FinalYearProject/CocoCare/ml/data/raw/kaggle/WCLWD_DryingofLeaflets/WCLWD_DryingofLeaflets/f_aug_0_3093.jpeg,WCLWD_DryingofLeaflets
/home/sivabharathi/Documents/FinalYearProject/CocoCare/ml/data/raw/kaggle/WCLWD_Yellowing/WCLWD_Yellowing/f_aug_0_9080.jpeg,WCLWD_Yellowing
/home/sivabharathi/Documents/FinalYearProject/CocoCare/ml/data/raw/kaggle/WCLWD_DryingofLeaflets/WCLWD_DryingofLeaflets/f_aug_0_3340.jpeg,WCLWD_DryingofLeaflets
/home/sivabharathi/Documents/FinalYearProject/CocoCare/ml/data/raw/kaggle/WCLWD_DryingofLeaflets/WCLWD_DryingofLeaflets/f_aug_0_2740.jpeg,WCLWD_DryingofLeaflets
/home/sivabharathi/Documents/FinalYearProject/CocoCare/ml/data/raw/kaggle/CCI_Caterpillars/CCI_Caterpillars/CCI_2_165_jpg.rf.00e4dcf4add250479259a6e6a4ae4478.jpg,CCI_Caterpillars
/home/sivabharathi/Documents/FinalYearProject/CocoCare/ml/data/raw/kaggle/WCLWD_Flaccidity/WCLWD_Flaccidity/f_aug_0_286.jpeg,WCLWD_Flaccidity
/home/sivabharathi/Documents/FinalYearProject/CocoCare/ml/data/raw/kaggle/WCLWD_Flaccidity/WCLWD_Flaccidity/f_aug_0_836.jpeg,WCLWD_Flaccidity
/home/sivabharathi/Documents/FinalYearProject/CocoCare/ml/data/raw/kaggle/CCI_Caterpillars/CCI_Caterpillars/CCI_9_80_jpg.rf.0935901fa6865c2945629eb3066b411c.jpg,CCI_Caterpillars
/home/sivabharathi/Documents/FinalYearProject/CocoCare/ml/data/raw/kaggle/CCI_Caterpillars/CCI_Caterpillars/CCI_1_95_jpg.rf.17cfde77a9cb001e6f2b4f1405422453.jpg,CCI_Caterpillars
/home/sivabharathi/Documents/FinalYearProject/CocoCare/ml/data/raw/kaggle/CCI_Caterpillars/CCI_Caterpillars/CCI_12_264_jpg.rf.6024e5fd00327b115b6546a2b8e785e4.jpg,CCI_Caterpillars
/home/sivabharathi/Documents/FinalYearProject/CocoCare/ml/data/raw/kaggle/WCLWD_DryingofLeaflets/WCLWD_DryingofLeaflets/f_aug_0_4528.jpeg,WCLWD_DryingofLeaflets
/home/sivabharathi/Documents/FinalYearProject/CocoCare/ml/data/raw/kaggle/WCLWD_Yellowing/WCLWD_Yellowing/f_aug_0_6904.jpeg,WCLWD_Yellowing
/home/sivabharathi/Documents/FinalYearProject/CocoCare/ml/data/raw/kaggle/WCLWD_Flaccidity/WCLWD_Flaccidity/f_aug_0_5048.jpeg,WCLWD_Flaccidity
/home/sivabharathi/Documents/FinalYearProject/CocoCare/ml/data/raw/kaggle/WCLWD_Flaccidity/WCLWD_Flaccidity/f_aug_0_4498.jpeg,WCLWD_Flaccidity
/home/sivabharathi/Documents/FinalYearProject/CocoCare/ml/data/raw/kaggle/WCLWD_DryingofLeaflets/WCLWD_DryingofLeaflets/f_aug_0_569.jpeg,WCLWD_DryingofLeaflets
/home/sivabharathi/Documents/FinalYearProject/CocoCare/ml/data/raw/kaggle/WCLWD_Yellowing/WCLWD_Yellowing/f_aug_0_2472.jpeg,WCLWD_Yellowing
/home/sivabharathi/Documents/FinalYearProject/CocoCare/ml/data/raw/kaggle/CCI_Leaflets/CCI_Leaflets/CCI_12__1_740.jpg,CCI_Leaflets
/home/sivabharathi/Documents/FinalYearProject/CocoCare/ml/data/raw/kaggle/CCI_Caterpillars/CCI_Caterpillars/CCI_9_240_jpg.rf.db96fbd71cbfb0781261eaaa07e9b97f.jpg,CCI_Caterpillars
/home/sivabharathi/Documents/FinalYearProject/CocoCare/ml/data/raw/kaggle/WCLWD_Yellowing/WCLWD_Yellowing/f_aug_0_3172.jpeg,WCLWD_Yellowing
/home/sivabharathi/Documents/FinalYearProject/CocoCare/ml/data/raw/kaggle/WCLWD_DryingofLeaflets/WCLWD_DryingofLeaflets/f_aug_0_3478.jpeg,WCLWD_DryingofLeaflets
/home/sivabharathi/Documents/FinalYearProject/CocoCare/ml/data/raw/kaggle/CCI_Caterpillars/CCI_Caterpillars/CCI_9_176_jpg.rf.44b78a26b6d13add530e19bedadb4190.jpg,CCI_Caterpillars
/home/sivabharathi/Documents/FinalYearProject/CocoCare/ml/data/raw/kaggle/CCI_Leaflets/CCI_Leaflets/CCI_01__1_1160.jpg,CCI_Leaflets
/home/sivabharathi/Documents/FinalYearProject/CocoCare/ml/data/raw/kaggle/WCLWD_DryingofLeaflets/WCLWD_DryingofLeaflets/f_aug_0_5627.jpeg,WCLWD_DryingofLeaflets
/home/sivabharathi/Documents/FinalYearProject/CocoCare/ml/data/raw/kaggle/WCLWD_Yellowing/WCLWD_Yellowing/f_aug_0_5114.jpeg,WCLWD_Yellowing
/home/sivabharathi/Documents/FinalYearProject/CocoCare/ml/data/raw/kaggle/WCLWD_Flaccidity/WCLWD_Flaccidity/f_aug_0_6906.jpeg,WCLWD_Flaccidity
/home/sivabharathi/Documents/FinalYearProject/CocoCare/ml/data/raw/kaggle/CCI_Leaflets/CCI_Leaflets/CCI_04__1_520.jpg,CCI_Leaflets
/home/sivabharathi/Documents/FinalYearProject/CocoCare/ml/data/raw/kaggle/CCI_Leaflets/CCI_Leaflets/IMG_2544.JPG,CCI_Leaflets
/home/sivabharathi/Documents/FinalYearProject/CocoCare/ml/data/raw/kaggle/WCLWD_Flaccidity/WCLWD_Flaccidity/f_aug_0_7316.jpeg,WCLWD_Flaccidity
/home/sivabharathi/Documents/FinalYearProject/CocoCare/ml/data/raw/kaggle/WCLWD_Yellowing/WCLWD_Yellowing/f_aug_0_9940.jpeg,WCLWD_Yellowing
/home/sivabharathi/Documents/FinalYearProject/CocoCare/ml/data/raw/kaggle/WCLWD_Flaccidity/WCLWD_Flaccidity/f_aug_0_9086.jpeg,WCLWD_Flaccidity
/home/sivabharathi/Documents/FinalYearProject/CocoCare/ml/data/raw/kaggle/WCLWD_DryingofLeaflets/WCLWD_DryingofLeaflets/f_aug_0_5222.jpeg,WCLWD_DryingofLeaflets
/home/sivabharathi/Documents/FinalYearProject/CocoCare/ml/data/raw/kaggle/WCLWD_Yellowing/WCLWD_Yellowing/f_aug_0_141.jpeg,WCLWD_Yellowing
/home/sivabharathi/Documents/FinalYearProject/CocoCare/ml/data/raw/kaggle/WCLWD_Yellowing/WCLWD_Yellowing/f_aug_0_3633.jpeg,WCLWD_Yellowing
/home/sivabharathi/Documents/FinalYearProject/CocoCare/ml/data/raw/kaggle/WCLWD_Yellowing/WCLWD_Yellowing/f_aug_0_9595.jpeg,WCLWD_Yellowing
/home/sivabharathi/Documents/FinalYearProject/CocoCare/ml/data/raw/kaggle/WCLWD_Yellowing/WCLWD_Yellowing/f_aug_0_8237.jpeg,WCLWD_Yellowing
/home/sivabharathi/Documents/FinalYearProject/CocoCare/ml/data/raw/kaggle/CCI_Caterpillars/CCI_Caterpillars/CCI_10_160_jpg.rf.bbdb80a992f2b15ae8b0af3f6f5c282f.jpg,CCI_Caterpillars
/home/sivabharathi/Documents/FinalYearProject/CocoCare/ml/data/raw/kaggle/WCLWD_Flaccidity/WCLWD_Flaccidity/f_aug_0_2707.jpeg,WCLWD_Flaccidity
/home/sivabharathi/Documents/FinalYearProject/CocoCare/ml/data/raw/kaggle/WCLWD_DryingofLeaflets/WCLWD_DryingofLeaflets/f_aug_0_6678.jpeg,WCLWD_DryingofLeaflets
/home/sivabharathi/Documents/FinalYearProject/CocoCare/ml/data/raw/kaggle/WCLWD_DryingofLeaflets/WCLWD_DryingofLeaflets/f_aug_0_7575.jpeg,WCLWD_DryingofLeaflets
/home/sivabharathi/Documents/FinalYearProject/CocoCare/ml/data/raw/kaggle/WCLWD_DryingofLeaflets/WCLWD_DryingofLeaflets/f_aug_0_4369.jpeg,WCLWD_DryingofLeaflets
/home/sivabharathi/Documents/FinalYearProject/CocoCare/ml/data/raw/kaggle/WCLWD_Flaccidity/WCLWD_Flaccidity/f_aug_0_4633.jpeg,WCLWD_Flaccidity
/home/sivabharathi/Documents/FinalYearProject/CocoCare/ml/data/raw/kaggle/WCLWD_DryingofLeaflets/WCLWD_DryingofLeaflets/f_aug_0_1985.jpeg,WCLWD_DryingofLeaflets
/home/sivabharathi/Documents/FinalYearProject/CocoCare/ml/data/raw/kaggle/WCLWD_Flaccidity/WCLWD_Flaccidity/f_aug_0_1632.jpeg,WCLWD_Flaccidity
/home/sivabharathi/Documents/FinalYearProject/CocoCare/ml/data/raw/kaggle/CCI_Caterpillars/CCI_Caterpillars/CCI_5_88_jpg.rf.60af6dbdbfd46505a071c9f0f82a781a.jpg,CCI_Caterpillars
/home/sivabharathi/Documents/FinalYearProject/CocoCare/ml/data/raw/kaggle/WCLWD_DryingofLeaflets/WCLWD_DryingofLeaflets/f_aug_0_1784.jpeg,WCLWD_DryingofLeaflets
/home/sivabharathi/Documents/FinalYearProject/CocoCare/ml/data/raw/kaggle/CCI_Leaflets/CCI_Leaflets/CCI_12__1_160.jpg,CCI_Leaflets
/home/sivabharathi/Documents/FinalYearProject/CocoCare/ml/data/raw/kaggle/WCLWD_DryingofLeaflets/WCLWD_DryingofLeaflets/f_aug_0_5893.jpeg,WCLWD_DryingofLeaflets
/home/sivabharathi/Documents/FinalYearProject/CocoCare/ml/data/raw/kaggle/WCLWD_Flaccidity/WCLWD_Flaccidity/f_aug_0_7561.jpeg,WCLWD_Flaccidity
/home/sivabharathi/Documents/FinalYearProject/CocoCare/ml/data/raw/kaggle/CCI_Caterpillars/CCI_Caterpillars/CCI_3_55_jpg.rf.e220f13d4b9df6f0efe1233c1343472e.jpg,CCI_Caterpillars
/home/sivabharathi/Documents/FinalYearProject/CocoCare/ml/data/raw/kaggle/WCLWD_Yellowing/WCLWD_Yellowing/f_aug_0_6459.jpeg,WCLWD_Yellowing
/home/sivabharathi/Documents/FinalYearProject/CocoCare/ml/data/raw/kaggle/WCLWD_DryingofLeaflets/WCLWD_DryingofLeaflets/f_aug_0_284.jpeg,WCLWD_DryingofLeaflets
/home/sivabharathi/Documents/FinalYearProject/CocoCare/ml/data/raw/kaggle/WCLWD_Yellowing/WCLWD_Yellowing/f_aug_0_6986.jpeg,WCLWD_Yellowing
/home/sivabharathi/Documents/FinalYearProject/CocoCare/ml/data/raw/kaggle/CCI_Leaflets/CCI_Leaflets/IMG_2646.JPG,CCI_Leaflets
/home/sivabharathi/Documents/FinalYearProject/CocoCare/ml/data/raw/kaggle/WCLWD_DryingofLeaflets/WCLWD_DryingofLeaflets/f_aug_0_8389.jpeg,WCLWD_DryingofLeaflets
/home/sivabharathi/Documents/FinalYearProject/CocoCare/ml/data/raw/kaggle/WCLWD_Yellowing/WCLWD_Yellowing/f_aug_0_103.jpeg,WCLWD_Yellowing
/home/sivabharathi/Documents/FinalYearProject/CocoCare/ml/data/raw/kaggle/CCI_Caterpillars/CCI_Caterpillars/CCI_2_55_jpg.rf.860397053c6956723395cf29fd3526ba.jpg,CCI_Caterpillars
/home/sivabharathi/Documents/FinalYearProject/CocoCare/ml/data/raw/kaggle/WCLWD_Yellowing/WCLWD_Yellowing/f_aug_0_3449.jpeg,WCLWD_Yellowing
/home/sivabharathi/Documents/FinalYearProject/CocoCare/ml/data/raw/kaggle/WCLWD_DryingofLeaflets/WCLWD_DryingofLeaflets/f_aug_0_7697.jpeg,WCLWD_DryingofLeaflets
/home/sivabharathi/Documents/FinalYearProject/CocoCare/ml/data/raw/kaggle/WCLWD_Yellowing/WCLWD_Yellowing/f_aug_0_9056.jpeg,WCLWD_Yellowing
/home/sivabharathi/Documents/FinalYearProject/CocoCare/ml/data/raw/kaggle/WCLWD_Flaccidity/WCLWD_Flaccidity/f_aug_0_2755.jpeg,WCLWD_Flaccidity
/home/sivabharathi/Documents/FinalYearProject/CocoCare/ml/data/raw/kaggle/CCI_Caterpillars/CCI_Caterpillars/CCI_2_60_jpg.rf.fe7d4e4e80d4c221762a07b340aaa1d6.jpg,CCI_Caterpillars
/home/sivabharathi/Documents/FinalYearProject/CocoCare/ml/data/raw/kaggle/WCLWD_DryingofLeaflets/WCLWD_DryingofLeaflets/f_aug_0_469.jpeg,WCLWD_DryingofLeaflets
/home/sivabharathi/Documents/FinalYearProject/CocoCare/ml/data/raw/kaggle/Healthy_Leaves/Healthy_Leaves/Healthy_leaf_46.jpg,Healthy_Leaves
/home/sivabharathi/Documents/FinalYearProject/CocoCare/ml/data/raw/kaggle/WCLWD_Yellowing/WCLWD_Yellowing/f_aug_0_6988.jpeg,WCLWD_Yellowing
/home/sivabharathi/Documents/FinalYearProject/CocoCare/ml/data/raw/kaggle/WCLWD_Yellowing/WCLWD_Yellowing/f_aug_0_6423.jpeg,WCLWD_Yellowing
/home/sivabharathi/Documents/FinalYearProject/CocoCare/ml/data/raw/kaggle/CCI_Leaflets/CCI_Leaflets/CCI_03__1_60.jpg,CCI_Leaflets
/home/sivabharathi/Documents/FinalYearProject/CocoCare/ml/data/raw/kaggle/CCI_Caterpillars/CCI_Caterpillars/CCI_9_288_jpg.rf.49e186854770b41706b50c7a9f4cab36.jpg,CCI_Caterpillars
/home/sivabharathi/Documents/FinalYearProject/CocoCare/ml/data/raw/kaggle/CCI_Leaflets/CCI_Leaflets/IMG_2796.JPG,CCI_Leaflets
/home/sivabharathi/Documents/FinalYearProject/CocoCare/ml/data/raw/kaggle/CCI_Leaflets/CCI_Leaflets/CCI_04__1_980.jpg,CCI_Leaflets
/home/sivabharathi/Documents/FinalYearProject/CocoCare/ml/data/raw/kaggle/WCLWD_DryingofLeaflets/WCLWD_DryingofLeaflets/f_aug_0_3724.jpeg,WCLWD_DryingofLeaflets
/home/sivabharathi/Documents/FinalYearProject/CocoCare/ml/data/raw/kaggle/CCI_Leaflets/CCI_Leaflets/CCI_01__1_280.jpg,CCI_Leaflets
/home/sivabharathi/Documents/FinalYearProject/CocoCare/ml/data/raw/kaggle/WCLWD_Flaccidity/WCLWD_Flaccidity/f_aug_0_4247.jpeg,WCLWD_Flaccidity
/home/sivabharathi/Documents/FinalYearProject/CocoCare/ml/data/raw/kaggle/WCLWD_Flaccidity/WCLWD_Flaccidity/f_aug_0_9446.jpeg,WCLWD_Flaccidity
/home/sivabharathi/Documents/FinalYearProject/CocoCare/ml/data/raw/kaggle/WCLWD_DryingofLeaflets/WCLWD_DryingofLeaflets/f_aug_0_3849.jpeg,WCLWD_DryingofLeaflets
/home/sivabharathi/Documents/FinalYearProject/CocoCare/ml/data/raw/kaggle/CCI_Caterpillars/CCI_Caterpillars/CCI_11_8_jpg.rf.4e73a7a7bf0c4d769b6ab674fbe86d66.jpg,CCI_Caterpillars
/home/sivabharathi/Documents/FinalYearProject/CocoCare/ml/data/raw/kaggle/CCI_Caterpillars/CCI_Caterpillars/CCI_11_0_jpg.rf.6f12ff86bea4252020aa9b942583f508.jpg,CCI_Caterpillars
/home/sivabharathi/Documents/FinalYearProject/CocoCare/ml/data/raw/kaggle/WCLWD_Flaccidity/WCLWD_Flaccidity/f_aug_0_9057.jpeg,WCLWD_Flaccidity
/home/sivabharathi/Documents/FinalYearProject/CocoCare/ml/data/raw/kaggle/WCLWD_DryingofLeaflets/WCLWD_DryingofLeaflets/f_aug_0_4874.jpeg,WCLWD_DryingofLeaflets
/home/sivabharathi/Documents/FinalYearProject/CocoCare/ml/data/raw/kaggle/WCLWD_DryingofLeaflets/WCLWD_DryingofLeaflets/f_aug_0_8471.jpeg,WCLWD_DryingofLeaflets
/home/sivabharathi/Documents/FinalYearProject/CocoCare/ml/data/raw/kaggle/WCLWD_Yellowing/WCLWD_Yellowing/f_aug_0_8199.jpeg,WCLWD_Yellowing
/home/sivabharathi/Documents/FinalYearProject/CocoCare/ml/data/raw/kaggle/WCLWD_Flaccidity/WCLWD_Flaccidity/f_aug_0_8188.jpeg,WCLWD_Flaccidity
/home/sivabharathi/Documents/FinalYearProject/CocoCare/ml/data/raw/kaggle/CCI_Leaflets/CCI_Leaflets/CCI_12__1_1020.jpg,CCI_Leaflets
/home/sivabharathi/Documents/FinalYearProject/CocoCare/ml/data/raw/kaggle/CCI_Leaflets/CCI_Leaflets/IMG_2759.JPG,CCI_Leaflets
/home/sivabharathi/Documents/FinalYearProject/CocoCare/ml/data/raw/kaggle/WCLWD_Flaccidity/WCLWD_Flaccidity/f_aug_0_1952.jpeg,WCLWD_Flaccidity
/home/sivabharathi/Documents/FinalYearProject/CocoCare/ml/data/raw/kaggle/WCLWD_DryingofLeaflets/WCLWD_DryingofLeaflets/f_aug_0_1590.jpeg,WCLWD_DryingofLeaflets
/home/sivabharathi/Documents/FinalYearProject/CocoCare/ml/data/raw/kaggle/WCLWD_Flaccidity/WCLWD_Flaccidity/f_aug_0_4222.jpeg,WCLWD_Flaccidity
/home/sivabharathi/Documents/FinalYearProject/CocoCare/ml/data/raw/kaggle/CCI_Leaflets/CCI_Leaflets/IMG_2788.JPG,CCI_Leaflets
/home/sivabharathi/Documents/FinalYearProject/CocoCare/ml/data/raw/kaggle/WCLWD_Flaccidity/WCLWD_Flaccidity/f_aug_0_5460.jpeg,WCLWD_Flaccidity
/home/sivabharathi/Documents/FinalYearProject/CocoCare/ml/data/raw/kaggle/CCI_Leaflets/CCI_Leaflets/CCI_14__1_780.jpg,CCI_Leaflets
/home/sivabharathi/Documents/FinalYearProject/CocoCare/ml/data/raw/kaggle/WCLWD_Yellowing/WCLWD_Yellowing/f_aug_0_3204.jpeg,WCLWD_Yellowing
/home/sivabharathi/Documents/FinalYearProject/CocoCare/ml/data/raw/kaggle/CCI_Leaflets/CCI_Leaflets/IMG_2688.JPG,CCI_Leaflets
/home/sivabharathi/Documents/FinalYearProject/CocoCare/ml/data/raw/kaggle/CCI_Leaflets/CCI_Leaflets/CCI_13__1_840.jpg,CCI_Leaflets
/home/sivabharathi/Documents/FinalYearProject/CocoCare/ml/data/raw/kaggle/WCLWD_Yellowing/WCLWD_Yellowing/f_aug_0_5680.jpeg,WCLWD_Yellowing
/home/sivabharathi/Documents/FinalYearProject/CocoCare/ml/data/raw/kaggle/WCLWD_DryingofLeaflets/WCLWD_DryingofLeaflets/f_aug_0_9752.jpeg,WCLWD_DryingofLeaflets
/home/sivabharathi/Documents/FinalYearProject/CocoCare/ml/data/raw/kaggle/CCI_Leaflets/CCI_Leaflets/CCI_02__1_1640.jpg,CCI_Leaflets
/home/sivabharathi/Documents/FinalYearProject/CocoCare/ml/data/raw/kaggle/WCLWD_Yellowing/WCLWD_Yellowing/f_aug_0_2154.jpeg,WCLWD_Yellowing
/home/sivabharathi/Documents/FinalYearProject/CocoCare/ml/data/raw/kaggle/WCLWD_Yellowing/WCLWD_Yellowing/f_aug_0_9967.jpeg,WCLWD_Yellowing
/home/sivabharathi/Documents/FinalYearProject/CocoCare/ml/data/raw/kaggle/WCLWD_DryingofLeaflets/WCLWD_DryingofLeaflets/f_aug_0_615.jpeg,WCLWD_DryingofLeaflets
/home/sivabharathi/Documents/FinalYearProject/CocoCare/ml/data/raw/kaggle/CCI_Leaflets/CCI_Leaflets/CCI_15__1_60.jpg,CCI_Leaflets
/home/sivabharathi/Documents/FinalYearProject/CocoCare/ml/data/raw/kaggle/WCLWD_Yellowing/WCLWD_Yellowing/f_aug_0_2695.jpeg,WCLWD_Yellowing
/home/sivabharathi/Documents/FinalYearProject/CocoCare/ml/data/raw/kaggle/CCI_Leaflets/CCI_Leaflets/CCI_16__1_460.jpg,CCI_Leaflets
/home/sivabharathi/Documents/FinalYearProject/CocoCare/ml/data/raw/kaggle/CCI_Caterpillars/CCI_Caterpillars/CCI_7_88_jpg.rf.77969ef2e46905ea0233ec8e6dfd17c3.jpg,CCI_Caterpillars
/home/sivabharathi/Documents/FinalYearProject/CocoCare/ml/data/raw/kaggle/WCLWD_Flaccidity/WCLWD_Flaccidity/f_aug_0_3576.jpeg,WCLWD_Flaccidity
/home/sivabharathi/Documents/FinalYearProject/CocoCare/ml/data/raw/kaggle/WCLWD_Flaccidity/WCLWD_Flaccidity/f_aug_0_4954.jpeg,WCLWD_Flaccidity
/home/sivabharathi/Documents/FinalYearProject/CocoCare/ml/data/raw/kaggle/WCLWD_Yellowing/WCLWD_Yellowing/f_aug_0_4531.jpeg,WCLWD_Yellowing
/home/sivabharathi/Documents/FinalYearProject/CocoCare/ml/data/raw/kaggle/CCI_Leaflets/CCI_Leaflets/CCI_16__1_180.jpg,CCI_Leaflets
/home/sivabharathi/Documents/FinalYearProject/CocoCare/ml/data/raw/kaggle/CCI_Leaflets/CCI_Leaflets/CCI_17__1_140.jpg,CCI_Leaflets
/home/sivabharathi/Documents/FinalYearProject/CocoCare/ml/data/raw/kaggle/WCLWD_DryingofLeaflets/WCLWD_DryingofLeaflets/f_aug_0_53.jpeg,WCLWD_DryingofLeaflets
/home/sivabharathi/Documents/FinalYearProject/CocoCare/ml/data/raw/kaggle/CCI_Caterpillars/CCI_Caterpillars/CCI_10_256_jpg.rf.d3f250ebb4bc159f65e4dcff1d1d34a0.jpg,CCI_Caterpillars
/home/sivabharathi/Documents/FinalYearProject/CocoCare/ml/data/raw/kaggle/CCI_Caterpillars/CCI_Caterpillars/CCI_5_336_jpg.rf.a22b1ef85150d729a9df6ba73087fa14.jpg,CCI_Caterpillars
/home/sivabharathi/Documents/FinalYearProject/CocoCare/ml/data/raw/kaggle/WCLWD_Yellowing/WCLWD_Yellowing/f_aug_0_413.jpeg,WCLWD_Yellowing
/home/sivabharathi/Documents/FinalYearProject/CocoCare/ml/data/raw/kaggle/WCLWD_DryingofLeaflets/WCLWD_DryingofLeaflets/f_aug_0_1800.jpeg,WCLWD_DryingofLeaflets
/home/sivabharathi/Documents/FinalYearProject/CocoCare/ml/data/raw/kaggle/WCLWD_DryingofLeaflets/WCLWD_DryingofLeaflets/f_aug_0_939.jpeg,WCLWD_DryingofLeaflets
/home/sivabharathi/Documents/FinalYearProject/CocoCare/ml/data/raw/kaggle/CCI_Caterpillars/CCI_Caterpillars/CCI_7_152_jpg.rf.452c88b3bdd24542a72aefcab8b7966f.jpg,CCI_Caterpillars
/home/sivabharathi/Documents/FinalYearProject/CocoCare/ml/data/raw/kaggle/WCLWD_DryingofLeaflets/WCLWD_DryingofLeaflets/f_aug_0_1769.jpeg,WCLWD_DryingofLeaflets
/home/sivabharathi/Documents/FinalYearProject/CocoCare/ml/data/raw/kaggle/WCLWD_Yellowing/WCLWD_Yellowing/f_aug_0_1100.jpeg,WCLWD_Yellowing
/home/sivabharathi/Documents/FinalYearProject/CocoCare/ml/data/raw/kaggle/WCLWD_Yellowing/WCLWD_Yellowing/f_aug_0_5786.jpeg,WCLWD_Yellowing
/home/sivabharathi/Documents/FinalYearProject/CocoCare/ml/data/raw/kaggle/WCLWD_Yellowing/WCLWD_Yellowing/f_aug_0_109.jpeg,WCLWD_Yellowing
/home/sivabharathi/Documents/FinalYearProject/CocoCare/ml/data/raw/kaggle/WCLWD_Flaccidity/WCLWD_Flaccidity/f_aug_0_4012.jpeg,WCLWD_Flaccidity
/home/sivabharathi/Documents/FinalYearProject/CocoCare/ml/data/raw/kaggle/WCLWD_Flaccidity/WCLWD_Flaccidity/f_aug_0_7883.jpeg,WCLWD_Flaccidity
/home/sivabharathi/Documents/FinalYearProject/CocoCare/ml/data/raw/kaggle/WCLWD_DryingofLeaflets/WCLWD_DryingofLeaflets/f_aug_0_9693.jpeg,WCLWD_DryingofLeaflets
/home/sivabharathi/Documents/FinalYearProject/CocoCare/ml/data/raw/kaggle/WCLWD_DryingofLeaflets/WCLWD_DryingofLeaflets/f_aug_0_6301.jpeg,WCLWD_DryingofLeaflets
/home/sivabharathi/Documents/FinalYearProject/CocoCare/ml/data/raw/kaggle/WCLWD_Flaccidity/WCLWD_Flaccidity/f_aug_0_4726.jpeg,WCLWD_Flaccidity
/home/sivabharathi/Documents/FinalYearProject/CocoCare/ml/data/raw/kaggle/CCI_Caterpillars/CCI_Caterpillars/CCI_10_24_jpg.rf.a68f2161e6bfe92e91323a0a21bc29d9.jpg,CCI_Caterpillars
/home/sivabharathi/Documents/FinalYearProject/CocoCare/ml/data/raw/kaggle/WCLWD_Flaccidity/WCLWD_Flaccidity/f_aug_0_6505.jpeg,WCLWD_Flaccidity
/home/sivabharathi/Documents/FinalYearProject/CocoCare/ml/data/raw/kaggle/WCLWD_Flaccidity/WCLWD_Flaccidity/f_aug_0_7367.jpeg,WCLWD_Flaccidity
/home/sivabharathi/Documents/FinalYearProject/CocoCare/ml/data/raw/kaggle/WCLWD_Yellowing/WCLWD_Yellowing/f_aug_0_4477.jpeg,WCLWD_Yellowing
/home/sivabharathi/Documents/FinalYearProject/CocoCare/ml/data/raw/kaggle/WCLWD_Flaccidity/WCLWD_Flaccidity/f_aug_0_3757.jpeg,WCLWD_Flaccidity
/home/sivabharathi/Documents/FinalYearProject/CocoCare/ml/data/raw/kaggle/CCI_Caterpillars/CCI_Caterpillars/CCI_1_130_jpg.rf.e8254634af4ff9a249bd6e60bbff5093.jpg,CCI_Caterpillars
/home/sivabharathi/Documents/FinalYearProject/CocoCare/ml/data/raw/kaggle/WCLWD_Flaccidity/WCLWD_Flaccidity/f_aug_0_9052.jpeg,WCLWD_Flaccidity
/home/sivabharathi/Documents/FinalYearProject/CocoCare/ml/data/raw/kaggle/CCI_Leaflets/CCI_Leaflets/CCI_12__1_260.jpg,CCI_Leaflets
/home/sivabharathi/Documents/FinalYearProject/CocoCare/ml/data/raw/kaggle/WCLWD_Yellowing/WCLWD_Yellowing/f_aug_0_7763.jpeg,WCLWD_Yellowing
/home/sivabharathi/Documents/FinalYearProject/CocoCare/ml/data/raw/kaggle/CCI_Caterpillars/CCI_Caterpillars/CCI_2_96_jpg.rf.b96891435c4268dd1a2f2a0086d4333d.jpg,CCI_Caterpillars
/home/sivabharathi/Documents/FinalYearProject/CocoCare/ml/data/raw/kaggle/WCLWD_DryingofLeaflets/WCLWD_DryingofLeaflets/f_aug_0_1138.jpeg,WCLWD_DryingofLeaflets
/home/sivabharathi/Documents/FinalYearProject/CocoCare/ml/data/raw/kaggle/WCLWD_Yellowing/WCLWD_Yellowing/f_aug_0_6292.jpeg,WCLWD_Yellowing
/home/sivabharathi/Documents/FinalYearProject/CocoCare/ml/data/raw/kaggle/WCLWD_Yellowing/WCLWD_Yellowing/f_aug_0_4093.jpeg,WCLWD_Yellowing
/home/sivabharathi/Documents/FinalYearProject/CocoCare/ml/data/raw/kaggle/CCI_Leaflets/CCI_Leaflets/IMG_2607.JPG,CCI_Leaflets
/home/sivabharathi/Documents/FinalYearProject/CocoCare/ml/data/raw/kaggle/CCI_Leaflets/CCI_Leaflets/CCI_02__1_1620.jpg,CCI_Leaflets
/home/sivabharathi/Documents/FinalYearProject/CocoCare/ml/data/raw/kaggle/CCI_Caterpillars/CCI_Caterpillars/CCI_6_56_jpg.rf.fc1b0a8d7470d205ee5efc06f8d8052c.jpg,CCI_Caterpillars
/home/sivabharathi/Documents/FinalYearProject/CocoCare/ml/data/raw/kaggle/WCLWD_Flaccidity/WCLWD_Flaccidity/f_aug_0_1730.jpeg,WCLWD_Flaccidity
/home/sivabharathi/Documents/FinalYearProject/CocoCare/ml/data/raw/kaggle/CCI_Leaflets/CCI_Leaflets/CCI_01__1_1120.jpg,CCI_Leaflets
/home/sivabharathi/Documents/FinalYearProject/CocoCare/ml/data/raw/kaggle/WCLWD_Flaccidity/WCLWD_Flaccidity/f_aug_0_9201.jpeg,WCLWD_Flaccidity
/home/sivabharathi/Documents/FinalYearProject/CocoCare/ml/data/raw/kaggle/CCI_Leaflets/CCI_Leaflets/CCI_06__1_960.jpg,CCI_Leaflets
/home/sivabharathi/Documents/FinalYearProject/CocoCare/ml/data/raw/kaggle/WCLWD_DryingofLeaflets/WCLWD_DryingofLeaflets/f_aug_0_14.jpeg,WCLWD_DryingofLeaflets
/home/sivabharathi/Documents/FinalYearProject/CocoCare/ml/data/raw/kaggle/WCLWD_Flaccidity/WCLWD_Flaccidity/f_aug_0_1368.jpeg,WCLWD_Flaccidity
/home/sivabharathi/Documents/FinalYearProject/CocoCare/ml/data/raw/kaggle/WCLWD_Flaccidity/WCLWD_Flaccidity/f_aug_0_6677.jpeg,WCLWD_Flaccidity
/home/sivabharathi/Documents/FinalYearProject/CocoCare/ml/data/raw/kaggle/CCI_Caterpillars/CCI_Caterpillars/CCI_10_312_jpg.rf.7f0993b51af124775522ea56d059a549.jpg,CCI_Caterpillars
/home/sivabharathi/Documents/FinalYearProject/CocoCare/ml/data/raw/kaggle/CCI_Leaflets/CCI_Leaflets/IMG_2738.JPG,CCI_Leaflets
/home/sivabharathi/Documents/FinalYearProject/CocoCare/ml/data/raw/kaggle/CCI_Caterpillars/CCI_Caterpillars/CCI_3_175_jpg.rf.dc37da5f2a50a98cff619ed61545d035.jpg,CCI_Caterpillars
/home/sivabharathi/Documents/FinalYearProject/CocoCare/ml/data/raw/kaggle/CCI_Leaflets/CCI_Leaflets/IMG_2689.JPG,CCI_Leaflets
/home/sivabharathi/Documents/FinalYearProject/CocoCare/ml/data/raw/kaggle/CCI_Leaflets/CCI_Leaflets/CCI_09__1_440.jpg,CCI_Leaflets
/home/sivabharathi/Documents/FinalYearProject/CocoCare/ml/data/raw/kaggle/Healthy_Leaves/Healthy_Leaves/Healthy_leaf_113.jpg,Healthy_Leaves
/home/sivabharathi/Documents/FinalYearProject/CocoCare/ml/data/raw/kaggle/CCI_Leaflets/CCI_Leaflets/CCI_07__1_1000.jpg,CCI_Leaflets
/home/sivabharathi/Documents/FinalYearProject/CocoCare/ml/data/raw/kaggle/WCLWD_Flaccidity/WCLWD_Flaccidity/f_aug_0_9340.jpeg,WCLWD_Flaccidity
/home/sivabharathi/Documents/FinalYearProject/CocoCare/ml/data/raw/kaggle/Healthy_Leaves/Healthy_Leaves/Healthy_leaf_32.jpg,Healthy_Leaves
/home/sivabharathi/Documents/FinalYearProject/CocoCare/ml/data/raw/kaggle/WCLWD_Yellowing/WCLWD_Yellowing/f_aug_0_8973.jpeg,WCLWD_Yellowing
/home/sivabharathi/Documents/FinalYearProject/CocoCare/ml/data/raw/kaggle/WCLWD_Yellowing/WCLWD_Yellowing/f_aug_0_4324.jpeg,WCLWD_Yellowing
/home/sivabharathi/Documents/FinalYearProject/CocoCare/ml/data/raw/kaggle/WCLWD_Yellowing/WCLWD_Yellowing/f_aug_0_7290.jpeg,WCLWD_Yellowing
/home/sivabharathi/Documents/FinalYearProject/CocoCare/ml/data/raw/kaggle/CCI_Leaflets/CCI_Leaflets/CCI_02__1_240.jpg,CCI_Leaflets
/home/sivabharathi/Documents/FinalYearProject/CocoCare/ml/data/raw/kaggle/WCLWD_DryingofLeaflets/WCLWD_DryingofLeaflets/f_aug_0_3076.jpeg,WCLWD_DryingofLeaflets
/home/sivabharathi/Documents/FinalYearProject/CocoCare/ml/data/raw/kaggle/WCLWD_Yellowing/WCLWD_Yellowing/f_aug_0_2078.jpeg,WCLWD_Yellowing
/home/sivabharathi/Documents/FinalYearProject/CocoCare/ml/data/raw/kaggle/WCLWD_DryingofLeaflets/WCLWD_DryingofLeaflets/f_aug_0_8458.jpeg,WCLWD_DryingofLeaflets
/home/sivabharathi/Documents/FinalYearProject/CocoCare/ml/data/raw/kaggle/CCI_Caterpillars/CCI_Caterpillars/CCI_12_280_jpg.rf.942249558be5c975de36ba77b42b3c55.jpg,CCI_Caterpillars
/home/sivabharathi/Documents/FinalYearProject/CocoCare/ml/data/raw/kaggle/CCI_Leaflets/CCI_Leaflets/CCI_11__1_680.jpg,CCI_Leaflets
/home/sivabharathi/Documents/FinalYearProject/CocoCare/ml/data/raw/kaggle/WCLWD_DryingofLeaflets/WCLWD_DryingofLeaflets/f_aug_0_1015.jpeg,WCLWD_DryingofLeaflets
/home/sivabharathi/Documents/FinalYearProject/CocoCare/ml/data/raw/kaggle/WCLWD_DryingofLeaflets/WCLWD_DryingofLeaflets/f_aug_0_5421.jpeg,WCLWD_DryingofLeaflets
/home/sivabharathi/Documents/FinalYearProject/CocoCare/ml/data/raw/kaggle/CCI_Caterpillars/CCI_Caterpillars/CCI_10_232_jpg.rf.de9b794ffa95196aa9ba697b506bc648.jpg,CCI_Caterpillars
/home/sivabharathi/Documents/FinalYearProject/CocoCare/ml/data/raw/kaggle/WCLWD_Yellowing/WCLWD_Yellowing/f_aug_0_1053.jpeg,WCLWD_Yellowing
/home/sivabharathi/Documents/FinalYearProject/CocoCare/ml/data/raw/kaggle/WCLWD_DryingofLeaflets/WCLWD_DryingofLeaflets/f_aug_0_8164.jpeg,WCLWD_DryingofLeaflets
/home/sivabharathi/Documents/FinalYearProject/CocoCare/ml/data/raw/kaggle/WCLWD_Flaccidity/WCLWD_Flaccidity/f_aug_0_2377.jpeg,WCLWD_Flaccidity
/home/sivabharathi/Documents/FinalYearProject/CocoCare/ml/data/raw/kaggle/CCI_Leaflets/CCI_Leaflets/CCI_16__1_40.jpg,CCI_Leaflets
/home/sivabharathi/Documents/FinalYearProject/CocoCare/ml/data/raw/kaggle/WCLWD_Yellowing/WCLWD_Yellowing/f_aug_0_2045.jpeg,WCLWD_Yellowing
/home/sivabharathi/Documents/FinalYearProject/CocoCare/ml/data/raw/kaggle/WCLWD_Yellowing/WCLWD_Yellowing/f_aug_0_6559.jpeg,WCLWD_Yellowing
/home/sivabharathi/Documents/FinalYearProject/CocoCare/ml/data/raw/kaggle/WCLWD_Yellowing/WCLWD_Yellowing/f_aug_0_8781.jpeg,WCLWD_Yellowing
/home/sivabharathi/Documents/FinalYearProject/CocoCare/ml/data/raw/kaggle/CCI_Leaflets/CCI_Leaflets/CCI_04__1_480.jpg,CCI_Leaflets
/home/sivabharathi/Documents/FinalYearProject/CocoCare/ml/data/raw/kaggle/WCLWD_Flaccidity/WCLWD_Flaccidity/f_aug_0_46.jpeg,WCLWD_Flaccidity
/home/sivabharathi/Documents/FinalYearProject/CocoCare/ml/data/raw/kaggle/CCI_Leaflets/CCI_Leaflets/CCI_02__1_2120.jpg,CCI_Leaflets
/home/sivabharathi/Documents/FinalYearProject/CocoCare/ml/data/raw/kaggle/CCI_Leaflets/CCI_Leaflets/CCI_14__1_40.jpg,CCI_Leaflets
/home/sivabharathi/Documents/FinalYearProject/CocoCare/ml/data/raw/kaggle/WCLWD_Flaccidity/WCLWD_Flaccidity/f_aug_0_1971.jpeg,WCLWD_Flaccidity
/home/sivabharathi/Documents/FinalYearProject/CocoCare/ml/data/raw/kaggle/CCI_Caterpillars/CCI_Caterpillars/CCI_9_280_jpg.rf.580ac30e324a38357d2d969f23029e97.jpg,CCI_Caterpillars
/home/sivabharathi/Documents/FinalYearProject/CocoCare/ml/data/raw/kaggle/WCLWD_Flaccidity/WCLWD_Flaccidity/f_aug_0_214.jpeg,WCLWD_Flaccidity
/home/sivabharathi/Documents/FinalYearProject/CocoCare/ml/data/raw/kaggle/WCLWD_DryingofLeaflets/WCLWD_DryingofLeaflets/f_aug_0_7782.jpeg,WCLWD_DryingofLeaflets
/home/sivabharathi/Documents/FinalYearProject/CocoCare/ml/data/raw/kaggle/WCLWD_DryingofLeaflets/WCLWD_DryingofLeaflets/f_aug_0_2302.jpeg,WCLWD_DryingofLeaflets
/home/sivabharathi/Documents/FinalYearProject/CocoCare/ml/data/raw/kaggle/WCLWD_DryingofLeaflets/WCLWD_DryingofLeaflets/f_aug_0_4402.jpeg,WCLWD_DryingofLeaflets
/home/sivabharathi/Documents/FinalYearProject/CocoCare/ml/data/raw/kaggle/WCLWD_Flaccidity/WCLWD_Flaccidity/f_aug_0_2789.jpeg,WCLWD_Flaccidity
/home/sivabharathi/Documents/FinalYearProject/CocoCare/ml/data/raw/kaggle/CCI_Caterpillars/CCI_Caterpillars/CCI_7_96_jpg.rf.8b9d0d6cdb58180409450ee9971d73ad.jpg,CCI_Caterpillars
/home/sivabharathi/Documents/FinalYearProject/CocoCare/ml/data/raw/kaggle/WCLWD_Flaccidity/WCLWD_Flaccidity/f_aug_0_4234.jpeg,WCLWD_Flaccidity
/home/sivabharathi/Documents/FinalYearProject/CocoCare/ml/data/raw/kaggle/WCLWD_DryingofLeaflets/WCLWD_DryingofLeaflets/f_aug_0_5608.jpeg,WCLWD_DryingofLeaflets
/home/sivabharathi/Documents/FinalYearProject/CocoCare/ml/data/raw/kaggle/WCLWD_DryingofLeaflets/WCLWD_DryingofLeaflets/f_aug_0_7546.jpeg,WCLWD_DryingofLeaflets
/home/sivabharathi/Documents/FinalYearProject/CocoCare/ml/data/raw/kaggle/WCLWD_DryingofLeaflets/WCLWD_DryingofLeaflets/f_aug_0_5132.jpeg,WCLWD_DryingofLeaflets
/home/sivabharathi/Documents/FinalYearProject/CocoCare/ml/data/raw/kaggle/WCLWD_DryingofLeaflets/WCLWD_DryingofLeaflets/f_aug_0_9656.jpeg,WCLWD_DryingofLeaflets
/home/sivabharathi/Documents/FinalYearProject/CocoCare/ml/data/raw/kaggle/WCLWD_Yellowing/WCLWD_Yellowing/f_aug_0_3042.jpeg,WCLWD_Yellowing
/home/sivabharathi/Documents/FinalYearProject/CocoCare/ml/data/raw/kaggle/WCLWD_Flaccidity/WCLWD_Flaccidity/f_aug_0_2270.jpeg,WCLWD_Flaccidity
/home/sivabharathi/Documents/FinalYearProject/CocoCare/ml/data/raw/kaggle/CCI_Leaflets/CCI_Leaflets/CCI_06__1_1060.jpg,CCI_Leaflets
/home/sivabharathi/Documents/FinalYearProject/CocoCare/ml/data/raw/kaggle/WCLWD_Flaccidity/WCLWD_Flaccidity/f_aug_0_9530.jpeg,WCLWD_Flaccidity
/home/sivabharathi/Documents/FinalYearProject/CocoCare/ml/data/raw/kaggle/CCI_Caterpillars/CCI_Caterpillars/CCI_6_96_jpg.rf.ea9e9a3b68d98b91c304a6ece50cf368.jpg,CCI_Caterpillars
/home/sivabharathi/Documents/FinalYearProject/CocoCare/ml/data/raw/kaggle/CCI_Caterpillars/CCI_Caterpillars/CCI_6_88_jpg.rf.56d8e1ba55c89a5a174cf038a0ba3b29.jpg,CCI_Caterpillars
/home/sivabharathi/Documents/FinalYearProject/CocoCare/ml/data/raw/kaggle/WCLWD_Yellowing/WCLWD_Yellowing/f_aug_0_5011.jpeg,WCLWD_Yellowing
/home/sivabharathi/Documents/FinalYearProject/CocoCare/ml/data/raw/kaggle/CCI_Caterpillars/CCI_Caterpillars/CCI_9_112_jpg.rf.f872a14436c7310f262ddf12a2e5ff0c.jpg,CCI_Caterpillars
/home/sivabharathi/Documents/FinalYearProject/CocoCare/ml/data/raw/kaggle/WCLWD_Flaccidity/WCLWD_Flaccidity/f_aug_0_5592.jpeg,WCLWD_Flaccidity
/home/sivabharathi/Documents/FinalYearProject/CocoCare/ml/data/raw/kaggle/WCLWD_Yellowing/WCLWD_Yellowing/f_aug_0_3313.jpeg,WCLWD_Yellowing
/home/sivabharathi/Documents/FinalYearProject/CocoCare/ml/data/raw/kaggle/WCLWD_DryingofLeaflets/WCLWD_DryingofLeaflets/f_aug_0_3656.jpeg,WCLWD_DryingofLeaflets
/home/sivabharathi/Documents/FinalYearProject/CocoCare/ml/data/raw/kaggle/WCLWD_DryingofLeaflets/WCLWD_DryingofLeaflets/f_aug_0_9773.jpeg,WCLWD_DryingofLeaflets
/home/sivabharathi/Documents/FinalYearProject/CocoCare/ml/data/raw/kaggle/CCI_Caterpillars/CCI_Caterpillars/CCI_11_0_jpg.rf.b961b6b4f495f9b972f0677c3d4393fe.jpg,CCI_Caterpillars
/home/sivabharathi/Documents/FinalYearProject/CocoCare/ml/data/raw/kaggle/Healthy_Leaves/Healthy_Leaves/Healthy_leaf_80.jpg,Healthy_Leaves
/home/sivabharathi/Documents/FinalYearProject/CocoCare/ml/data/raw/kaggle/WCLWD_Flaccidity/WCLWD_Flaccidity/f_aug_0_1667.jpeg,WCLWD_Flaccidity
/home/sivabharathi/Documents/FinalYearProject/CocoCare/ml/data/raw/kaggle/WCLWD_DryingofLeaflets/WCLWD_DryingofLeaflets/f_aug_0_3893.jpeg,WCLWD_DryingofLeaflets
/home/sivabharathi/Documents/FinalYearProject/CocoCare/ml/data/raw/kaggle/WCLWD_Flaccidity/WCLWD_Flaccidity/f_aug_0_6445.jpeg,WCLWD_Flaccidity
/home/sivabharathi/Documents/FinalYearProject/CocoCare/ml/data/raw/kaggle/CCI_Leaflets/CCI_Leaflets/CCI_03__1_80.jpg,CCI_Leaflets
/home/sivabharathi/Documents/FinalYearProject/CocoCare/ml/data/raw/kaggle/WCLWD_DryingofLeaflets/WCLWD_DryingofLeaflets/f_aug_0_7670.jpeg,WCLWD_DryingofLeaflets
/home/sivabharathi/Documents/FinalYearProject/CocoCare/ml/data/raw/kaggle/WCLWD_Flaccidity/WCLWD_Flaccidity/f_aug_0_4019.jpeg,WCLWD_Flaccidity
/home/sivabharathi/Documents/FinalYearProject/CocoCare/ml/data/raw/kaggle/CCI_Leaflets/CCI_Leaflets/IMG_2845.JPG,CCI_Leaflets
/home/sivabharathi/Documents/FinalYearProject/CocoCare/ml/data/raw/kaggle/WCLWD_Yellowing/WCLWD_Yellowing/f_aug_0_9661.jpeg,WCLWD_Yellowing
/home/sivabharathi/Documents/FinalYearProject/CocoCare/ml/data/raw/kaggle/CCI_Leaflets/CCI_Leaflets/CCI_06__1_100.jpg,CCI_Leaflets
/home/sivabharathi/Documents/FinalYearProject/CocoCare/ml/data/raw/kaggle/WCLWD_Yellowing/WCLWD_Yellowing/f_aug_0_4995.jpeg,WCLWD_Yellowing
/home/sivabharathi/Documents/FinalYearProject/CocoCare/ml/data/raw/kaggle/WCLWD_DryingofLeaflets/WCLWD_DryingofLeaflets/f_aug_0_9390.jpeg,WCLWD_DryingofLeaflets
/home/sivabharathi/Documents/FinalYearProject/CocoCare/ml/data/raw/kaggle/WCLWD_DryingofLeaflets/WCLWD_DryingofLeaflets/f_aug_0_8197.jpeg,WCLWD_DryingofLeaflets
/home/sivabharathi/Documents/FinalYearProject/CocoCare/ml/data/raw/kaggle/WCLWD_Yellowing/WCLWD_Yellowing/f_aug_0_5124.jpeg,WCLWD_Yellowing
/home/sivabharathi/Documents/FinalYearProject/CocoCare/ml/data/raw/kaggle/CCI_Caterpillars/CCI_Caterpillars/CCI_8_8_jpg.rf.42340d1f2cd7e6a97b0e1e160ce6fbfd.jpg,CCI_Caterpillars
/home/sivabharathi/Documents/FinalYearProject/CocoCare/ml/data/raw/kaggle/WCLWD_Flaccidity/WCLWD_Flaccidity/f_aug_0_3709.jpeg,WCLWD_Flaccidity
/home/sivabharathi/Documents/FinalYearProject/CocoCare/ml/data/raw/kaggle/CCI_Leaflets/CCI_Leaflets/CCI_12__1_340.jpg,CCI_Leaflets
/home/sivabharathi/Documents/FinalYearProject/CocoCare/ml/data/raw/kaggle/CCI_Caterpillars/CCI_Caterpillars/CCI_8_104_jpg.rf.82c4e9dd5b01d6a6004fca951a48492e.jpg,CCI_Caterpillars
/home/sivabharathi/Documents/FinalYearProject/CocoCare/ml/data/raw/kaggle/CCI_Leaflets/CCI_Leaflets/CCI_08__1_200.jpg,CCI_Leaflets
/home/sivabharathi/Documents/FinalYearProject/CocoCare/ml/data/raw/kaggle/WCLWD_Flaccidity/WCLWD_Flaccidity/f_aug_0_7227.jpeg,WCLWD_Flaccidity
/home/sivabharathi/Documents/FinalYearProject/CocoCare/ml/data/raw/kaggle/CCI_Leaflets/CCI_Leaflets/CCI_01__1_880.jpg,CCI_Leaflets
/home/sivabharathi/Documents/FinalYearProject/CocoCare/ml/data/raw/kaggle/Healthy_Leaves/Healthy_Leaves/Healthy_leaf_26.jpg,Healthy_Leaves
/home/sivabharathi/Documents/FinalYearProject/CocoCare/ml/data/raw/kaggle/WCLWD_Flaccidity/WCLWD_Flaccidity/f_aug_0_7132.jpeg,WCLWD_Flaccidity
/home/sivabharathi/Documents/FinalYearProject/CocoCare/ml/data/raw/kaggle/WCLWD_DryingofLeaflets/WCLWD_DryingofLeaflets/f_aug_0_8756.jpeg,WCLWD_DryingofLeaflets
/home/sivabharathi/Documents/FinalYearProject/CocoCare/ml/data/raw/kaggle/CCI_Caterpillars/CCI_Caterpillars/CCI_2_175_jpg.rf.95ddb13c37d077435b06ad43a389349f.jpg,CCI_Caterpillars
/home/sivabharathi/Documents/FinalYearProject/CocoCare/ml/data/raw/kaggle/CCI_Caterpillars/CCI_Caterpillars/CCI_1_376_jpg.rf.7f7cdeedf1437c5c0e679b8570a0d8cd.jpg,CCI_Caterpillars
/home/sivabharathi/Documents/FinalYearProject/CocoCare/ml/data/raw/kaggle/WCLWD_Yellowing/WCLWD_Yellowing/f_aug_0_4412.jpeg,WCLWD_Yellowing
/home/sivabharathi/Documents/FinalYearProject/CocoCare/ml/data/raw/kaggle/Healthy_Leaves/Healthy_Leaves/Healthy_leaf_14.jpg,Healthy_Leaves
/home/sivabharathi/Documents/FinalYearProject/CocoCare/ml/data/raw/kaggle/WCLWD_Flaccidity/WCLWD_Flaccidity/f_aug_0_8385.jpeg,WCLWD_Flaccidity
/home/sivabharathi/Documents/FinalYearProject/CocoCare/ml/data/raw/kaggle/CCI_Caterpillars/CCI_Caterpillars/CCI_4_112_jpg.rf.4a0d69eca55c7642f23babc88fd16007.jpg,CCI_Caterpillars
/home/sivabharathi/Documents/FinalYearProject/CocoCare/ml/data/raw/kaggle/WCLWD_Flaccidity/WCLWD_Flaccidity/f_aug_0_188.jpeg,WCLWD_Flaccidity
/home/sivabharathi/Documents/FinalYearProject/CocoCare/ml/data/raw/kaggle/CCI_Caterpillars/CCI_Caterpillars/CCI_6_88_jpg.rf.c5b323dbb42cd4ab01e26e98443f84b3.jpg,CCI_Caterpillars
/home/sivabharathi/Documents/FinalYearProject/CocoCare/ml/data/raw/kaggle/CCI_Caterpillars/CCI_Caterpillars/CCI_5_16_jpg.rf.0313e26a82c3bbe46e00f50dc9f99c2a.jpg,CCI_Caterpillars
/home/sivabharathi/Documents/FinalYearProject/CocoCare/ml/data/raw/kaggle/CCI_Caterpillars/CCI_Caterpillars/CCI_3_145_jpg.rf.b990f4474f2d2a47933d2b52a65b7c1d.jpg,CCI_Caterpillars
/home/sivabharathi/Documents/FinalYearProject/CocoCare/ml/data/raw/kaggle/CCI_Leaflets/CCI_Leaflets/CCI_07__1_280.jpg,CCI_Leaflets
/home/sivabharathi/Documents/FinalYearProject/CocoCare/ml/data/raw/kaggle/CCI_Caterpillars/CCI_Caterpillars/CCI_2_65_jpg.rf.2a11ddd5b17da6e63397529a6a9e64b9.jpg,CCI_Caterpillars
/home/sivabharathi/Documents/FinalYearProject/CocoCare/ml/data/raw/kaggle/CCI_Caterpillars/CCI_Caterpillars/CCI_9_88_jpg.rf.e2037cd9bea98614b35702eb55df6b16.jpg,CCI_Caterpillars
/home/sivabharathi/Documents/FinalYearProject/CocoCare/ml/data/raw/kaggle/WCLWD_DryingofLeaflets/WCLWD_DryingofLeaflets/f_aug_0_2867.jpeg,WCLWD_DryingofLeaflets
/home/sivabharathi/Documents/FinalYearProject/CocoCare/ml/data/raw/kaggle/WCLWD_Flaccidity/WCLWD_Flaccidity/f_aug_0_5661.jpeg,WCLWD_Flaccidity
/home/sivabharathi/Documents/FinalYearProject/CocoCare/ml/data/raw/kaggle/WCLWD_DryingofLeaflets/WCLWD_DryingofLeaflets/f_aug_0_3055.jpeg,WCLWD_DryingofLeaflets
/home/sivabharathi/Documents/FinalYearProject/CocoCare/ml/data/raw/kaggle/CCI_Caterpillars/CCI_Caterpillars/CCI_12_160_jpg.rf.88436982297b9741758336a616f86db5.jpg,CCI_Caterpillars
/home/sivabharathi/Documents/FinalYearProject/CocoCare/ml/data/raw/kaggle/WCLWD_DryingofLeaflets/WCLWD_DryingofLeaflets/f_aug_0_750.jpeg,WCLWD_DryingofLeaflets
/home/sivabharathi/Documents/FinalYearProject/CocoCare/ml/data/raw/kaggle/WCLWD_Flaccidity/WCLWD_Flaccidity/f_aug_0_5501.jpeg,WCLWD_Flaccidity
/home/sivabharathi/Documents/FinalYearProject/CocoCare/ml/data/raw/kaggle/WCLWD_DryingofLeaflets/WCLWD_DryingofLeaflets/f_aug_0_9461.jpeg,WCLWD_DryingofLeaflets
/home/sivabharathi/Documents/FinalYearProject/CocoCare/ml/data/raw/kaggle/CCI_Leaflets/CCI_Leaflets/IMG_2800.JPG,CCI_Leaflets
/home/sivabharathi/Documents/FinalYearProject/CocoCare/ml/data/raw/kaggle/WCLWD_DryingofLeaflets/WCLWD_DryingofLeaflets/f_aug_0_4382.jpeg,WCLWD_DryingofLeaflets
/home/sivabharathi/Documents/FinalYearProject/CocoCare/ml/data/raw/kaggle/WCLWD_Flaccidity/WCLWD_Flaccidity/f_aug_0_2917.jpeg,WCLWD_Flaccidity
/home/sivabharathi/Documents/FinalYearProject/CocoCare/ml/data/raw/kaggle/CCI_Caterpillars/CCI_Caterpillars/CCI_3_55_jpg.rf.2cf8ac3ec13efe34f88552f01b64d465.jpg,CCI_Caterpillars
/home/sivabharathi/Documents/FinalYearProject/CocoCare/ml/data/raw/kaggle/CCI_Caterpillars/CCI_Caterpillars/CCI_3_90_jpg.rf.8c4cb1ad9415a297e49341eba5761b9b.jpg,CCI_Caterpillars
/home/sivabharathi/Documents/FinalYearProject/CocoCare/ml/data/raw/kaggle/CCI_Leaflets/CCI_Leaflets/IMG_2806.JPG,CCI_Leaflets
/home/sivabharathi/Documents/FinalYearProject/CocoCare/ml/data/raw/kaggle/WCLWD_DryingofLeaflets/WCLWD_DryingofLeaflets/f_aug_0_8438.jpeg,WCLWD_DryingofLeaflets
/home/sivabharathi/Documents/FinalYearProject/CocoCare/ml/data/raw/kaggle/CCI_Caterpillars/CCI_Caterpillars/CCI_7_64_jpg.rf.f66aadf94c75125c539f771af2aa2a11.jpg,CCI_Caterpillars
/home/sivabharathi/Documents/FinalYearProject/CocoCare/ml/data/raw/kaggle/WCLWD_DryingofLeaflets/WCLWD_DryingofLeaflets/f_aug_0_908.jpeg,WCLWD_DryingofLeaflets
/home/sivabharathi/Documents/FinalYearProject/CocoCare/ml/data/raw/kaggle/WCLWD_Flaccidity/WCLWD_Flaccidity/f_aug_0_1486.jpeg,WCLWD_Flaccidity
/home/sivabharathi/Documents/FinalYearProject/CocoCare/ml/data/raw/kaggle/WCLWD_Yellowing/WCLWD_Yellowing/f_aug_0_5368.jpeg,WCLWD_Yellowing
/home/sivabharathi/Documents/FinalYearProject/CocoCare/ml/data/raw/kaggle/CCI_Leaflets/CCI_Leaflets/IMG_2591.JPG,CCI_Leaflets
/home/sivabharathi/Documents/FinalYearProject/CocoCare/ml/data/raw/kaggle/WCLWD_Flaccidity/WCLWD_Flaccidity/f_aug_0_6078.jpeg,WCLWD_Flaccidity
/home/sivabharathi/Documents/FinalYearProject/CocoCare/ml/data/raw/kaggle/WCLWD_Flaccidity/WCLWD_Flaccidity/f_aug_0_1736.jpeg,WCLWD_Flaccidity
/home/sivabharathi/Documents/FinalYearProject/CocoCare/ml/data/raw/kaggle/WCLWD_DryingofLeaflets/WCLWD_DryingofLeaflets/f_aug_0_7344.jpeg,WCLWD_DryingofLeaflets
/home/sivabharathi/Documents/FinalYearProject/CocoCare/ml/data/raw/kaggle/CCI_Caterpillars/CCI_Caterpillars/CCI_3_95_jpg.rf.b58436c0bda8ca742299ed85f1d5f9c6.jpg,CCI_Caterpillars
/home/sivabharathi/Documents/FinalYearProject/CocoCare/ml/data/raw/kaggle/CCI_Caterpillars/CCI_Caterpillars/CCI_3_0_jpg.rf.ce2ac9b892057c1d01cc2ab0b469fbf0.jpg,CCI_Caterpillars
/home/sivabharathi/Documents/FinalYearProject/CocoCare/ml/data/raw/kaggle/WCLWD_DryingofLeaflets/WCLWD_DryingofLeaflets/f_aug_0_875.jpeg,WCLWD_DryingofLeaflets
/home/sivabharathi/Documents/FinalYearProject/CocoCare/ml/data/raw/kaggle/WCLWD_Yellowing/WCLWD_Yellowing/f_aug_0_2924.jpeg,WCLWD_Yellowing
/home/sivabharathi/Documents/FinalYearProject/CocoCare/ml/data/raw/kaggle/WCLWD_DryingofLeaflets/WCLWD_DryingofLeaflets/f_aug_0_5319.jpeg,WCLWD_DryingofLeaflets
/home/sivabharathi/Documents/FinalYearProject/CocoCare/ml/data/raw/kaggle/WCLWD_Yellowing/WCLWD_Yellowing/f_aug_0_6610.jpeg,WCLWD_Yellowing
/home/sivabharathi/Documents/FinalYearProject/CocoCare/ml/data/raw/kaggle/WCLWD_DryingofLeaflets/WCLWD_DryingofLeaflets/f_aug_0_8039.jpeg,WCLWD_DryingofLeaflets
/home/sivabharathi/Documents/FinalYearProject/CocoCare/ml/data/raw/kaggle/WCLWD_Flaccidity/WCLWD_Flaccidity/f_aug_0_3341.jpeg,WCLWD_Flaccidity
/home/sivabharathi/Documents/FinalYearProject/CocoCare/ml/data/raw/kaggle/WCLWD_Yellowing/WCLWD_Yellowing/f_aug_0_5523.jpeg,WCLWD_Yellowing
/home/sivabharathi/Documents/FinalYearProject/CocoCare/ml/data/raw/kaggle/CCI_Caterpillars/CCI_Caterpillars/CCI_5_280_jpg.rf.5184f85d898475be511d50701be1f69d.jpg,CCI_Caterpillars
/home/sivabharathi/Documents/FinalYearProject/CocoCare/ml/data/raw/kaggle/WCLWD_Yellowing/WCLWD_Yellowing/f_aug_0_9706.jpeg,WCLWD_Yellowing
/home/sivabharathi/Documents/FinalYearProject/CocoCare/ml/data/raw/kaggle/WCLWD_DryingofLeaflets/WCLWD_DryingofLeaflets/f_aug_0_1629.jpeg,WCLWD_DryingofLeaflets
/home/sivabharathi/Documents/FinalYearProject/CocoCare/ml/data/raw/kaggle/WCLWD_Flaccidity/WCLWD_Flaccidity/f_aug_0_6279.jpeg,WCLWD_Flaccidity
/home/sivabharathi/Documents/FinalYearProject/CocoCare/ml/data/raw/kaggle/CCI_Caterpillars/CCI_Caterpillars/CCI_1_300_jpg.rf.cab39140ee214354cd38fc1e62397875.jpg,CCI_Caterpillars
/home/sivabharathi/Documents/FinalYearProject/CocoCare/ml/data/raw/kaggle/WCLWD_Flaccidity/WCLWD_Flaccidity/f_aug_0_1575.jpeg,WCLWD_Flaccidity
/home/sivabharathi/Documents/FinalYearProject/CocoCare/ml/data/raw/kaggle/CCI_Caterpillars/CCI_Caterpillars/CCI_2_205_jpg.rf.27aed022d44f8179a319ce893302baa3.jpg,CCI_Caterpillars
/home/sivabharathi/Documents/FinalYearProject/CocoCare/ml/data/raw/kaggle/CCI_Leaflets/CCI_Leaflets/IMG_2779.JPG,CCI_Leaflets
/home/sivabharathi/Documents/FinalYearProject/CocoCare/ml/data/raw/kaggle/WCLWD_DryingofLeaflets/WCLWD_DryingofLeaflets/f_aug_0_9014.jpeg,WCLWD_DryingofLeaflets
/home/sivabharathi/Documents/FinalYearProject/CocoCare/ml/data/raw/kaggle/WCLWD_Yellowing/WCLWD_Yellowing/f_aug_0_5586.jpeg,WCLWD_Yellowing
/home/sivabharathi/Documents/FinalYearProject/CocoCare/ml/data/raw/kaggle/WCLWD_DryingofLeaflets/WCLWD_DryingofLeaflets/f_aug_0_4523.jpeg,WCLWD_DryingofLeaflets
/home/sivabharathi/Documents/FinalYearProject/CocoCare/ml/data/raw/kaggle/CCI_Leaflets/CCI_Leaflets/CCI_15__1_740.jpg,CCI_Leaflets
/home/sivabharathi/Documents/FinalYearProject/CocoCare/ml/data/raw/kaggle/WCLWD_DryingofLeaflets/WCLWD_DryingofLeaflets/f_aug_0_2788.jpeg,WCLWD_DryingofLeaflets
/home/sivabharathi/Documents/FinalYearProject/CocoCare/ml/data/raw/kaggle/WCLWD_DryingofLeaflets/WCLWD_DryingofLeaflets/f_aug_0_5100.jpeg,WCLWD_DryingofLeaflets
/home/sivabharathi/Documents/FinalYearProject/CocoCare/ml/data/raw/kaggle/CCI_Leaflets/CCI_Leaflets/CCI_07__1_260.jpg,CCI_Leaflets
/home/sivabharathi/Documents/FinalYearProject/CocoCare/ml/data/raw/kaggle/WCLWD_Flaccidity/WCLWD_Flaccidity/f_aug_0_5134.jpeg,WCLWD_Flaccidity
/home/sivabharathi/Documents/FinalYearProject/CocoCare/ml/data/raw/kaggle/WCLWD_DryingofLeaflets/WCLWD_DryingofLeaflets/f_aug_0_3812.jpeg,WCLWD_DryingofLeaflets
/home/sivabharathi/Documents/FinalYearProject/CocoCare/ml/data/raw/kaggle/CCI_Leaflets/CCI_Leaflets/IMG_2656.JPG,CCI_Leaflets
/home/sivabharathi/Documents/FinalYearProject/CocoCare/ml/data/raw/kaggle/WCLWD_Flaccidity/WCLWD_Flaccidity/f_aug_0_5928.jpeg,WCLWD_Flaccidity
/home/sivabharathi/Documents/FinalYearProject/CocoCare/ml/data/raw/kaggle/WCLWD_DryingofLeaflets/WCLWD_DryingofLeaflets/f_aug_0_5822.jpeg,WCLWD_DryingofLeaflets
/home/sivabharathi/Documents/FinalYearProject/CocoCare/ml/data/raw/kaggle/WCLWD_DryingofLeaflets/WCLWD_DryingofLeaflets/f_aug_0_6248.jpeg,WCLWD_DryingofLeaflets
/home/sivabharathi/Documents/FinalYearProject/CocoCare/ml/data/raw/kaggle/WCLWD_DryingofLeaflets/WCLWD_DryingofLeaflets/f_aug_0_8965.jpeg,WCLWD_DryingofLeaflets
/home/sivabharathi/Documents/FinalYearProject/CocoCare/ml/data/raw/kaggle/WCLWD_Yellowing/WCLWD_Yellowing/f_aug_0_6893.jpeg,WCLWD_Yellowing
/home/sivabharathi/Documents/FinalYearProject/CocoCare/ml/data/raw/kaggle/WCLWD_DryingofLeaflets/WCLWD_DryingofLeaflets/f_aug_0_1509.jpeg,WCLWD_DryingofLeaflets
/home/sivabharathi/Documents/FinalYearProject/CocoCare/ml/data/raw/kaggle/CCI_Caterpillars/CCI_Caterpillars/CCI_11_232_jpg.rf.512de7fe7529ceec202ad923871b1b19.jpg,CCI_Caterpillars
/home/sivabharathi/Documents/FinalYearProject/CocoCare/ml/data/raw/kaggle/WCLWD_DryingofLeaflets/WCLWD_DryingofLeaflets/f_aug_0_779.jpeg,WCLWD_DryingofLeaflets
/home/sivabharathi/Documents/FinalYearProject/CocoCare/ml/data/raw/kaggle/WCLWD_Flaccidity/WCLWD_Flaccidity/f_aug_0_9310.jpeg,WCLWD_Flaccidity
/home/sivabharathi/Documents/FinalYearProject/CocoCare/ml/data/raw/kaggle/WCLWD_DryingofLeaflets/WCLWD_DryingofLeaflets/f_aug_0_9224.jpeg,WCLWD_DryingofLeaflets
/home/sivabharathi/Documents/FinalYearProject/CocoCare/ml/data/raw/kaggle/CCI_Caterpillars/CCI_Caterpillars/CCI_7_96_jpg.rf.3ffa0cb666a40566a56e43769ea8f9bd.jpg,CCI_Caterpillars
/home/sivabharathi/Documents/FinalYearProject/CocoCare/ml/data/raw/kaggle/WCLWD_Yellowing/WCLWD_Yellowing/f_aug_0_6581.jpeg,WCLWD_Yellowing
/home/sivabharathi/Documents/FinalYearProject/CocoCare/ml/data/raw/kaggle/CCI_Leaflets/CCI_Leaflets/CCI_15__1_1260.jpg,CCI_Leaflets
/home/sivabharathi/Documents/FinalYearProject/CocoCare/ml/data/raw/kaggle/Healthy_Leaves/Healthy_Leaves/Healthy_leaf_6.jpg,Healthy_Leaves
/home/sivabharathi/Documents/FinalYearProject/CocoCare/ml/data/raw/kaggle/CCI_Caterpillars/CCI_Caterpillars/CCI_1_28_jpg.rf.26787f6af1d051f94fdc0483571f739a.jpg,CCI_Caterpillars
/home/sivabharathi/Documents/FinalYearProject/CocoCare/ml/data/raw/kaggle/WCLWD_Flaccidity/WCLWD_Flaccidity/f_aug_0_8154.jpeg,WCLWD_Flaccidity
/home/sivabharathi/Documents/FinalYearProject/CocoCare/ml/data/raw/kaggle/WCLWD_Flaccidity/WCLWD_Flaccidity/f_aug_0_9224.jpeg,WCLWD_Flaccidity
/home/sivabharathi/Documents/FinalYearProject/CocoCare/ml/data/raw/kaggle/CCI_Caterpillars/CCI_Caterpillars/CCI_1_185_jpg.rf.bae4c6b9f28d23926db15ab10a6aaab6.jpg,CCI_Caterpillars
/home/sivabharathi/Documents/FinalYearProject/CocoCare/ml/data/raw/kaggle/WCLWD_DryingofLeaflets/WCLWD_DryingofLeaflets/f_aug_0_8208.jpeg,WCLWD_DryingofLeaflets
/home/sivabharathi/Documents/FinalYearProject/CocoCare/ml/data/raw/kaggle/WCLWD_Yellowing/WCLWD_Yellowing/f_aug_0_8904.jpeg,WCLWD_Yellowing
/home/sivabharathi/Documents/FinalYearProject/CocoCare/ml/data/raw/kaggle/WCLWD_DryingofLeaflets/WCLWD_DryingofLeaflets/f_aug_0_8653.jpeg,WCLWD_DryingofLeaflets
/home/sivabharathi/Documents/FinalYearProject/CocoCare/ml/data/raw/kaggle/WCLWD_DryingofLeaflets/WCLWD_DryingofLeaflets/f_aug_0_4189.jpeg,WCLWD_DryingofLeaflets
/home/sivabharathi/Documents/FinalYearProject/CocoCare/ml/data/raw/kaggle/WCLWD_Yellowing/WCLWD_Yellowing/f_aug_0_5463.jpeg,WCLWD_Yellowing
/home/sivabharathi/Documents/FinalYearProject/CocoCare/ml/data/raw/kaggle/CCI_Caterpillars/CCI_Caterpillars/CCI_2_55_jpg.rf.c27ed89ee559fa8a4f7e878219b6ced4.jpg,CCI_Caterpillars
/home/sivabharathi/Documents/FinalYearProject/CocoCare/ml/data/raw/kaggle/CCI_Caterpillars/CCI_Caterpillars/CCI_6_136_jpg.rf.840c6835324b0238473baf82047c8126.jpg,CCI_Caterpillars
/home/sivabharathi/Documents/FinalYearProject/CocoCare/ml/data/raw/kaggle/WCLWD_Flaccidity/WCLWD_Flaccidity/f_aug_0_4168.jpeg,WCLWD_Flaccidity
/home/sivabharathi/Documents/FinalYearProject/CocoCare/ml/data/raw/kaggle/CCI_Leaflets/CCI_Leaflets/IMG_2814.JPG,CCI_Leaflets
/home/sivabharathi/Documents/FinalYearProject/CocoCare/ml/data/raw/kaggle/WCLWD_Yellowing/WCLWD_Yellowing/f_aug_0_9984.jpeg,WCLWD_Yellowing
/home/sivabharathi/Documents/FinalYearProject/CocoCare/ml/data/raw/kaggle/CCI_Caterpillars/CCI_Caterpillars/CCI_2_230_jpg.rf.020aed93b141e26126392ac5ac596726.jpg,CCI_Caterpillars
/home/sivabharathi/Documents/FinalYearProject/CocoCare/ml/data/raw/kaggle/WCLWD_Flaccidity/WCLWD_Flaccidity/f_aug_0_5481.jpeg,WCLWD_Flaccidity
/home/sivabharathi/Documents/FinalYearProject/CocoCare/ml/data/raw/kaggle/WCLWD_Yellowing/WCLWD_Yellowing/f_aug_0_7216.jpeg,WCLWD_Yellowing
/home/sivabharathi/Documents/FinalYearProject/CocoCare/ml/data/raw/kaggle/WCLWD_DryingofLeaflets/WCLWD_DryingofLeaflets/f_aug_0_641.jpeg,WCLWD_DryingofLeaflets
/home/sivabharathi/Documents/FinalYearProject/CocoCare/ml/data/raw/kaggle/WCLWD_Yellowing/WCLWD_Yellowing/f_aug_0_1906.jpeg,WCLWD_Yellowing
/home/sivabharathi/Documents/FinalYearProject/CocoCare/ml/data/raw/kaggle/WCLWD_DryingofLeaflets/WCLWD_DryingofLeaflets/f_aug_0_5553.jpeg,WCLWD_DryingofLeaflets
/home/sivabharathi/Documents/FinalYearProject/CocoCare/ml/data/raw/kaggle/CCI_Leaflets/CCI_Leaflets/IMG_2725.JPG,CCI_Leaflets
/home/sivabharathi/Documents/FinalYearProject/CocoCare/ml/data/raw/kaggle/WCLWD_Flaccidity/WCLWD_Flaccidity/f_aug_0_5386.jpeg,WCLWD_Flaccidity
/home/sivabharathi/Documents/FinalYearProject/CocoCare/ml/data/raw/kaggle/CCI_Leaflets/CCI_Leaflets/CCI_02__1_1560.jpg,CCI_Leaflets
/home/sivabharathi/Documents/FinalYearProject/CocoCare/ml/data/raw/kaggle/CCI_Caterpillars/CCI_Caterpillars/CCI_2_112_jpg.rf.9cb0c377b0df7d5c3a35ea932b4c167c.jpg,CCI_Caterpillars
/home/sivabharathi/Documents/FinalYearProject/CocoCare/ml/data/raw/kaggle/CCI_Caterpillars/CCI_Caterpillars/CCI_2_328_jpg.rf.0d391b5bf29db3a72358a4f7f4b34a5a.jpg,CCI_Caterpillars
/home/sivabharathi/Documents/FinalYearProject/CocoCare/ml/data/raw/kaggle/CCI_Caterpillars/CCI_Caterpillars/CCI_9_416_jpg.rf.5e999711a5061788b1868c5f5479ff86.jpg,CCI_Caterpillars
/home/sivabharathi/Documents/FinalYearProject/CocoCare/ml/data/raw/kaggle/WCLWD_DryingofLeaflets/WCLWD_DryingofLeaflets/f_aug_0_2763.jpeg,WCLWD_DryingofLeaflets
/home/sivabharathi/Documents/FinalYearProject/CocoCare/ml/data/raw/kaggle/CCI_Caterpillars/CCI_Caterpillars/CCI_1_374_jpg.rf.ba9c7e8b4c634b928de3bccdb31b843a.jpg,CCI_Caterpillars
/home/sivabharathi/Documents/FinalYearProject/CocoCare/ml/data/raw/kaggle/Healthy_Leaves/Healthy_Leaves/Healthy_leaf_106.jpg,Healthy_Leaves
/home/sivabharathi/Documents/FinalYearProject/CocoCare/ml/data/raw/kaggle/WCLWD_Yellowing/WCLWD_Yellowing/f_aug_0_3233.jpeg,WCLWD_Yellowing
/home/sivabharathi/Documents/FinalYearProject/CocoCare/ml/data/raw/kaggle/CCI_Leaflets/CCI_Leaflets/CCI_16__1_540.jpg,CCI_Leaflets
/home/sivabharathi/Documents/FinalYearProject/CocoCare/ml/data/raw/kaggle/WCLWD_Flaccidity/WCLWD_Flaccidity/f_aug_0_9256.jpeg,WCLWD_Flaccidity
/home/sivabharathi/Documents/FinalYearProject/CocoCare/ml/data/raw/kaggle/WCLWD_Flaccidity/WCLWD_Flaccidity/f_aug_0_8751.jpeg,WCLWD_Flaccidity
/home/sivabharathi/Documents/FinalYearProject/CocoCare/ml/data/raw/kaggle/WCLWD_Yellowing/WCLWD_Yellowing/f_aug_0_6524.jpeg,WCLWD_Yellowing
/home/sivabharathi/Documents/FinalYearProject/CocoCare/ml/data/raw/kaggle/CCI_Leaflets/CCI_Leaflets/CCI_13__1_0.jpg,CCI_Leaflets
/home/sivabharathi/Documents/FinalYearProject/CocoCare/ml/data/raw/kaggle/CCI_Leaflets/CCI_Leaflets/IMG_2757.JPG,CCI_Leaflets
/home/sivabharathi/Documents/FinalYearProject/CocoCare/ml/data/raw/kaggle/WCLWD_Flaccidity/WCLWD_Flaccidity/f_aug_0_4640.jpeg,WCLWD_Flaccidity
/home/sivabharathi/Documents/FinalYearProject/CocoCare/ml/data/raw/kaggle/WCLWD_Yellowing/WCLWD_Yellowing/f_aug_0_145.jpeg,WCLWD_Yellowing
/home/sivabharathi/Documents/FinalYearProject/CocoCare/ml/data/raw/kaggle/Healthy_Leaves/Healthy_Leaves/Healthy_leaf_67.jpg,Healthy_Leaves
/home/sivabharathi/Documents/FinalYearProject/CocoCare/ml/data/raw/kaggle/CCI_Leaflets/CCI_Leaflets/CCI_02__1_2300.jpg,CCI_Leaflets
/home/sivabharathi/Documents/FinalYearProject/CocoCare/ml/data/raw/kaggle/CCI_Leaflets/CCI_Leaflets/CCI_04__1_1080.jpg,CCI_Leaflets
/home/sivabharathi/Documents/FinalYearProject/CocoCare/ml/data/raw/kaggle/WCLWD_Yellowing/WCLWD_Yellowing/f_aug_0_7068.jpeg,WCLWD_Yellowing
/home/sivabharathi/Documents/FinalYearProject/CocoCare/ml/data/raw/kaggle/CCI_Caterpillars/CCI_Caterpillars/CCI_9_56_jpg.rf.2a78eff0b457cb95249f7e222e65b2ba.jpg,CCI_Caterpillars
/home/sivabharathi/Documents/FinalYearProject/CocoCare/ml/data/raw/kaggle/WCLWD_Yellowing/WCLWD_Yellowing/f_aug_0_3757.jpeg,WCLWD_Yellowing
/home/sivabharathi/Documents/FinalYearProject/CocoCare/ml/data/raw/kaggle/WCLWD_DryingofLeaflets/WCLWD_DryingofLeaflets/f_aug_0_133.jpeg,WCLWD_DryingofLeaflets
/home/sivabharathi/Documents/FinalYearProject/CocoCare/ml/data/raw/kaggle/WCLWD_Flaccidity/WCLWD_Flaccidity/f_aug_0_2074.jpeg,WCLWD_Flaccidity
/home/sivabharathi/Documents/FinalYearProject/CocoCare/ml/data/raw/kaggle/CCI_Leaflets/CCI_Leaflets/CCI_02__1_20.jpg,CCI_Leaflets
/home/sivabharathi/Documents/FinalYearProject/CocoCare/ml/data/raw/kaggle/WCLWD_DryingofLeaflets/WCLWD_DryingofLeaflets/f_aug_0_3672.jpeg,WCLWD_DryingofLeaflets
/home/sivabharathi/Documents/FinalYearProject/CocoCare/ml/data/raw/kaggle/WCLWD_Flaccidity/WCLWD_Flaccidity/f_aug_0_7858.jpeg,WCLWD_Flaccidity
/home/sivabharathi/Documents/FinalYearProject/CocoCare/ml/data/raw/kaggle/WCLWD_DryingofLeaflets/WCLWD_DryingofLeaflets/f_aug_0_2188.jpeg,WCLWD_DryingofLeaflets
/home/sivabharathi/Documents/FinalYearProject/CocoCare/ml/data/raw/kaggle/CCI_Caterpillars/CCI_Caterpillars/CCI_3_180_jpg.rf.799f6a9bf0b28cbd40d3e657826bc891.jpg,CCI_Caterpillars
/home/sivabharathi/Documents/FinalYearProject/CocoCare/ml/data/raw/kaggle/WCLWD_DryingofLeaflets/WCLWD_DryingofLeaflets/f_aug_0_6003.jpeg,WCLWD_DryingofLeaflets
/home/sivabharathi/Documents/FinalYearProject/CocoCare/ml/data/raw/kaggle/CCI_Leaflets/CCI_Leaflets/CCI_11__1_120.jpg,CCI_Leaflets
/home/sivabharathi/Documents/FinalYearProject/CocoCare/ml/data/raw/kaggle/CCI_Leaflets/CCI_Leaflets/CCI_05__1_740.jpg,CCI_Leaflets
/home/sivabharathi/Documents/FinalYearProject/CocoCare/ml/data/raw/kaggle/CCI_Caterpillars/CCI_Caterpillars/CCI_9_88_jpg.rf.396b9a4f2310e4154d86a4aa88a98957.jpg,CCI_Caterpillars
/home/sivabharathi/Documents/FinalYearProject/CocoCare/ml/data/raw/kaggle/CCI_Caterpillars/CCI_Caterpillars/CCI_9_0_jpg.rf.6f9718e65128d18c08c6bf612456cd23.jpg,CCI_Caterpillars
/home/sivabharathi/Documents/FinalYearProject/CocoCare/ml/data/raw/kaggle/WCLWD_DryingofLeaflets/WCLWD_DryingofLeaflets/f_aug_0_2882.jpeg,WCLWD_DryingofLeaflets
/home/sivabharathi/Documents/FinalYearProject/CocoCare/ml/data/raw/kaggle/Healthy_Leaves/Healthy_Leaves/Healthy_leaf_76.jpg,Healthy_Leaves
/home/sivabharathi/Documents/FinalYearProject/CocoCare/ml/data/raw/kaggle/CCI_Caterpillars/CCI_Caterpillars/CCI_1_130_jpg.rf.380b8d0f819b4176ba75989c7f64ade4.jpg,CCI_Caterpillars
/home/sivabharathi/Documents/FinalYearProject/CocoCare/ml/data/raw/kaggle/WCLWD_Flaccidity/WCLWD_Flaccidity/f_aug_0_4834.jpeg,WCLWD_Flaccidity
/home/sivabharathi/Documents/FinalYearProject/CocoCare/ml/data/raw/kaggle/WCLWD_Flaccidity/WCLWD_Flaccidity/f_aug_0_5699.jpeg,WCLWD_Flaccidity
/home/sivabharathi/Documents/FinalYearProject/CocoCare/ml/data/raw/kaggle/WCLWD_DryingofLeaflets/WCLWD_DryingofLeaflets/f_aug_0_5209.jpeg,WCLWD_DryingofLeaflets
/home/sivabharathi/Documents/FinalYearProject/CocoCare/ml/data/raw/kaggle/CCI_Caterpillars/CCI_Caterpillars/CCI_1_526_jpg.rf.4965f63dae7fe47cbf55f1c1296195b3.jpg,CCI_Caterpillars
/home/sivabharathi/Documents/FinalYearProject/CocoCare/ml/data/raw/kaggle/WCLWD_Yellowing/WCLWD_Yellowing/f_aug_0_6012.jpeg,WCLWD_Yellowing
/home/sivabharathi/Documents/FinalYearProject/CocoCare/ml/data/raw/kaggle/WCLWD_DryingofLeaflets/WCLWD_DryingofLeaflets/f_aug_0_7673.jpeg,WCLWD_DryingofLeaflets
/home/sivabharathi/Documents/FinalYearProject/CocoCare/ml/data/raw/kaggle/CCI_Caterpillars/CCI_Caterpillars/CCI_9_424_jpg.rf.a59d39290f1b92d15297c2958db49625.jpg,CCI_Caterpillars
/home/sivabharathi/Documents/FinalYearProject/CocoCare/ml/data/raw/kaggle/WCLWD_Yellowing/WCLWD_Yellowing/f_aug_0_607.jpeg,WCLWD_Yellowing
/home/sivabharathi/Documents/FinalYearProject/CocoCare/ml/data/raw/kaggle/CCI_Caterpillars/CCI_Caterpillars/CCI_2_200_jpg.rf.3e9ea86bda51528344fc4b814754b703.jpg,CCI_Caterpillars
/home/sivabharathi/Documents/FinalYearProject/CocoCare/ml/data/raw/kaggle/WCLWD_Flaccidity/WCLWD_Flaccidity/f_aug_0_187.jpeg,WCLWD_Flaccidity
/home/sivabharathi/Documents/FinalYearProject/CocoCare/ml/data/raw/kaggle/WCLWD_Flaccidity/WCLWD_Flaccidity/f_aug_0_1773.jpeg,WCLWD_Flaccidity
/home/sivabharathi/Documents/FinalYearProject/CocoCare/ml/data/raw/kaggle/WCLWD_DryingofLeaflets/WCLWD_DryingofLeaflets/f_aug_0_6229.jpeg,WCLWD_DryingofLeaflets
/home/sivabharathi/Documents/FinalYearProject/CocoCare/ml/data/raw/kaggle/WCLWD_Yellowing/WCLWD_Yellowing/f_aug_0_5281.jpeg,WCLWD_Yellowing
/home/sivabharathi/Documents/FinalYearProject/CocoCare/ml/data/raw/kaggle/CCI_Caterpillars/CCI_Caterpillars/CCI_9_8_jpg.rf.b011da41ad33a1aa19b85a83f2c6647c.jpg,CCI_Caterpillars
/home/sivabharathi/Documents/FinalYearProject/CocoCare/ml/data/raw/kaggle/CCI_Caterpillars/CCI_Caterpillars/CCI_4_104_jpg.rf.85eb4a916eec1bdab53f120e9dc84fe1.jpg,CCI_Caterpillars
/home/sivabharathi/Documents/FinalYearProject/CocoCare/ml/data/raw/kaggle/CCI_Leaflets/CCI_Leaflets/IMG_2677.JPG,CCI_Leaflets
/home/sivabharathi/Documents/FinalYearProject/CocoCare/ml/data/raw/kaggle/CCI_Caterpillars/CCI_Caterpillars/CCI_5_312_jpg.rf.4ab027772d61daf261814c8d0ab4a8ee.jpg,CCI_Caterpillars
/home/sivabharathi/Documents/FinalYearProject/CocoCare/ml/data/raw/kaggle/WCLWD_Yellowing/WCLWD_Yellowing/f_aug_0_346.jpeg,WCLWD_Yellowing
/home/sivabharathi/Documents/FinalYearProject/CocoCare/ml/data/raw/kaggle/WCLWD_Flaccidity/WCLWD_Flaccidity/f_aug_0_7273.jpeg,WCLWD_Flaccidity
/home/sivabharathi/Documents/FinalYearProject/CocoCare/ml/data/raw/kaggle/WCLWD_Yellowing/WCLWD_Yellowing/f_aug_0_1370.jpeg,WCLWD_Yellowing
/home/sivabharathi/Documents/FinalYearProject/CocoCare/ml/data/raw/kaggle/WCLWD_DryingofLeaflets/WCLWD_DryingofLeaflets/f_aug_0_990.jpeg,WCLWD_DryingofLeaflets
/home/sivabharathi/Documents/FinalYearProject/CocoCare/ml/data/raw/kaggle/CCI_Leaflets/CCI_Leaflets/CCI_14__1_120.jpg,CCI_Leaflets
/home/sivabharathi/Documents/FinalYearProject/CocoCare/ml/data/raw/kaggle/CCI_Leaflets/CCI_Leaflets/CCI_10__1_600.jpg,CCI_Leaflets
/home/sivabharathi/Documents/FinalYearProject/CocoCare/ml/data/raw/kaggle/CCI_Caterpillars/CCI_Caterpillars/CCI_2_140_jpg.rf.20257d084ebdd94dc94026cff2c89410.jpg,CCI_Caterpillars
/home/sivabharathi/Documents/FinalYearProject/CocoCare/ml/data/raw/kaggle/WCLWD_Yellowing/WCLWD_Yellowing/f_aug_0_4329.jpeg,WCLWD_Yellowing
/home/sivabharathi/Documents/FinalYearProject/CocoCare/ml/data/raw/kaggle/WCLWD_Yellowing/WCLWD_Yellowing/f_aug_0_3348.jpeg,WCLWD_Yellowing
/home/sivabharathi/Documents/FinalYearProject/CocoCare/ml/data/raw/kaggle/WCLWD_Yellowing/WCLWD_Yellowing/f_aug_0_9712.jpeg,WCLWD_Yellowing
/home/sivabharathi/Documents/FinalYearProject/CocoCare/ml/data/raw/kaggle/CCI_Leaflets/CCI_Leaflets/IMG_2633.JPG,CCI_Leaflets
/home/sivabharathi/Documents/FinalYearProject/CocoCare/ml/data/raw/kaggle/Healthy_Leaves/Healthy_Leaves/Healthy_leaf_8.jpg,Healthy_Leaves
/home/sivabharathi/Documents/FinalYearProject/CocoCare/ml/data/raw/kaggle/CCI_Leaflets/CCI_Leaflets/CCI_15__1_240.jpg,CCI_Leaflets
/home/sivabharathi/Documents/FinalYearProject/CocoCare/ml/data/raw/kaggle/WCLWD_Yellowing/WCLWD_Yellowing/f_aug_0_2518.jpeg,WCLWD_Yellowing
/home/sivabharathi/Documents/FinalYearProject/CocoCare/ml/data/raw/kaggle/WCLWD_Flaccidity/WCLWD_Flaccidity/f_aug_0_5019.jpeg,WCLWD_Flaccidity
/home/sivabharathi/Documents/FinalYearProject/CocoCare/ml/data/raw/kaggle/WCLWD_Flaccidity/WCLWD_Flaccidity/f_aug_0_1283.jpeg,WCLWD_Flaccidity
/home/sivabharathi/Documents/FinalYearProject/CocoCare/ml/data/raw/kaggle/WCLWD_Yellowing/WCLWD_Yellowing/f_aug_0_581.jpeg,WCLWD_Yellowing
/home/sivabharathi/Documents/FinalYearProject/CocoCare/ml/data/raw/kaggle/Healthy_Leaves/Healthy_Leaves/Healthy_leaf_61.jpg,Healthy_Leaves
/home/sivabharathi/Documents/FinalYearProject/CocoCare/ml/data/raw/kaggle/WCLWD_DryingofLeaflets/WCLWD_DryingofLeaflets/f_aug_0_3847.jpeg,WCLWD_DryingofLeaflets
/home/sivabharathi/Documents/FinalYearProject/CocoCare/ml/data/raw/kaggle/WCLWD_Yellowing/WCLWD_Yellowing/f_aug_0_1120.jpeg,WCLWD_Yellowing
/home/sivabharathi/Documents/FinalYearProject/CocoCare/ml/data/raw/kaggle/CCI_Caterpillars/CCI_Caterpillars/CCI_1_544_jpg.rf.a616f126846b8196803cb95c6da79b8d.jpg,CCI_Caterpillars
/home/sivabharathi/Documents/FinalYearProject/CocoCare/ml/data/raw/kaggle/WCLWD_Flaccidity/WCLWD_Flaccidity/f_aug_0_6089.jpeg,WCLWD_Flaccidity
/home/sivabharathi/Documents/FinalYearProject/CocoCare/ml/data/raw/kaggle/WCLWD_Flaccidity/WCLWD_Flaccidity/f_aug_0_9832.jpeg,WCLWD_Flaccidity
/home/sivabharathi/Documents/FinalYearProject/CocoCare/ml/data/raw/kaggle/WCLWD_DryingofLeaflets/WCLWD_DryingofLeaflets/f_aug_0_614.jpeg,WCLWD_DryingofLeaflets
/home/sivabharathi/Documents/FinalYearProject/CocoCare/ml/data/raw/kaggle/WCLWD_Flaccidity/WCLWD_Flaccidity/f_aug_0_2242.jpeg,WCLWD_Flaccidity
/home/sivabharathi/Documents/FinalYearProject/CocoCare/ml/data/raw/kaggle/WCLWD_Yellowing/WCLWD_Yellowing/f_aug_0_6182.jpeg,WCLWD_Yellowing
/home/sivabharathi/Documents/FinalYearProject/CocoCare/ml/data/raw/kaggle/CCI_Caterpillars/CCI_Caterpillars/CCI_2_336_jpg.rf.0261beeab45f29ddab4b09a182bca2dc.jpg,CCI_Caterpillars
/home/sivabharathi/Documents/FinalYearProject/CocoCare/ml/data/raw/kaggle/WCLWD_Yellowing/WCLWD_Yellowing/f_aug_0_2118.jpeg,WCLWD_Yellowing
/home/sivabharathi/Documents/FinalYearProject/CocoCare/ml/data/raw/kaggle/CCI_Caterpillars/CCI_Caterpillars/CCI_9_424_jpg.rf.72364ebabbb6e3e944fc7c1331ba2d11.jpg,CCI_Caterpillars
/home/sivabharathi/Documents/FinalYearProject/CocoCare/ml/data/raw/kaggle/CCI_Caterpillars/CCI_Caterpillars/CCI_5_320_jpg.rf.f8a8d4d3bac934913a622a0b803e26cd.jpg,CCI_Caterpillars
/home/sivabharathi/Documents/FinalYearProject/CocoCare/ml/data/raw/kaggle/CCI_Leaflets/CCI_Leaflets/IMG_2748.JPG,CCI_Leaflets
/home/sivabharathi/Documents/FinalYearProject/CocoCare/ml/data/raw/kaggle/WCLWD_Yellowing/WCLWD_Yellowing/f_aug_0_5819.jpeg,WCLWD_Yellowing
/home/sivabharathi/Documents/FinalYearProject/CocoCare/ml/data/raw/kaggle/WCLWD_Flaccidity/WCLWD_Flaccidity/f_aug_0_2836.jpeg,WCLWD_Flaccidity
/home/sivabharathi/Documents/FinalYearProject/CocoCare/ml/data/raw/kaggle/CCI_Caterpillars/CCI_Caterpillars/CCI_12_256_jpg.rf.c108299329018e10d836cea1d5113c6d.jpg,CCI_Caterpillars
/home/sivabharathi/Documents/FinalYearProject/CocoCare/ml/data/raw/kaggle/CCI_Leaflets/CCI_Leaflets/CCI_02__1_2000.jpg,CCI_Leaflets
/home/sivabharathi/Documents/FinalYearProject/CocoCare/ml/data/raw/kaggle/WCLWD_Flaccidity/WCLWD_Flaccidity/f_aug_0_5891.jpeg,WCLWD_Flaccidity
/home/sivabharathi/Documents/FinalYearProject/CocoCare/ml/data/raw/kaggle/WCLWD_Flaccidity/WCLWD_Flaccidity/f_aug_0_4220.jpeg,WCLWD_Flaccidity
/home/sivabharathi/Documents/FinalYearProject/CocoCare/ml/data/raw/kaggle/WCLWD_Flaccidity/WCLWD_Flaccidity/f_aug_0_294.jpeg,WCLWD_Flaccidity
/home/sivabharathi/Documents/FinalYearProject/CocoCare/ml/data/raw/kaggle/WCLWD_Yellowing/WCLWD_Yellowing/f_aug_0_4996.jpeg,WCLWD_Yellowing
/home/sivabharathi/Documents/FinalYearProject/CocoCare/ml/data/raw/kaggle/CCI_Caterpillars/CCI_Caterpillars/CCI_11_280_jpg.rf.f212f8de801168a18cc5072f4dd9b190.jpg,CCI_Caterpillars
/home/sivabharathi/Documents/FinalYearProject/CocoCare/ml/data/raw/kaggle/WCLWD_DryingofLeaflets/WCLWD_DryingofLeaflets/f_aug_0_3246.jpeg,WCLWD_DryingofLeaflets
/home/sivabharathi/Documents/FinalYearProject/CocoCare/ml/data/raw/kaggle/CCI_Leaflets/CCI_Leaflets/CCI_03__1_160.jpg,CCI_Leaflets
/home/sivabharathi/Documents/FinalYearProject/CocoCare/ml/data/raw/kaggle/CCI_Leaflets/CCI_Leaflets/CCI_15__1_820.jpg,CCI_Leaflets
/home/sivabharathi/Documents/FinalYearProject/CocoCare/ml/data/raw/kaggle/WCLWD_Yellowing/WCLWD_Yellowing/f_aug_0_4599.jpeg,WCLWD_Yellowing
/home/sivabharathi/Documents/FinalYearProject/CocoCare/ml/data/raw/kaggle/WCLWD_DryingofLeaflets/WCLWD_DryingofLeaflets/f_aug_0_5105.jpeg,WCLWD_DryingofLeaflets
/home/sivabharathi/Documents/FinalYearProject/CocoCare/ml/data/raw/kaggle/WCLWD_DryingofLeaflets/WCLWD_DryingofLeaflets/f_aug_0_6531.jpeg,WCLWD_DryingofLeaflets
/home/sivabharathi/Documents/FinalYearProject/CocoCare/ml/data/raw/kaggle/WCLWD_DryingofLeaflets/WCLWD_DryingofLeaflets/f_aug_0_2921.jpeg,WCLWD_DryingofLeaflets
/home/sivabharathi/Documents/FinalYearProject/CocoCare/ml/data/raw/kaggle/WCLWD_Flaccidity/WCLWD_Flaccidity/f_aug_0_2056.jpeg,WCLWD_Flaccidity
/home/sivabharathi/Documents/FinalYearProject/CocoCare/ml/data/raw/kaggle/CCI_Leaflets/CCI_Leaflets/CCI_12__1_100.jpg,CCI_Leaflets
/home/sivabharathi/Documents/FinalYearProject/CocoCare/ml/data/raw/kaggle/WCLWD_Flaccidity/WCLWD_Flaccidity/f_aug_0_788.jpeg,WCLWD_Flaccidity
/home/sivabharathi/Documents/FinalYearProject/CocoCare/ml/data/raw/kaggle/WCLWD_DryingofLeaflets/WCLWD_DryingofLeaflets/f_aug_0_5145.jpeg,WCLWD_DryingofLeaflets
/home/sivabharathi/Documents/FinalYearProject/CocoCare/ml/data/raw/kaggle/WCLWD_Flaccidity/WCLWD_Flaccidity/f_aug_0_9331.jpeg,WCLWD_Flaccidity
/home/sivabharathi/Documents/FinalYearProject/CocoCare/ml/data/raw/kaggle/Healthy_Leaves/Healthy_Leaves/Healthy_leaf_115.jpg,Healthy_Leaves
/home/sivabharathi/Documents/FinalYearProject/CocoCare/ml/data/raw/kaggle/Healthy_Leaves/Healthy_Leaves/Healthy_leaf_41.jpg,Healthy_Leaves
/home/sivabharathi/Documents/FinalYearProject/CocoCare/ml/data/raw/kaggle/WCLWD_Yellowing/WCLWD_Yellowing/f_aug_0_7104.jpeg,WCLWD_Yellowing
/home/sivabharathi/Documents/FinalYearProject/CocoCare/ml/data/raw/kaggle/CCI_Leaflets/CCI_Leaflets/CCI_02__1_620.jpg,CCI_Leaflets
/home/sivabharathi/Documents/FinalYearProject/CocoCare/ml/data/raw/kaggle/WCLWD_Yellowing/WCLWD_Yellowing/f_aug_0_5738.jpeg,WCLWD_Yellowing
/home/sivabharathi/Documents/FinalYearProject/CocoCare/ml/data/raw/kaggle/CCI_Caterpillars/CCI_Caterpillars/CCI_7_112_jpg.rf.4562a316d3f43ef9e94b4d924780b8bf.jpg,CCI_Caterpillars
/home/sivabharathi/Documents/FinalYearProject/CocoCare/ml/data/raw/kaggle/Healthy_Leaves/Healthy_Leaves/Healthy_leaf_44.jpg,Healthy_Leaves
/home/sivabharathi/Documents/FinalYearProject/CocoCare/ml/data/raw/kaggle/WCLWD_Flaccidity/WCLWD_Flaccidity/DSC_0066.JPG,WCLWD_Flaccidity
/home/sivabharathi/Documents/FinalYearProject/CocoCare/ml/data/raw/kaggle/WCLWD_Yellowing/WCLWD_Yellowing/f_aug_0_1674.jpeg,WCLWD_Yellowing
/home/sivabharathi/Documents/FinalYearProject/CocoCare/ml/data/raw/kaggle/WCLWD_Flaccidity/WCLWD_Flaccidity/f_aug_0_8466.jpeg,WCLWD_Flaccidity
/home/sivabharathi/Documents/FinalYearProject/CocoCare/ml/data/raw/kaggle/WCLWD_Yellowing/WCLWD_Yellowing/f_aug_0_3594.jpeg,WCLWD_Yellowing
/home/sivabharathi/Documents/FinalYearProject/CocoCare/ml/data/raw/kaggle/WCLWD_Yellowing/WCLWD_Yellowing/f_aug_0_9968.jpeg,WCLWD_Yellowing
/home/sivabharathi/Documents/FinalYearProject/CocoCare/ml/data/raw/kaggle/WCLWD_Yellowing/WCLWD_Yellowing/f_aug_0_2041.jpeg,WCLWD_Yellowing
/home/sivabharathi/Documents/FinalYearProject/CocoCare/ml/data/raw/kaggle/CCI_Caterpillars/CCI_Caterpillars/CCI_1_50_jpg.rf.646e254b0e358d587714f9229161f429.jpg,CCI_Caterpillars
/home/sivabharathi/Documents/FinalYearProject/CocoCare/ml/data/raw/kaggle/WCLWD_Yellowing/WCLWD_Yellowing/f_aug_0_2358.jpeg,WCLWD_Yellowing
/home/sivabharathi/Documents/FinalYearProject/CocoCare/ml/data/raw/kaggle/WCLWD_DryingofLeaflets/WCLWD_DryingofLeaflets/f_aug_0_2013.jpeg,WCLWD_DryingofLeaflets
/home/sivabharathi/Documents/FinalYearProject/CocoCare/ml/data/raw/kaggle/CCI_Leaflets/CCI_Leaflets/CCI_07__1_460.jpg,CCI_Leaflets
/home/sivabharathi/Documents/FinalYearProject/CocoCare/ml/data/raw/kaggle/WCLWD_Flaccidity/WCLWD_Flaccidity/f_aug_0_6938.jpeg,WCLWD_Flaccidity
/home/sivabharathi/Documents/FinalYearProject/CocoCare/ml/data/raw/kaggle/WCLWD_Yellowing/WCLWD_Yellowing/f_aug_0_6970.jpeg,WCLWD_Yellowing
/home/sivabharathi/Documents/FinalYearProject/CocoCare/ml/data/raw/kaggle/CCI_Leaflets/CCI_Leaflets/IMG_2670.JPG,CCI_Leaflets
/home/sivabharathi/Documents/FinalYearProject/CocoCare/ml/data/raw/kaggle/CCI_Caterpillars/CCI_Caterpillars/CCI_11_376_jpg.rf.ed76c9a5d0baabf0f290aba0956ff8a8.jpg,CCI_Caterpillars
/home/sivabharathi/Documents/FinalYearProject/CocoCare/ml/data/raw/kaggle/WCLWD_DryingofLeaflets/WCLWD_DryingofLeaflets/f_aug_0_4939.jpeg,WCLWD_DryingofLeaflets
/home/sivabharathi/Documents/FinalYearProject/CocoCare/ml/data/raw/kaggle/CCI_Caterpillars/CCI_Caterpillars/CCI_11_240_jpg.rf.91b15fd47632af2ae772a9f0ab01d914.jpg,CCI_Caterpillars
/home/sivabharathi/Documents/FinalYearProject/CocoCare/ml/data/raw/kaggle/CCI_Leaflets/CCI_Leaflets/CCI_05__1_0.jpg,CCI_Leaflets
/home/sivabharathi/Documents/FinalYearProject/CocoCare/ml/data/raw/kaggle/WCLWD_DryingofLeaflets/WCLWD_DryingofLeaflets/f_aug_0_7976.jpeg,WCLWD_DryingofLeaflets
/home/sivabharathi/Documents/FinalYearProject/CocoCare/ml/data/raw/kaggle/CCI_Caterpillars/CCI_Caterpillars/CCI_1_280_jpg.rf.438350d67b3a091e51a00f1adbc64232.jpg,CCI_Caterpillars
/home/sivabharathi/Documents/FinalYearProject/CocoCare/ml/data/raw/kaggle/CCI_Leaflets/CCI_Leaflets/CCI_12__1_920.jpg,CCI_Leaflets
/home/sivabharathi/Documents/FinalYearProject/CocoCare/ml/data/raw/kaggle/WCLWD_DryingofLeaflets/WCLWD_DryingofLeaflets/f_aug_0_6070.jpeg,WCLWD_DryingofLeaflets
/home/sivabharathi/Documents/FinalYearProject/CocoCare/ml/data/raw/kaggle/WCLWD_Yellowing/WCLWD_Yellowing/f_aug_0_7513.jpeg,WCLWD_Yellowing
/home/sivabharathi/Documents/FinalYearProject/CocoCare/ml/data/raw/kaggle/WCLWD_Yellowing/WCLWD_Yellowing/f_aug_0_6453.jpeg,WCLWD_Yellowing
/home/sivabharathi/Documents/FinalYearProject/CocoCare/ml/data/raw/kaggle/CCI_Leaflets/CCI_Leaflets/IMG_2731.JPG,CCI_Leaflets
/home/sivabharathi/Documents/FinalYearProject/CocoCare/ml/data/raw/kaggle/WCLWD_Yellowing/WCLWD_Yellowing/f_aug_0_3149.jpeg,WCLWD_Yellowing
/home/sivabharathi/Documents/FinalYearProject/CocoCare/ml/data/raw/kaggle/WCLWD_Flaccidity/WCLWD_Flaccidity/f_aug_0_8097.jpeg,WCLWD_Flaccidity
/home/sivabharathi/Documents/FinalYearProject/CocoCare/ml/data/raw/kaggle/WCLWD_DryingofLeaflets/WCLWD_DryingofLeaflets/f_aug_0_6696.jpeg,WCLWD_DryingofLeaflets
/home/sivabharathi/Documents/FinalYearProject/CocoCare/ml/data/raw/kaggle/CCI_Caterpillars/CCI_Caterpillars/CCI_5_272_jpg.rf.59664e5eff4caf3394109d55597c5f4f.jpg,CCI_Caterpillars
/home/sivabharathi/Documents/FinalYearProject/CocoCare/ml/data/raw/kaggle/WCLWD_DryingofLeaflets/WCLWD_DryingofLeaflets/f_aug_0_3879.jpeg,WCLWD_DryingofLeaflets
/home/sivabharathi/Documents/FinalYearProject/CocoCare/ml/data/raw/kaggle/Healthy_Leaves/Healthy_Leaves/Healthy_leaf_66.jpg,Healthy_Leaves
/home/sivabharathi/Documents/FinalYearProject/CocoCare/ml/data/raw/kaggle/WCLWD_DryingofLeaflets/WCLWD_DryingofLeaflets/f_aug_0_4802.jpeg,WCLWD_DryingofLeaflets
/home/sivabharathi/Documents/FinalYearProject/CocoCare/ml/data/raw/kaggle/CCI_Leaflets/CCI_Leaflets/IMG_2736.JPG,CCI_Leaflets
/home/sivabharathi/Documents/FinalYearProject/CocoCare/ml/data/raw/kaggle/CCI_Caterpillars/CCI_Caterpillars/CCI_3_160_jpg.rf.dd913a3fdb3603ab621dd27db23625f8.jpg,CCI_Caterpillars
/home/sivabharathi/Documents/FinalYearProject/CocoCare/ml/data/raw/kaggle/CCI_Caterpillars/CCI_Caterpillars/CCI_6_64_jpg.rf.2e71264207622fdefd033cfece2535aa.jpg,CCI_Caterpillars
/home/sivabharathi/Documents/FinalYearProject/CocoCare/ml/data/raw/kaggle/CCI_Caterpillars/CCI_Caterpillars/CCI_6_16_jpg.rf.8230684204d5743b74863d98c5212239.jpg,CCI_Caterpillars
/home/sivabharathi/Documents/FinalYearProject/CocoCare/ml/data/raw/kaggle/CCI_Caterpillars/CCI_Caterpillars/CCI_3_40_jpg.rf.0f2db98d84b5bee343b03ba7f0cf72e2.jpg,CCI_Caterpillars
/home/sivabharathi/Documents/FinalYearProject/CocoCare/ml/data/raw/kaggle/CCI_Leaflets/CCI_Leaflets/CCI_12__1_0.jpg,CCI_Leaflets
/home/sivabharathi/Documents/FinalYearProject/CocoCare/ml/data/raw/kaggle/CCI_Caterpillars/CCI_Caterpillars/CCI_2_205_jpg.rf.02384435e9cb41deb805a3224bee8c3d.jpg,CCI_Caterpillars
/home/sivabharathi/Documents/FinalYearProject/CocoCare/ml/data/raw/kaggle/CCI_Caterpillars/CCI_Caterpillars/CCI_5_184_jpg.rf.5140a03fb9b5a2778eb32729462985d7.jpg,CCI_Caterpillars
/home/sivabharathi/Documents/FinalYearProject/CocoCare/ml/data/raw/kaggle/WCLWD_DryingofLeaflets/WCLWD_DryingofLeaflets/f_aug_0_8858.jpeg,WCLWD_DryingofLeaflets
/home/sivabharathi/Documents/FinalYearProject/CocoCare/ml/data/raw/kaggle/WCLWD_Yellowing/WCLWD_Yellowing/f_aug_0_7524.jpeg,WCLWD_Yellowing
/home/sivabharathi/Documents/FinalYearProject/CocoCare/ml/data/raw/kaggle/CCI_Caterpillars/CCI_Caterpillars/CCI_7_144_jpg.rf.7142fa5a9df96594a652e30f13f03843.jpg,CCI_Caterpillars
/home/sivabharathi/Documents/FinalYearProject/CocoCare/ml/data/raw/kaggle/WCLWD_DryingofLeaflets/WCLWD_DryingofLeaflets/f_aug_0_7604.jpeg,WCLWD_DryingofLeaflets
/home/sivabharathi/Documents/FinalYearProject/CocoCare/ml/data/raw/kaggle/CCI_Leaflets/CCI_Leaflets/IMG_2542.JPG,CCI_Leaflets
/home/sivabharathi/Documents/FinalYearProject/CocoCare/ml/data/raw/kaggle/WCLWD_Flaccidity/WCLWD_Flaccidity/f_aug_0_4540.jpeg,WCLWD_Flaccidity
/home/sivabharathi/Documents/FinalYearProject/CocoCare/ml/data/raw/kaggle/WCLWD_Flaccidity/WCLWD_Flaccidity/f_aug_0_909.jpeg,WCLWD_Flaccidity
/home/sivabharathi/Documents/FinalYearProject/CocoCare/ml/data/raw/kaggle/WCLWD_Yellowing/WCLWD_Yellowing/f_aug_0_9620.jpeg,WCLWD_Yellowing
/home/sivabharathi/Documents/FinalYearProject/CocoCare/ml/data/raw/kaggle/WCLWD_Flaccidity/WCLWD_Flaccidity/f_aug_0_9109.jpeg,WCLWD_Flaccidity
/home/sivabharathi/Documents/FinalYearProject/CocoCare/ml/data/raw/kaggle/WCLWD_Yellowing/WCLWD_Yellowing/f_aug_0_3987.jpeg,WCLWD_Yellowing
/home/sivabharathi/Documents/FinalYearProject/CocoCare/ml/data/raw/kaggle/WCLWD_Flaccidity/WCLWD_Flaccidity/f_aug_0_9454.jpeg,WCLWD_Flaccidity
/home/sivabharathi/Documents/FinalYearProject/CocoCare/ml/data/raw/kaggle/CCI_Caterpillars/CCI_Caterpillars/CCI_9_360_jpg.rf.a170fb6712c7fdd22994e3f5645dfd22.jpg,CCI_Caterpillars
/home/sivabharathi/Documents/FinalYearProject/CocoCare/ml/data/raw/kaggle/CCI_Leaflets/CCI_Leaflets/CCI_08__1_460.jpg,CCI_Leaflets
/home/sivabharathi/Documents/FinalYearProject/CocoCare/ml/data/raw/kaggle/WCLWD_Yellowing/WCLWD_Yellowing/f_aug_0_4562.jpeg,WCLWD_Yellowing
/home/sivabharathi/Documents/FinalYearProject/CocoCare/ml/data/raw/kaggle/WCLWD_Yellowing/WCLWD_Yellowing/f_aug_0_8724.jpeg,WCLWD_Yellowing
/home/sivabharathi/Documents/FinalYearProject/CocoCare/ml/data/raw/kaggle/WCLWD_Flaccidity/WCLWD_Flaccidity/f_aug_0_6425.jpeg,WCLWD_Flaccidity
/home/sivabharathi/Documents/FinalYearProject/CocoCare/ml/data/raw/kaggle/WCLWD_DryingofLeaflets/WCLWD_DryingofLeaflets/f_aug_0_9329.jpeg,WCLWD_DryingofLeaflets
/home/sivabharathi/Documents/FinalYearProject/CocoCare/ml/data/raw/kaggle/Healthy_Leaves/Healthy_Leaves/Healthy_leaf_70.jpg,Healthy_Leaves
/home/sivabharathi/Documents/FinalYearProject/CocoCare/ml/data/raw/kaggle/WCLWD_Yellowing/WCLWD_Yellowing/f_aug_0_2662.jpeg,WCLWD_Yellowing
/home/sivabharathi/Documents/FinalYearProject/CocoCare/ml/data/raw/kaggle/WCLWD_DryingofLeaflets/WCLWD_DryingofLeaflets/f_aug_0_2536.jpeg,WCLWD_DryingofLeaflets
/home/sivabharathi/Documents/FinalYearProject/CocoCare/ml/data/raw/kaggle/CCI_Caterpillars/CCI_Caterpillars/CCI_9_184_jpg.rf.3bff530f18986fd62bb74b5aec2c3af0.jpg,CCI_Caterpillars
/home/sivabharathi/Documents/FinalYearProject/CocoCare/ml/data/raw/kaggle/WCLWD_Yellowing/WCLWD_Yellowing/f_aug_0_3896.jpeg,WCLWD_Yellowing
/home/sivabharathi/Documents/FinalYearProject/CocoCare/ml/data/raw/kaggle/CCI_Leaflets/CCI_Leaflets/CCI_07__1_620.jpg,CCI_Leaflets
/home/sivabharathi/Documents/FinalYearProject/CocoCare/ml/data/raw/kaggle/CCI_Leaflets/CCI_Leaflets/CCI_03__1_320.jpg,CCI_Leaflets
/home/sivabharathi/Documents/FinalYearProject/CocoCare/ml/data/raw/kaggle/WCLWD_Yellowing/WCLWD_Yellowing/f_aug_0_3086.jpeg,WCLWD_Yellowing
/home/sivabharathi/Documents/FinalYearProject/CocoCare/ml/data/raw/kaggle/WCLWD_Yellowing/WCLWD_Yellowing/f_aug_0_189.jpeg,WCLWD_Yellowing
/home/sivabharathi/Documents/FinalYearProject/CocoCare/ml/data/raw/kaggle/WCLWD_DryingofLeaflets/WCLWD_DryingofLeaflets/f_aug_0_5249.jpeg,WCLWD_DryingofLeaflets
/home/sivabharathi/Documents/FinalYearProject/CocoCare/ml/data/raw/kaggle/WCLWD_Flaccidity/WCLWD_Flaccidity/f_aug_0_989.jpeg,WCLWD_Flaccidity
/home/sivabharathi/Documents/FinalYearProject/CocoCare/ml/data/raw/kaggle/WCLWD_DryingofLeaflets/WCLWD_DryingofLeaflets/f_aug_0_8626.jpeg,WCLWD_DryingofLeaflets
/home/sivabharathi/Documents/FinalYearProject/CocoCare/ml/data/raw/kaggle/Healthy_Leaves/Healthy_Leaves/Healthy_leaf_95.jpg,Healthy_Leaves
/home/sivabharathi/Documents/FinalYearProject/CocoCare/ml/data/raw/kaggle/CCI_Leaflets/CCI_Leaflets/IMG_2832.JPG,CCI_Leaflets
/home/sivabharathi/Documents/FinalYearProject/CocoCare/ml/data/raw/kaggle/WCLWD_DryingofLeaflets/WCLWD_DryingofLeaflets/f_aug_0_6964.jpeg,WCLWD_DryingofLeaflets
/home/sivabharathi/Documents/FinalYearProject/CocoCare/ml/data/raw/kaggle/WCLWD_Flaccidity/WCLWD_Flaccidity/f_aug_0_2405.jpeg,WCLWD_Flaccidity
/home/sivabharathi/Documents/FinalYearProject/CocoCare/ml/data/raw/kaggle/CCI_Leaflets/CCI_Leaflets/CCI_13__1_760.jpg,CCI_Leaflets
/home/sivabharathi/Documents/FinalYearProject/CocoCare/ml/data/raw/kaggle/WCLWD_Yellowing/WCLWD_Yellowing/f_aug_0_8000.jpeg,WCLWD_Yellowing
/home/sivabharathi/Documents/FinalYearProject/CocoCare/ml/data/raw/kaggle/WCLWD_DryingofLeaflets/WCLWD_DryingofLeaflets/f_aug_0_3681.jpeg,WCLWD_DryingofLeaflets
